id,source_category,text
0,/boards/forums/stigma.54/,"Our new stigma research looks at diabetes stigma at scale across the UK. With blame, shame and stigma staggeringly high across type 1 diabetes and type 2 diabetes – what can be done to tackle it? There’s an article following publication of a new survey here: 86% of people with type 1 and 75% of people with type 2 experience judgement for their condition Nobody should experience judgment or blame because of a health condition. But our new survey, conducted by YouGov and kindly funded by Abbott shows almost 9 in 10 people with type 1 diabetes and 7 in 10 people with type 2 diabetes experience blame and judgement for their condition. www.diabetes.org.uk And the 2025 Diabetes UK Position Statement on Stigma is here"
1,/boards/forums/stigma.54/,"Well done @everydayups and downs, for bringing this to everyone's attention. For what it is worth  here is my experience and opinion. There is a T2DM crisis and the NHS is struggling to cope with it. It seems to me that the Department of Health and the NHS bureaucracy are using ""nudge techniques"" to get every one to change their behaviour. What better way of doing this than blaming being overweight or obese for your contracting T2DM. The deadly diabetes grim reaper will come for you if you don't lose weight. I believe that the stigma which diabetics feel is applied to them is connected to the distress that many new members to this forum write about. Anyone who is overweight is a likely candidate for diabetes so avoid eating sweets, biscuits, potato chips and croissants and everything will be OK. Well it won't be ok, contracting diabetes is a complex issue concerning age, genetics, exercise and other criteria not just being overweight. So how do you ""nudge"" people into rejuvenating themselves or changing their genetic make up, to reduce the incidence of T2DM? You can't, so blame being overweight. It is time that the Department of Health and the media wake up to the fact that stigmatising people does not help. The public need genuine facts to make their health judgements not public relations blandishments. It is true that a fair proportion of diabetics were overweight, whatever that means, when they were diagnosed, but a small proportion of diabetics were underweight. Does it mean, however, that people who are underweight are condemned to contract diabetes? Is there stigma against light people too? It is clear that ""nudging"" people to lose weight is not working as T2DM has almost become an epidemic. Perhaps a new approach is needed. The ""nudge"" campaign to get people to stop smoking worked and it helped to reduce lung cancer and other respiratory problems, but it was clear to most people that smoking was directly related to lung cancer and the evidence was overwhelming. There is no clear cut single cause of diabetes, so why blame being overweight alone? The NHS is full of hardworking and qualified staff,  and my life was saved by some of them when I contracted a lung abscess which was fully resolved by antibiotics. The treatment for diabetes is entirely different, as there is no magic wand that can be waved either to prevent diabetes or to cure it. It is down to wise decision making about diet, exercise and medication. Unfortunately, the NHS doctors are run off their feet and many of them have been poorly trained to meet the needs of their patients. It is not just a case of everyone losing weight and everything will be ok. Take my own case, when I contracted T2DM I was not overweight and I exercised every day. I did more than my fair share of walking and running. I still got diabetes, probably and primarily because of my age,73, and genetics. Diabetes runs in my family so many of us have the genes that predispose us to diabetes, when we get to a certain age, and some of us do not have the genes that protect us. Should we be blamed for being old or having ""weak"" genes? Many, many people who are overweight do not contract diabetes  because they have a physique which does not lend itself to poor regulation of blood sugar. To get to remission I have had to take drastic measures to control my diet and exercise routines, and I have had to lose weight and reduce my waist measurement. Perhaps, continuously, and all of my life, being 62kg with a waist measurement of 80 cm and with a BMI of 19.6  would have prevented me from becoming a diabetic, but the result would have been the same: I would have been on a continuous low carb diet and exercising by walking 10 km per day, just as I  am now. It is a bitter irony. Lots of the health professional I have met have considered me to be too thin and they think I should put a bit of weight on; just in case I contract an abscess again or cancer and I need an operation. I am afraid that they cannot have their"" low-weight patient"" cake and eat it. I debated with the doctors whether it was the abscess that brought on my  full diabetes or whether the the diabetes caused the abscess. Some of them believed the diabetes damaged my immune system; it was blame diabetes again. Luckily, my GP is not part of the blame culture. Of course, being overweight is problematic for younger people and it contributes to their demise. However, where is the stigma against the ultra high processed foods and the advertising which encourages over indulgence? Where is the stigma against the Forever Chemicals which are polluting the whole of our environment and which are increasingly being seen as being another causative factor of T2DM? Society must stop the blame culture and stop insulting people who are overweight by calling them obese, and stop blaming diabetics for being overweight. None of this stigma is helping anybody and it leads to stress which exacerbates the condition even more. It is very difficult living with the physical effects of diabetes and regulating the condition, but sometimes it is more difficult dealing with the mental effects. No more stigma please, hard working NHS staff are run off their feet and do not have time to treat you as an individual rather than a stigmatised member of an overweight herd."
2,/boards/forums/stigma.54/,"Thank you @everydayupsanddowns for sharing this and Diabetes UK for producing it. I am a little concerned that the example given of stigma for someone with Type 1 is about treating a hypo with chocolate which is something we are told NOT to do as it does not work fast enough. I know the article/statement is not an educational aid but as it comes from the prominent diabetes charity in the UK, others may take it as such. On the plus side, I applaud the idea of educating people through story telling. It is great when the likes of James Norton, Chris Pennel and others tell their stories. I think we need more people in the public eye to share their stories. And that should include stories about people with type 2 as well as Type 1."
3,/boards/forums/stigma.54/,"I wholeheartedly agree with you. It is also down to all of us to spread the word. I tell people about my experiences with T2DM if the they want to listen and now I am no longer worrying about the stigma related to the condition which I have experienced too. It is important not to be frightened of stigma and speak our minds: 2 of my friends, who are not overweight, but over 50 got themselves tested after listening to my T2DM diagnosis and treatment and both of them discovered they were pre-diabetic, 1 of them is taking action to improve his diet and exercise. The other is not but that is his choice and who am I to criticise or stigmatise him for it, but no doubt the facts will eventually pay dividends for him."
4,/boards/forums/stigma.54/,"everydayupsanddowns said: Our new stigma research looks at diabetes stigma at scale across the UK. With blame, shame and stigma staggeringly high across type 1 diabetes and type 2 diabetes – what can be done to tackle it? There’s an article following publication of a new survey here: 86% of people with type 1 and 75% of people with type 2 experience judgement for their condition Nobody should experience judgment or blame because of a health condition. But our new survey, conducted by YouGov and kindly funded by Abbott shows almost 9 in 10 people with type 1 diabetes and 7 in 10 people with type 2 diabetes experience blame and judgement for their condition. www.diabetes.org.uk And the 2025 Diabetes UK Position Statement on Stigma is here Click to expand... Hello how are you its Matthew if you remember i had help from you and the nice Woman that is on here as well,  i seen a Physiatrist  few weeks back he know's I have Type 1 Diabetes but told him again,  I have was diagnosed with Type 1 Diabetes back in July 2003 I am 45 now but in his report back he only put down I have Diabetes, I do not want to compare any Diabetes but if you are diagnosed with a certain type should the healthcare person not say precisely that I have Type 1 Diabetes like I told him, because all types of Diabetes are different that's why we get different diagnoses."
5,/boards/forums/stigma.54/,"Matty80 said: I do not want to compare any Diabetes but if you are diagnosed with a certain type should the healthcare person not say precisely that I have Type 1 Diabetes like I told him, because all types of Diabetes are different that's why we get different diagnoses. Click to expand... It can be frustrating can’t it. Several members here (including me) have had the experience of being asked if we still take insulin. Which is hard not to respond to sarcastically. But I suppose could be a way of getting clarification that the previous diagnosis is still in effect, and a person hasn’t been reclassified with a completely different treatment regimen?"
6,/boards/forums/stigma.54/,"I certainly find it frustrating when HCP make assumptions. At my recent retinal scan, they assumed I had type 2 based on the majority of people having retinal scans is for this reason. My frustration was based on not checking my notes (or asking me)."
7,/boards/forums/stigma.54/,"I would not expect the Eye Screener to be aware of my history, but I have never had any in a hospital setting. Always in many differn t settings."
8,/boards/forums/stigma.54/,"grovesy said: I would not expect the Eye Screener to be aware of my history, but I have never had any in a hospital setting. Always in many differn t settings. Click to expand... She didn’t have to be aware She could ask me or read the screen in front of her."
9,/boards/forums/stigma.54/,"helli said: She didn’t have to be aware She could ask me or read the screen in front of her. Click to expand... Ive been asked at eye screenings whether I'm Type 2, while the screener has been staring at my notes in disbelief. It’s as if they can’t believe anyone so old has Type 1, I wonder what they think happens to us!"
10,/boards/forums/stigma.54/,"I'd expect the screening technician to have that identification passed to them - a list - Name, NHS number, DOB, Address, Type. I generally couldn't care less who knows I have T1D cos it's just a fact of life, like my having dark hair - just it isn't as noticeable 99.9% of the time. Edit to add question - do they ever have to screen un diabetic people?"
11,/boards/forums/stigma.54/,"I think they have to check they are screening the right person which is why I am asked to check my name and dob. Maybe they need to know why they are screening us or, like when I have been in hospital for surgery, they need to check we know why we are there. It makes me smile on the (US-based) hospital tv series, new patients are introduced by the doc or trainee doc explaining their case. In my experience, the opposite happens. The patient describes it in their own words to avoid mistakes."
12,/boards/forums/stigma.54/,Robin said: I wonder what they think happens to us! Click to expand... Shades of Logan’s Run for us T1s perhaps?
13,/boards/forums/stigma.54/,"TrevorMorgan said: I wholeheartedly agree with you. It is also down to all of us to spread the word. I tell people about my experiences with T2DM if the they want to listen and now I am no longer worrying about the stigma related to the condition which I have experienced too. It is important not to be frightened of stigma and speak our minds: 2 of my friends, who are not overweight, but over 50 got themselves tested after listening to my T2DM diagnosis and treatment and both of them discovered they were pre-diabetic, 1 of them is taking action to improve his diet and exercise. The other is not but that is his choice and who am I to criticise or stigmatise him for it, but no doubt the facts will eventually pay dividends for him. Click to expand... This is what is needed, testing people so they can address problems earlier."
14,/boards/forums/stigma.54/,"My T2 ‘dire betes’ showed up virtually overnight, I’d no symptoms, as far as I know I don’t know any family inheritance. I was a 999 job! I was what I said to hubs ‘vacant’, lights on no one there! Hospital had no idea what was wrong with me, I’d CT scan, MRI ‍♀️ I was in ICU on a drip……. No stroke or TIA! Don’t know why I ended up on insulin as no one told me, not that I would have taken it all in! I already had Peripheral Atrial Fibrillation and on ‘pills’ one clue……. On The Pills, my weight went higher and higher and no dieting was making any difference, I was hardly eating anything, no weight loss - PILLS have a lot to answer for. I’d had a bad illness just before covid was officially announced, it was 6 weeks after ‘a covid’ booster jab. Then, in 2023 diagnosed whi Haemochromatosis Compound variant, Type 1, Celtic disease. Inherited Liver disorder, read up on that! Shocked to my core that ‘I’ a Complementary Health care Therapist of many years, had very basic knowledge of ‘Dire betes’ got it!! I am sick to my back teeth of people saying ‘You can reverse it with THAT diet’!! I had gone very low carb higher protein and I have NOT reversed it or as should be said put it into ‘Remission’!! I’m still fighting like many to keep my BG as low as I can…. So - I have PAF, GH, T2 ‘dire betes’ and that hasn’t been all sadly Mental health - what’s that? Not in a good place at the moment and suffering anxiety….. Panicky like feelings. No one wants to know, family get AND to add to all this, It’s nigh on impossible to eat anywhere other than home! No one considers a Low Carb diabetics dietary needs in cafes, restaurants, residential courses you name it. WHY is this???? Last July I attended a residential course where the venue organisers said you are not to bring your own food, they will cater! Yeah right…… So I trusted them, did they cater for my needs??? NO, numbers going through the floor because I wasn’t getting enough to eat and nothing I could buy in house. Yes, I spoke to the catering, 2/3 days I was not being listened to - TILL one night BG gone so low I was frighted to go to bed……. I had a lady who took me to get some foods, so walked long way to fridge to get some. Didn’t work quickly enough and a member of staff was worried, had phoned the manager at 11;30pm! Only then taken seriously! Moderator note: The further posts which developed about choices in restaurants have been given their own thread here https://forum.diabetes.org.uk/boards/threads/feeling-discriminated-against-in-restaurants.119954/"
15,/boards/forums/stigma.54/,I had an interting convosation yesterday Been refered to see a 'dietician' by doctor Turned out to be a wellbeing coach i see most weeks any way as she runs the weight loss group i go to..... She wasnt happy the doctor was misrepresenting her as a dietician lol Anyway..... We were chatting about things and i said i have no stigma about my cancer or diabetes and will happily chat to any one to raise awareness..... Not my fault i got either so why should i feel guilty or embaressed And she said 'why would you have any stigma about diabetes?' So i told her about this site/forum and recent threads about stigma........ How T1 are intimidated about injecting and T2 are made to feel guilty cos 'its thier own fault' and so on etc She was absolutly unaware that diabetics get this sort of abuse aimed at them Now shes a wellbeing coach.... In no way is she a diabetic HCP..... But i thought it interesting that she had no idea this goes on and i hope i educated her a bit
16,/boards/forums/stigma.54/,"There is still no definitive answer as to why anyone contracts Type1 or Type2 diabetes. Type 1 is often referred to as an auto-immune disease where the pancreas ""stops itself"" from producing insulin. The cause of this auto-immune disease could be because of genetic factors or even virus infection or both together. There can be no possible reason why anyone could be blamed  if they contract Type1. The causes of Type 2 diabetes are different and more complicated and multi-factorial, but once again genetics plays an important role, as do environmental factors and your age: also diet, weight and exercise are factors but not the only ones. Regulating your diet, weight and exercise is probably more important after you contract the condition than before. There can be no excuse for blaming a Type 2 diabetic by saying they eat too much, are too heavy or don't exercise enough. Most people ""eat too much, weigh too much and do not exercise enough"" in the opinion of NHS, but most people do not contract Type 2 so there must be other factors involved. The age at which many people contract Type 2 is now falling, so we need research to find out why. Environmental factors could be crucial; we are all being exposed to ""forever chemicals"" and micro-plastics and ultra-high-processed foods. Younger people are being exposed to more stress. There is even research that suggests that too much light at the wrong time of day has an adverse effect on our endocrine system. Genetics could predispose you, and then environmental factors could push you over the edge. We owe it to younger people to improve their environment to ensure that they have happy, productive and long lives. Stigma does not help any diabetic. The only way to ameliorate the problem would be to establish the full facts and use reason to find solutions."
17,/boards/forums/stigma.54/,TrevorMorgan said: The causes of Type 2 diabetes are different and more complicated Click to expand... Try known side effect of cancer treatment........ Im in remission for cancer then get T2D cos of it!!
18,/boards/forums/stigma.54/,"Robin said: Ive been asked at eye screenings whether I'm Type 2, while the screener has been staring at my notes in disbelief. It’s as if they can’t believe anyone so old has Type 1, I wonder what they think happens to us! Click to expand... I was diagnosed with type 1 at the ripe age of 59 years. There are still people and medics out there who refuse to believe me. I happened to be in hospital a couple of months ago. The out of hours GP services nurse refused to take my word for it. To make matters even worse, my diabetes is volatile to manage as it is, it puts a doubt in my head if I am actually being treated for the correct type? Pls feel free to comment. Thanks. Stay well."
19,/boards/forums/stigma.54/,Well several comments.  Everyone's T1 diabetes is at the very least difficult to manage; why would anyone expect yours wouldn't be? What the heck has an out of hours GP nurse got to do with you being in hospital? What actual tests have been done to prove you have T1? - and what were the results of those?
20,/boards/forums/stigma.54/,"Type one it’s not your fault and you need meds and diet  to keep it in control . Type two can be prevented, put in remission and is usually either your lifestyle or your families to blame . Both cause issues both have stigmas to them but most celebrate type ones achieving. Type two is like obesity most say it’s your own fault. Lazy, too much wrong diet etc etc But hey life  is what you make it? For some yeh for others? When you’re born you’re dealt life and have to just get on with it. ….. just waiting for it to end…. For me the sooner the better."
21,/boards/forums/stigma.54/,"People living with Type 1 do not need diet to keep it in control (and we prefer to say manage rather than control) - And I know several people living with Type 2 where their ""lifestyle"" or weight has nothing to do with them living with the condition (mostly genetic) - these misconceptions are where stigma develops and gets worse"
22,/boards/forums/stigma.54/,Whatever  you say control / manage as you say the Stigma is HUGE. Like we never chose to be born we never chose to gave any type of diabetes either .
23,/boards/forums/stigma.54/,"Nayshiftin said: Type one it’s not your fault and you need meds and diet  to keep it in control . Type two can be prevented, put in remission and is usually either your lifestyle or your families to blame . Both cause issues both have stigmas to them but most celebrate type ones achieving. Type two is like obesity most say it’s your own fault. Lazy, too much wrong diet etc etc But hey life  is what you make it? For some yeh for others? When you’re born you’re dealt life and have to just get on with it. ….. just waiting for it to end…. For me the sooner the better. Click to expand... My thoughts are different. I’ve known “body is a temple” fitness fanatics and non-“stereotypes” contract these conditions & sadly far worst to list. Even a conscious mind can’t always prevent the subject matter here. Whatever type. mashedupmatt said: People living with Type 1 do not need diet to keep it in control (and we prefer to say manage rather than control) - And I know several people living with Type 2 where their ""lifestyle"" or weight has nothing to do with them living with the condition (mostly genetic) - these misconceptions are where stigma develops and gets worse Click to expand... As a long term T1 I prefer “steer.”"
24,/boards/forums/stigma.54/,"Type one it’s not your fault and you need meds and diet  to keep it in control . Type two can be prevented, put in remission and is usually either your lifestyle or your families to blame . Both cause issues both have stigmas to them but most celebrate type ones achieving. Type two is like obesity most say it’s your own fault. Lazy, too much wrong diet etc etc But hey life  is what you make it? For some yeh for others? When you’re born you’re dealt life and have to just get on with it. ….. just waiting for it to end…. For me the sooner the better."
25,/boards/forums/stigma.54/,"People living with Type 1 do not need diet to keep it in control (and we prefer to say manage rather than control) - And I know several people living with Type 2 where their ""lifestyle"" or weight has nothing to do with them living with the condition (mostly genetic) - these misconceptions are where stigma develops and gets worse"
26,/boards/forums/stigma.54/,Whatever  you say control / manage as you say the Stigma is HUGE. Like we never chose to be born we never chose to gave any type of diabetes either .
27,/boards/forums/stigma.54/,"Nayshiftin said: Type one it’s not your fault and you need meds and diet  to keep it in control . Type two can be prevented, put in remission and is usually either your lifestyle or your families to blame . Both cause issues both have stigmas to them but most celebrate type ones achieving. Type two is like obesity most say it’s your own fault. Lazy, too much wrong diet etc etc But hey life  is what you make it? For some yeh for others? When you’re born you’re dealt life and have to just get on with it. ….. just waiting for it to end…. For me the sooner the better. Click to expand... My thoughts are different. I’ve known “body is a temple” fitness fanatics and non-“stereotypes” contract these conditions & sadly far worst to list. Even a conscious mind can’t always prevent the subject matter here. Whatever type. mashedupmatt said: People living with Type 1 do not need diet to keep it in control (and we prefer to say manage rather than control) - And I know several people living with Type 2 where their ""lifestyle"" or weight has nothing to do with them living with the condition (mostly genetic) - these misconceptions are where stigma develops and gets worse Click to expand... As a long term T1 I prefer “steer.”"
28,/boards/forums/stigma.54/,"Type one it’s not your fault and you need meds and diet  to keep it in control . Type two can be prevented, put in remission and is usually either your lifestyle or your families to blame . Both cause issues both have stigmas to them but most celebrate type ones achieving. Type two is like obesity most say it’s your own fault. Lazy, too much wrong diet etc etc But hey life  is what you make it? For some yeh for others? When you’re born you’re dealt life and have to just get on with it. ….. just waiting for it to end…. For me the sooner the better."
29,/boards/forums/stigma.54/,"People living with Type 1 do not need diet to keep it in control (and we prefer to say manage rather than control) - And I know several people living with Type 2 where their ""lifestyle"" or weight has nothing to do with them living with the condition (mostly genetic) - these misconceptions are where stigma develops and gets worse"
30,/boards/forums/stigma.54/,Whatever  you say control / manage as you say the Stigma is HUGE. Like we never chose to be born we never chose to gave any type of diabetes either .
31,/boards/forums/stigma.54/,"Nayshiftin said: Type one it’s not your fault and you need meds and diet  to keep it in control . Type two can be prevented, put in remission and is usually either your lifestyle or your families to blame . Both cause issues both have stigmas to them but most celebrate type ones achieving. Type two is like obesity most say it’s your own fault. Lazy, too much wrong diet etc etc But hey life  is what you make it? For some yeh for others? When you’re born you’re dealt life and have to just get on with it. ….. just waiting for it to end…. For me the sooner the better. Click to expand... My thoughts are different. I’ve known “body is a temple” fitness fanatics and non-“stereotypes” contract these conditions & sadly far worst to list. Even a conscious mind can’t always prevent the subject matter here. Whatever type. mashedupmatt said: People living with Type 1 do not need diet to keep it in control (and we prefer to say manage rather than control) - And I know several people living with Type 2 where their ""lifestyle"" or weight has nothing to do with them living with the condition (mostly genetic) - these misconceptions are where stigma develops and gets worse Click to expand... As a long term T1 I prefer “steer.”"
32,/boards/forums/stigma.54/,"I've just been made aware of this disgusting Christmas card available from Tesco It is WRONG in so many ways. Can this be brought to the attention of Diabetes UK please, who may (should!) take action to remove it. Diabetes and alcoholism are NOT joking matters"
33,/boards/forums/stigma.54/,Wrong in so many ways
34,/boards/forums/stigma.54/,"That's appalling. Just reinforcing the incorrect and hurtful beliefs that some people have about diabetes, and alcoholism too."
35,/boards/forums/stigma.54/,"Diabetes and alcoholism cause untold misery, suffering and pain to millions of people around the world Worst of all in my view is the reinforcement of the stigma and guilt many people experience because of their conditions I know very well from hearing the stories of hundreds of people here over the years that many people - whatever their type of diabetes - are made to feel it is 'their own fault' It is absolutely NOT! I understand the 'joke', and I have a good sense of humour and high tolerance for things that might be seen as 'offensive', but this has no humorous value, and needs to disappear in the same way that many other myths and prejudices have over the past few decades. Would they put out a card that joked about depression or autism or sexual identity? Relegate this to history!"
36,/boards/forums/stigma.54/,"Northerner said: I've just been made aware of this disgusting Christmas card available from Tesco It is WRONG in so many ways. Can this be brought to the attention of Diabetes UK please, who may (should!) take action to remove it. Diabetes and alcoholism are NOT joking matters View attachment 37706 Click to expand... Outrageously inappropriate, but in this day and age nothing shocks me"
37,/boards/forums/stigma.54/,"Northerner said: I've just been made aware of this disgusting Christmas card available from Tesco It is WRONG in so many ways. Can this be brought to the attention of Diabetes UK please, who may (should!) take action to remove it. Diabetes and alcoholism are NOT joking matters View attachment 37706 Click to expand... Try making complaints to Tescos on Twitter, I find that can be a better media"
38,/boards/forums/stigma.54/,Thanks for highlighting this @Northerner I’ve passed on your concerns to the ‘Tackling Stigma’ team.
39,/boards/forums/stigma.54/,(Sarcasm on) Good to know the diabetes uk partnership with Tesco is raising awareness (Sarcasm off)
40,/boards/forums/stigma.54/,"Without doubt, offensive on so many levels"
41,/boards/forums/stigma.54/,Lucyr said: (Sarcasm on) Good to know the diabetes uk partnership with Tesco is raising awareness (Sarcasm off) Click to expand... It’s a pretty unfortunate lapse of judgement Hopefully DUK can do something about it.
42,/boards/forums/stigma.54/,"Meh, does not really bother me TBH. It is a joke after all? But I have a warped sense of humour anyway, so maybe its just me...."
43,/boards/forums/stigma.54/,"pjgtech said: Meh, does not really bother me TBH. It is a joke after all? But I have a warped sense of humour anyway, so maybe its just me.... Click to expand... Other jokes are available, this one has become increasingly tired and anachronistic"
44,/boards/forums/stigma.54/,"everydayupsanddowns said: Thanks for highlighting this @Northerner I’ve passed on your concerns to the ‘Tackling Stigma’ team. Click to expand... Didn't realise there was a 'Stigma' section now - I don't know, you turn your back for five minutes and someone decides to rearrange all the furniture!"
45,/boards/forums/stigma.54/,Seriously!! Why are people still stuck in the past!! There is nothing funny about Diabetes!!!!
46,/boards/forums/stigma.54/,"Another reason why I am not shopping at Tesco. Sorely tempted to go there and look, but it's only staff and they are not paid to do anything. Gggggrrrrrr"
47,/boards/forums/stigma.54/,"AleGna68 said: Try making complaints to Tescos on Twitter, I find that can be a better media Click to expand... Agreed! Companies always respond quicker if you tag them on social media."
48,/boards/forums/stigma.54/,It looks like they've already taken it down - just seen this on Facebook
49,/boards/forums/stigma.54/,"mashedupmatt said: View attachment 37714 It looks like they've already taken it down - just seen this on Facebook Click to expand... Hehe! You beat me to it, I was just going to post this"
50,/boards/forums/stigma.54/,"Northerner said: I've just been made aware of this disgusting Christmas card available from Tesco It is WRONG in so many ways. Can this be brought to the attention of Diabetes UK please, who may (should!) take action to remove it. Diabetes and alcoholism are NOT joking matters View attachment 37706 Click to expand... This card is stupid beyond belief and it is not even humorous. it is insulting to diabetics, alcoholics and Christians, and is the product of a warped imagination."
51,/boards/forums/stigma.54/,I see it’s a Marketplace item not a Tesco product. Tesco should never have stocked it - a total error of judgement - but I noted the actual company who designed it too: Wee Blue Coo. I won’t be buying any of their cards.
52,/boards/forums/stigma.54/,"Northerner said: I've just been made aware of this disgusting Christmas card available from Tesco It is WRONG in so many ways. Can this be brought to the attention of Diabetes UK please, who may (should!) take action to remove it. Diabetes and alcoholism are NOT joking matters View attachment 37706 Click to expand... ... and it's buying in to the stereotype that it's okay for men specifically to drink too much - which is particularly irresponsible given that rates of domestic violence peak at Christmas."
53,/boards/forums/stigma.54/,"pjgtech said: Meh, does not really bother me TBH. It is a joke after all? But I have a warped sense of humour anyway, so maybe its just me.... Click to expand... 'Love Thy Neighbour' was perceived as ""a joke"" in the 1970s but thankfully attitudes change and some things are no longer perceived as funny by most people."
54,/boards/forums/stigma.54/,"Yes I’m awaiting the official DUK response, but from what I can tell, the card was removed from sale by Tesco this morning. As I understand it it was on sale at Tesco through a 3rd party supplier, and I believe it has also been withdrawn from other outlets. I’ll let you know the official response as soon as I have it."
55,/boards/forums/stigma.54/,I wouldn't buy it anyway but the bigger problem for me... £3.99 for a single card ? Someone's havin' a tin bath...
56,/boards/forums/stigma.54/,"I’ve received thanks for the forum, and you @Northerner for bringing this card to the attention of Diabetes UK. They certainly jumped into action, and the card was withdrawn from sale very quickly. I’ve had this official response to share with you, that gives more information: “Thank you for bringing to our attention this issue. Diabetes is not a joke, and this card fuels the blame, judgement and harmful misconceptions that people with diabetes face on a daily basis. First and foremost we hope that you are ok, and would like to remind you that if you do need our support you can reach out to our helpline at 0345 123 2399. ​ ​ “We want to reassure you that Tesco have confirmed that the card has been removed from sale and have apologised for the offence caused. The card was sold by a third-party seller on Tesco Marketplace, and Tesco have reassured us that they have strict guidelines in place that they expect all third-party sellers to follow, alongside internal processes in place to monitor for any products that do not align with these standards. They are sorry that on this occasion this did not happen, and are working to immediately address this issue through an internal investigation. Diabetes UK and Tesco have a longstanding partnership and have been working together for over a decade to fight against diabetes stigma and remain committed to doing so. We are pleased that following action by Tesco, the card has also been removed from other retail outlets. ​ ​ “At Diabetes UK we remain committed to tackling diabetes stigma, and will continue to challenge the myths and misinformation that fuel it. We also know we can’t do this alone, so would like to thank you for bringing this to our attention so that we can strike out stigma.” ​"
57,/boards/forums/stigma.54/,Glad Tesco responded so quickly
58,/boards/forums/stigma.54/,Partha Kar was onto it as well.
59,/boards/forums/stigma.54/,"Northerner said: Diabetes and alcoholism cause untold misery, suffering and pain to millions of people around the world Worst of all in my view is the reinforcement of the stigma and guilt many people experience because of their conditions I know very well from hearing the stories of hundreds of people here over the years that many people - whatever their type of diabetes - are made to feel it is 'their own fault' It is absolutely NOT! I understand the 'joke', and I have a good sense of humour and high tolerance for things that might be seen as 'offensive', but this has no humorous value, and needs to disappear in the same way that many other myths and prejudices have over the past few decades. Would they put out a card that joked about depression or autism or sexual identity? Relegate this to history! Click to expand... I don't find it LOL funny and I don't think they will sell many but not in favour of getting it banned nor am I remotely offended.  I am a diabetic though not an alcoholic.   All this outrage is sounding a little defensive after all food + a genetic proclivity surely is the cause of type 2 diabetes."
60,/boards/forums/stigma.54/,"Pandora71 said: I don't find it LOL funny and I don't think they will sell many but not in favour of getting it banned nor am I remotely offended.  I am a diabetic though not an alcoholic.   All this outrage is sounding a little defensive after all food + a genetic proclivity surely is the cause of type 2 diabetes. Click to expand... Can you not understand that these attitudes, and ""jokes"" and cards make people not only with type 2 diabetes, but diabetes in general often feels bad? I say diabetes in general because the public are often out there with little to no knowledge between types."
61,/boards/forums/stigma.54/,"Northerner said: Diabetes and alcoholism cause untold misery, suffering and pain to millions of people around the world Worst of all in my view is the reinforcement of the stigma and guilt many people experience because of their conditions I know very well from hearing the stories of hundreds of people here over the years that many people - whatever their type of diabetes - are made to feel it is 'their own fault' It is absolutely NOT! I understand the 'joke', and I have a good sense of humour and high tolerance for things that might be seen as 'offensive', but this has no humorous value, and needs to disappear in the same way that many other myths and prejudices have over the past few decades. Would they put out a card that joked about depression or autism or sexual identity? Relegate this to history! Click to expand... Absolutely spot on. I agree with everything you've said. (I've just found out about this story!!)"
62,/boards/forums/stigma.54/,"everydayupsanddowns said: I’ve received thanks for the forum, and you @Northerner for bringing this card to the attention of Diabetes UK. They certainly jumped into action, and the card was withdrawn from sale very quickly. I’ve had this official response to share with you, that gives more information: “Thank you for bringing to our attention this issue. Diabetes is not a joke, and this card fuels the blame, judgement and harmful misconceptions that people with diabetes face on a daily basis. First and foremost we hope that you are ok, and would like to remind you that if you do need our support you can reach out to our helpline at 0345 123 2399. ​ ​ “We want to reassure you that Tesco have confirmed that the card has been removed from sale and have apologised for the offence caused. The card was sold by a third-party seller on Tesco Marketplace, and Tesco have reassured us that they have strict guidelines in place that they expect all third-party sellers to follow, alongside internal processes in place to monitor for any products that do not align with these standards. They are sorry that on this occasion this did not happen, and are working to immediately address this issue through an internal investigation. Diabetes UK and Tesco have a longstanding partnership and have been working together for over a decade to fight against diabetes stigma and remain committed to doing so. We are pleased that following action by Tesco, the card has also been removed from other retail outlets. ​ ​ “At Diabetes UK we remain committed to tackling diabetes stigma, and will continue to challenge the myths and misinformation that fuel it. We also know we can’t do this alone, so would like to thank you for bringing this to our attention so that we can strike out stigma.” ​ Click to expand... Unfortunately also available on Amazon"
63,/boards/forums/stigma.54/,Caz58 said: Unfortunately also available on Amazon Click to expand...
64,/boards/forums/stigma.54/,"Northerner said: I've just been made aware of this disgusting Christmas card available from Tesco It is WRONG in so many ways. Can this be brought to the attention of Diabetes UK please, who may (should!) take action to remove it. Diabetes and alcoholism are NOT joking matters View attachment 37706 Click to expand... I've had a look and I believe this card is from 3rd party supplier 'thortful' - done some digging and it appears thortful have taken it off their site as well!!!  EDIT: it seems the creator of it 'Artery8' - no actual direct website or anything so no way to get to the root of this. I have seen that Amazon have restricted being able to leave a review for it due to 'unusual review activity' from consistent 1 star reviews."
65,/boards/forums/stigma.54/,"Inka said: I see it’s a Marketplace item not a Tesco product. Tesco should never have stocked it - a total error of judgement - but I noted the actual company who designed it too: Wee Blue Coo. I won’t be buying any of their cards. Click to expand... It was stocked by a few companies, but the company that sold it on Tesco was Wee Blue Coo as above."
66,/boards/forums/stigma.54/,"I see it as nothing more than a bit of fun. I enjoy being able to at least laugh at my conditions and people do tend to push the limits with their conditions at times, it is actually true. I have no problem with this at all."
67,/boards/forums/stigma.54/,"Xela said: I see it as nothing more than a bit of fun. I enjoy being able to at least laugh at my conditions and people do tend to push the limits with their conditions at times, it is actually true. I have no problem with this at all. Click to expand... Easy for you to say, as you don't have diabetes. You might feel differently if your 'at risk' status advances to an actual diabetes diagnosis with all that that entails."
68,/boards/forums/stigma.54/,"mashedupmatt said: View attachment 37714 It looks like they've already taken it down - just seen this on Facebook Click to expand... Hehe! You beat me to it, I was just going to post this"
69,/boards/forums/stigma.54/,"Northerner said: I've just been made aware of this disgusting Christmas card available from Tesco It is WRONG in so many ways. Can this be brought to the attention of Diabetes UK please, who may (should!) take action to remove it. Diabetes and alcoholism are NOT joking matters View attachment 37706 Click to expand... This card is stupid beyond belief and it is not even humorous. it is insulting to diabetics, alcoholics and Christians, and is the product of a warped imagination."
70,/boards/forums/stigma.54/,I see it’s a Marketplace item not a Tesco product. Tesco should never have stocked it - a total error of judgement - but I noted the actual company who designed it too: Wee Blue Coo. I won’t be buying any of their cards.
71,/boards/forums/stigma.54/,"Northerner said: I've just been made aware of this disgusting Christmas card available from Tesco It is WRONG in so many ways. Can this be brought to the attention of Diabetes UK please, who may (should!) take action to remove it. Diabetes and alcoholism are NOT joking matters View attachment 37706 Click to expand... ... and it's buying in to the stereotype that it's okay for men specifically to drink too much - which is particularly irresponsible given that rates of domestic violence peak at Christmas."
72,/boards/forums/stigma.54/,"pjgtech said: Meh, does not really bother me TBH. It is a joke after all? But I have a warped sense of humour anyway, so maybe its just me.... Click to expand... 'Love Thy Neighbour' was perceived as ""a joke"" in the 1970s but thankfully attitudes change and some things are no longer perceived as funny by most people."
73,/boards/forums/stigma.54/,"Yes I’m awaiting the official DUK response, but from what I can tell, the card was removed from sale by Tesco this morning. As I understand it it was on sale at Tesco through a 3rd party supplier, and I believe it has also been withdrawn from other outlets. I’ll let you know the official response as soon as I have it."
74,/boards/forums/stigma.54/,I wouldn't buy it anyway but the bigger problem for me... £3.99 for a single card ? Someone's havin' a tin bath...
75,/boards/forums/stigma.54/,"I’ve received thanks for the forum, and you @Northerner for bringing this card to the attention of Diabetes UK. They certainly jumped into action, and the card was withdrawn from sale very quickly. I’ve had this official response to share with you, that gives more information: “Thank you for bringing to our attention this issue. Diabetes is not a joke, and this card fuels the blame, judgement and harmful misconceptions that people with diabetes face on a daily basis. First and foremost we hope that you are ok, and would like to remind you that if you do need our support you can reach out to our helpline at 0345 123 2399. ​ ​ “We want to reassure you that Tesco have confirmed that the card has been removed from sale and have apologised for the offence caused. The card was sold by a third-party seller on Tesco Marketplace, and Tesco have reassured us that they have strict guidelines in place that they expect all third-party sellers to follow, alongside internal processes in place to monitor for any products that do not align with these standards. They are sorry that on this occasion this did not happen, and are working to immediately address this issue through an internal investigation. Diabetes UK and Tesco have a longstanding partnership and have been working together for over a decade to fight against diabetes stigma and remain committed to doing so. We are pleased that following action by Tesco, the card has also been removed from other retail outlets. ​ ​ “At Diabetes UK we remain committed to tackling diabetes stigma, and will continue to challenge the myths and misinformation that fuel it. We also know we can’t do this alone, so would like to thank you for bringing this to our attention so that we can strike out stigma.” ​"
76,/boards/forums/stigma.54/,Glad Tesco responded so quickly
77,/boards/forums/stigma.54/,Partha Kar was onto it as well.
78,/boards/forums/stigma.54/,"Northerner said: Diabetes and alcoholism cause untold misery, suffering and pain to millions of people around the world Worst of all in my view is the reinforcement of the stigma and guilt many people experience because of their conditions I know very well from hearing the stories of hundreds of people here over the years that many people - whatever their type of diabetes - are made to feel it is 'their own fault' It is absolutely NOT! I understand the 'joke', and I have a good sense of humour and high tolerance for things that might be seen as 'offensive', but this has no humorous value, and needs to disappear in the same way that many other myths and prejudices have over the past few decades. Would they put out a card that joked about depression or autism or sexual identity? Relegate this to history! Click to expand... I don't find it LOL funny and I don't think they will sell many but not in favour of getting it banned nor am I remotely offended.  I am a diabetic though not an alcoholic.   All this outrage is sounding a little defensive after all food + a genetic proclivity surely is the cause of type 2 diabetes."
79,/boards/forums/stigma.54/,"Pandora71 said: I don't find it LOL funny and I don't think they will sell many but not in favour of getting it banned nor am I remotely offended.  I am a diabetic though not an alcoholic.   All this outrage is sounding a little defensive after all food + a genetic proclivity surely is the cause of type 2 diabetes. Click to expand... Can you not understand that these attitudes, and ""jokes"" and cards make people not only with type 2 diabetes, but diabetes in general often feels bad? I say diabetes in general because the public are often out there with little to no knowledge between types."
80,/boards/forums/stigma.54/,"Northerner said: Diabetes and alcoholism cause untold misery, suffering and pain to millions of people around the world Worst of all in my view is the reinforcement of the stigma and guilt many people experience because of their conditions I know very well from hearing the stories of hundreds of people here over the years that many people - whatever their type of diabetes - are made to feel it is 'their own fault' It is absolutely NOT! I understand the 'joke', and I have a good sense of humour and high tolerance for things that might be seen as 'offensive', but this has no humorous value, and needs to disappear in the same way that many other myths and prejudices have over the past few decades. Would they put out a card that joked about depression or autism or sexual identity? Relegate this to history! Click to expand... Absolutely spot on. I agree with everything you've said. (I've just found out about this story!!)"
81,/boards/forums/stigma.54/,"everydayupsanddowns said: I’ve received thanks for the forum, and you @Northerner for bringing this card to the attention of Diabetes UK. They certainly jumped into action, and the card was withdrawn from sale very quickly. I’ve had this official response to share with you, that gives more information: “Thank you for bringing to our attention this issue. Diabetes is not a joke, and this card fuels the blame, judgement and harmful misconceptions that people with diabetes face on a daily basis. First and foremost we hope that you are ok, and would like to remind you that if you do need our support you can reach out to our helpline at 0345 123 2399. ​ ​ “We want to reassure you that Tesco have confirmed that the card has been removed from sale and have apologised for the offence caused. The card was sold by a third-party seller on Tesco Marketplace, and Tesco have reassured us that they have strict guidelines in place that they expect all third-party sellers to follow, alongside internal processes in place to monitor for any products that do not align with these standards. They are sorry that on this occasion this did not happen, and are working to immediately address this issue through an internal investigation. Diabetes UK and Tesco have a longstanding partnership and have been working together for over a decade to fight against diabetes stigma and remain committed to doing so. We are pleased that following action by Tesco, the card has also been removed from other retail outlets. ​ ​ “At Diabetes UK we remain committed to tackling diabetes stigma, and will continue to challenge the myths and misinformation that fuel it. We also know we can’t do this alone, so would like to thank you for bringing this to our attention so that we can strike out stigma.” ​ Click to expand... Unfortunately also available on Amazon"
82,/boards/forums/stigma.54/,Caz58 said: Unfortunately also available on Amazon Click to expand...
83,/boards/forums/stigma.54/,"Northerner said: I've just been made aware of this disgusting Christmas card available from Tesco It is WRONG in so many ways. Can this be brought to the attention of Diabetes UK please, who may (should!) take action to remove it. Diabetes and alcoholism are NOT joking matters View attachment 37706 Click to expand... I've had a look and I believe this card is from 3rd party supplier 'thortful' - done some digging and it appears thortful have taken it off their site as well!!!  EDIT: it seems the creator of it 'Artery8' - no actual direct website or anything so no way to get to the root of this. I have seen that Amazon have restricted being able to leave a review for it due to 'unusual review activity' from consistent 1 star reviews."
84,/boards/forums/stigma.54/,"Inka said: I see it’s a Marketplace item not a Tesco product. Tesco should never have stocked it - a total error of judgement - but I noted the actual company who designed it too: Wee Blue Coo. I won’t be buying any of their cards. Click to expand... It was stocked by a few companies, but the company that sold it on Tesco was Wee Blue Coo as above."
85,/boards/forums/stigma.54/,"I see it as nothing more than a bit of fun. I enjoy being able to at least laugh at my conditions and people do tend to push the limits with their conditions at times, it is actually true. I have no problem with this at all."
86,/boards/forums/stigma.54/,"Xela said: I see it as nothing more than a bit of fun. I enjoy being able to at least laugh at my conditions and people do tend to push the limits with their conditions at times, it is actually true. I have no problem with this at all. Click to expand... Easy for you to say, as you don't have diabetes. You might feel differently if your 'at risk' status advances to an actual diabetes diagnosis with all that that entails."
87,/boards/forums/stigma.54/,"Xela said: I see it as nothing more than a bit of fun. I enjoy being able to at least laugh at my conditions and people do tend to push the limits with their conditions at times, it is actually true. I have no problem with this at all. Click to expand... Good for you."
88,/boards/forums/stigma.54/,"Xela said: I see it as nothing more than a bit of fun. I enjoy being able to at least laugh at my conditions and people do tend to push the limits with their conditions at times, it is actually true. I have no problem with this at all. Click to expand... Everyone is entitled to their opinion as you are yours - I suppose the issue runs a bit deeper with this card as there are over 10 types of diabetes and this perpetuates the stigma and mis-information that diabetes is caused from eating too much sugar, and that all diabetes is the same (also that diabetics are to blame for their condition which is not the case). Not only diabetes, but alcoholism is a very serious and life-threatening disease. I like a joke as much as the next person (when well written), and maybe if the creator of this card was a diabetic or alcoholic whose entire brand was creating cards and content like this it may be seen in a different light but I doubt that's the case! A lot of people aren't happy with the card, but if it made you giggle then it's reached its target audience!"
89,/boards/forums/stigma.54/,"Indeed @hayley.ar003 There’s enough ignorance about diabetes already without adding more. Encouraging a serious medical condition to be seen as a joke is discriminatory, stupid and, frankly, pathetic. Children with Type 1 are already being teased about having diabetes - do we want to give people more fodder to do so? Here’s a BBC article about similar pathetic ‘jokes’ about diabetes and how such ignorant, thoughtless and cruel ‘jokes’ affect people: Diabetes is no laughing matter, say young sufferers Young women with type 1 diabetes talk about the misunderstanding around the disease. www.bbc.co.uk “Diabetes is no laughing matter…..” Quite right. In addition, alcoholism is a disease too. I lost someone close to me to alcoholism. I can assure you it’s about as funny as a punch in the gut. The “I was only joking….”, “It was just a joke..”, “It’s only banter…” excuses are pathetic too. Would you also laugh at a joke about cancer? Maybe put it on a ‘funny’ Christmas card? Completely unnecessary."
90,/boards/forums/stigma.54/,"Inka said: In addition, alcoholism is a disease too. I lost someone close to me to alcoholism. Click to expand... Me too. My younger brother was told by his GP that if he didn't stop his drinking it would kill him. He didn't stop, and he died aged 48."
91,/boards/forums/stigma.54/,"I think the thing is, thinking about this for those of us with 3c, most likely a life threatening illness has led us to diabetes and this forum. It's not a joke. Often for type 1s I see an experience with DKA is how they end up getting diagnosed, it's not a joke. But type 2s aren't deserving of being the butt of anyone's joke either? There are plenty of slim type twos out there. I'm fat, and I eat much less than my siblings, and food of much more nutritional content too but she is way slimmer. You can't tar everyone with the same brush with this blame game. Not everyone experiences the world in the same way. This is in the stigma part of the forum for good reason, there's a whole lot of stigma out there about diabetes. I think for every type there's always someone who will insinuate it was self caused."
92,/boards/forums/stigma.54/,"stackingcups said: I think the thing is, thinking about this for those of us with 3c, most likely a life threatening illness has led us to diabetes and this forum. It's not a joke. Often for type 1s I see an experience with DKA is how they end up getting diagnosed, it's not a joke. But type 2s aren't deserving of being the butt of anyone's joke either? There are plenty of slim type twos out there. I'm fat, and I eat much less than my siblings, and food of much more nutritional content too but she is way slimmer. You can't tar everyone with the same brush with this blame game. Not everyone experiences the world in the same way. This is in the stigma part of the forum for good reason, there's a whole lot of stigma out there about diabetes. I think for every type there's always someone who will insinuate it was self caused. Click to expand... Thank you.  I'm type 2 and 5'6"" under 9 stone now.  Probably genetic"
93,/boards/forums/stigma.54/,Only just seen this ‘joke’ card as I’ve only just joined. I’ll watch for anything offensive on those lines next Xmas and shout up if appropriate!
94,/boards/forums/stigma.54/,"JohnTagg said: Only just seen this ‘joke’ card as I’ve only just joined. I’ll watch for anything offensive on those lines next Xmas and shout up if appropriate! Click to expand... Hi John, we have a newbies page where you can introduce yourself to the forum if you would like to. Alan"
95,/boards/forums/stigma.54/,"Alan44 said: Hi John, we have a newbies page where you can introduce yourself to the forum if you would like to. Alan Click to expand... Alan Done this. John"
96,/boards/forums/stigma.54/,Good grief.  Really shocked at that.
97,/boards/forums/stigma.54/,Just did a google search there is one still out there by twisted gifts. Oh it may have been taken down as when I clicked on the link page when back to google.  It is still showing in the search though.  The red card on the right. It still shows on search the
98,/boards/forums/stigma.54/,"hayley.ar003 said: Everyone is entitled to their opinion as you are yours - I suppose the issue runs a bit deeper with this card as there are over 10 types of diabetes and this perpetuates the stigma and mis-information that diabetes is caused from eating too much sugar, and that all diabetes is the same (also that diabetics are to blame for their condition which is not the case). Not only diabetes, but alcoholism is a very serious and life-threatening disease. I like a joke as much as the next person (when well written), and maybe if the creator of this card was a diabetic or alcoholic whose entire brand was creating cards and content like this it may be seen in a different light but I doubt that's the case! A lot of people aren't happy with the card, but if it made you giggle then it's reached its target audience! Click to expand... I was brought up not to make fun of peoples misfortunes ‍♀️"
99,/boards/forums/stigma.54/,"I've just seen this, haven't been on the forum for a while. It isn't funny. I've had the 'Oh I didn't know you ate a lot of sugar' comment (from a nurse), who I would have expected to know better. It seems education has a long way to go. the only person who is allowed to make jokes about diabetes is my husband, and these are along the lines of saying 'Your sensor will start screaming' if I look at a bar of chocolate, but that's in private, and he does understand how serious diabetes is.I'm glad it was taken off sale."
100,/boards/forums/stigma.54/,"Hello everyone, I signed up on here a while back but I'm not a very forum user person.  I have type 2 diabetes and have found it impossible to get my a1c under control so I'm going on Mounjaro once my eye results reach the necessary prescriber.  I'm not sensitive to jokes or anything as I feel this gives too much power to the person or people who tell them. I'm going to try and be an active member from now on - but don't hold me to that xx"
101,/boards/forums/stigma.54/,"Midnightvelvet said: Hello everyone, I signed up on here a while back but I'm not a very forum user person.  I have type 2 diabetes and have found it impossible to get my a1c under control so I'm going on Mounjaro once my eye results reach the necessary prescriber.  I'm not sensitive to jokes or anything as I feel this gives too much power to the person or people who tell them. I'm going to try and be an active member from now on - but don't hold me to that xx Click to expand... Welcome to the forum Perhaps you could try some of the strategies suggested in this link, it is an approach which many have found successful. Freshwell Low Carb Project - Home lowcarbfreshwell.com You may want to start your own thread so things don't get muddled in a different topic."
102,/boards/forums/stigma.54/,Welcome back @Midnightvelvet - good to see you again
103,/boards/forums/stigma.54/,"There is a lot of ignorance about the causes of diabetes that is for sure and I think encouraging people to make fun of it just belittles the health problem, which really is not helpful to anyone and I feel disrespectful to those who have been diagnosed whatever the cause of which there are many."
104,/boards/forums/stigma.54/,Mental health is another subject thats open to all sorts of stuff like this I think that card is out of order to be produced for profit Jokes can be light hearted on all sorts of things but thats just pathetic in my opinion
105,/boards/forums/stigma.54/,"Xela said: I see it as nothing more than a bit of fun. I enjoy being able to at least laugh at my conditions and people do tend to push the limits with their conditions at times, it is actually true. I have no problem with this at all. Click to expand... Good for you."
106,/boards/forums/stigma.54/,"Xela said: I see it as nothing more than a bit of fun. I enjoy being able to at least laugh at my conditions and people do tend to push the limits with their conditions at times, it is actually true. I have no problem with this at all. Click to expand... Everyone is entitled to their opinion as you are yours - I suppose the issue runs a bit deeper with this card as there are over 10 types of diabetes and this perpetuates the stigma and mis-information that diabetes is caused from eating too much sugar, and that all diabetes is the same (also that diabetics are to blame for their condition which is not the case). Not only diabetes, but alcoholism is a very serious and life-threatening disease. I like a joke as much as the next person (when well written), and maybe if the creator of this card was a diabetic or alcoholic whose entire brand was creating cards and content like this it may be seen in a different light but I doubt that's the case! A lot of people aren't happy with the card, but if it made you giggle then it's reached its target audience!"
107,/boards/forums/stigma.54/,"Indeed @hayley.ar003 There’s enough ignorance about diabetes already without adding more. Encouraging a serious medical condition to be seen as a joke is discriminatory, stupid and, frankly, pathetic. Children with Type 1 are already being teased about having diabetes - do we want to give people more fodder to do so? Here’s a BBC article about similar pathetic ‘jokes’ about diabetes and how such ignorant, thoughtless and cruel ‘jokes’ affect people: Diabetes is no laughing matter, say young sufferers Young women with type 1 diabetes talk about the misunderstanding around the disease. www.bbc.co.uk “Diabetes is no laughing matter…..” Quite right. In addition, alcoholism is a disease too. I lost someone close to me to alcoholism. I can assure you it’s about as funny as a punch in the gut. The “I was only joking….”, “It was just a joke..”, “It’s only banter…” excuses are pathetic too. Would you also laugh at a joke about cancer? Maybe put it on a ‘funny’ Christmas card? Completely unnecessary."
108,/boards/forums/stigma.54/,"Inka said: In addition, alcoholism is a disease too. I lost someone close to me to alcoholism. Click to expand... Me too. My younger brother was told by his GP that if he didn't stop his drinking it would kill him. He didn't stop, and he died aged 48."
109,/boards/forums/stigma.54/,"I think the thing is, thinking about this for those of us with 3c, most likely a life threatening illness has led us to diabetes and this forum. It's not a joke. Often for type 1s I see an experience with DKA is how they end up getting diagnosed, it's not a joke. But type 2s aren't deserving of being the butt of anyone's joke either? There are plenty of slim type twos out there. I'm fat, and I eat much less than my siblings, and food of much more nutritional content too but she is way slimmer. You can't tar everyone with the same brush with this blame game. Not everyone experiences the world in the same way. This is in the stigma part of the forum for good reason, there's a whole lot of stigma out there about diabetes. I think for every type there's always someone who will insinuate it was self caused."
110,/boards/forums/stigma.54/,"stackingcups said: I think the thing is, thinking about this for those of us with 3c, most likely a life threatening illness has led us to diabetes and this forum. It's not a joke. Often for type 1s I see an experience with DKA is how they end up getting diagnosed, it's not a joke. But type 2s aren't deserving of being the butt of anyone's joke either? There are plenty of slim type twos out there. I'm fat, and I eat much less than my siblings, and food of much more nutritional content too but she is way slimmer. You can't tar everyone with the same brush with this blame game. Not everyone experiences the world in the same way. This is in the stigma part of the forum for good reason, there's a whole lot of stigma out there about diabetes. I think for every type there's always someone who will insinuate it was self caused. Click to expand... Thank you.  I'm type 2 and 5'6"" under 9 stone now.  Probably genetic"
111,/boards/forums/stigma.54/,Only just seen this ‘joke’ card as I’ve only just joined. I’ll watch for anything offensive on those lines next Xmas and shout up if appropriate!
112,/boards/forums/stigma.54/,"JohnTagg said: Only just seen this ‘joke’ card as I’ve only just joined. I’ll watch for anything offensive on those lines next Xmas and shout up if appropriate! Click to expand... Hi John, we have a newbies page where you can introduce yourself to the forum if you would like to. Alan"
113,/boards/forums/stigma.54/,"Alan44 said: Hi John, we have a newbies page where you can introduce yourself to the forum if you would like to. Alan Click to expand... Alan Done this. John"
114,/boards/forums/stigma.54/,Good grief.  Really shocked at that.
115,/boards/forums/stigma.54/,Just did a google search there is one still out there by twisted gifts. Oh it may have been taken down as when I clicked on the link page when back to google.  It is still showing in the search though.  The red card on the right. It still shows on search the
116,/boards/forums/stigma.54/,"hayley.ar003 said: Everyone is entitled to their opinion as you are yours - I suppose the issue runs a bit deeper with this card as there are over 10 types of diabetes and this perpetuates the stigma and mis-information that diabetes is caused from eating too much sugar, and that all diabetes is the same (also that diabetics are to blame for their condition which is not the case). Not only diabetes, but alcoholism is a very serious and life-threatening disease. I like a joke as much as the next person (when well written), and maybe if the creator of this card was a diabetic or alcoholic whose entire brand was creating cards and content like this it may be seen in a different light but I doubt that's the case! A lot of people aren't happy with the card, but if it made you giggle then it's reached its target audience! Click to expand... I was brought up not to make fun of peoples misfortunes ‍♀️"
117,/boards/forums/stigma.54/,"I've just seen this, haven't been on the forum for a while. It isn't funny. I've had the 'Oh I didn't know you ate a lot of sugar' comment (from a nurse), who I would have expected to know better. It seems education has a long way to go. the only person who is allowed to make jokes about diabetes is my husband, and these are along the lines of saying 'Your sensor will start screaming' if I look at a bar of chocolate, but that's in private, and he does understand how serious diabetes is.I'm glad it was taken off sale."
118,/boards/forums/stigma.54/,"Hello everyone, I signed up on here a while back but I'm not a very forum user person.  I have type 2 diabetes and have found it impossible to get my a1c under control so I'm going on Mounjaro once my eye results reach the necessary prescriber.  I'm not sensitive to jokes or anything as I feel this gives too much power to the person or people who tell them. I'm going to try and be an active member from now on - but don't hold me to that xx"
119,/boards/forums/stigma.54/,"Midnightvelvet said: Hello everyone, I signed up on here a while back but I'm not a very forum user person.  I have type 2 diabetes and have found it impossible to get my a1c under control so I'm going on Mounjaro once my eye results reach the necessary prescriber.  I'm not sensitive to jokes or anything as I feel this gives too much power to the person or people who tell them. I'm going to try and be an active member from now on - but don't hold me to that xx Click to expand... Welcome to the forum Perhaps you could try some of the strategies suggested in this link, it is an approach which many have found successful. Freshwell Low Carb Project - Home lowcarbfreshwell.com You may want to start your own thread so things don't get muddled in a different topic."
120,/boards/forums/stigma.54/,Welcome back @Midnightvelvet - good to see you again
121,/boards/forums/stigma.54/,"There is a lot of ignorance about the causes of diabetes that is for sure and I think encouraging people to make fun of it just belittles the health problem, which really is not helpful to anyone and I feel disrespectful to those who have been diagnosed whatever the cause of which there are many."
122,/boards/forums/stigma.54/,Mental health is another subject thats open to all sorts of stuff like this I think that card is out of order to be produced for profit Jokes can be light hearted on all sorts of things but thats just pathetic in my opinion
123,/boards/forums/stigma.54/,"Xela said: I see it as nothing more than a bit of fun. I enjoy being able to at least laugh at my conditions and people do tend to push the limits with their conditions at times, it is actually true. I have no problem with this at all. Click to expand... Good for you."
124,/boards/forums/stigma.54/,"Xela said: I see it as nothing more than a bit of fun. I enjoy being able to at least laugh at my conditions and people do tend to push the limits with their conditions at times, it is actually true. I have no problem with this at all. Click to expand... Everyone is entitled to their opinion as you are yours - I suppose the issue runs a bit deeper with this card as there are over 10 types of diabetes and this perpetuates the stigma and mis-information that diabetes is caused from eating too much sugar, and that all diabetes is the same (also that diabetics are to blame for their condition which is not the case). Not only diabetes, but alcoholism is a very serious and life-threatening disease. I like a joke as much as the next person (when well written), and maybe if the creator of this card was a diabetic or alcoholic whose entire brand was creating cards and content like this it may be seen in a different light but I doubt that's the case! A lot of people aren't happy with the card, but if it made you giggle then it's reached its target audience!"
125,/boards/forums/stigma.54/,"Indeed @hayley.ar003 There’s enough ignorance about diabetes already without adding more. Encouraging a serious medical condition to be seen as a joke is discriminatory, stupid and, frankly, pathetic. Children with Type 1 are already being teased about having diabetes - do we want to give people more fodder to do so? Here’s a BBC article about similar pathetic ‘jokes’ about diabetes and how such ignorant, thoughtless and cruel ‘jokes’ affect people: Diabetes is no laughing matter, say young sufferers Young women with type 1 diabetes talk about the misunderstanding around the disease. www.bbc.co.uk “Diabetes is no laughing matter…..” Quite right. In addition, alcoholism is a disease too. I lost someone close to me to alcoholism. I can assure you it’s about as funny as a punch in the gut. The “I was only joking….”, “It was just a joke..”, “It’s only banter…” excuses are pathetic too. Would you also laugh at a joke about cancer? Maybe put it on a ‘funny’ Christmas card? Completely unnecessary."
126,/boards/forums/stigma.54/,"Inka said: In addition, alcoholism is a disease too. I lost someone close to me to alcoholism. Click to expand... Me too. My younger brother was told by his GP that if he didn't stop his drinking it would kill him. He didn't stop, and he died aged 48."
127,/boards/forums/stigma.54/,"I think the thing is, thinking about this for those of us with 3c, most likely a life threatening illness has led us to diabetes and this forum. It's not a joke. Often for type 1s I see an experience with DKA is how they end up getting diagnosed, it's not a joke. But type 2s aren't deserving of being the butt of anyone's joke either? There are plenty of slim type twos out there. I'm fat, and I eat much less than my siblings, and food of much more nutritional content too but she is way slimmer. You can't tar everyone with the same brush with this blame game. Not everyone experiences the world in the same way. This is in the stigma part of the forum for good reason, there's a whole lot of stigma out there about diabetes. I think for every type there's always someone who will insinuate it was self caused."
128,/boards/forums/stigma.54/,"stackingcups said: I think the thing is, thinking about this for those of us with 3c, most likely a life threatening illness has led us to diabetes and this forum. It's not a joke. Often for type 1s I see an experience with DKA is how they end up getting diagnosed, it's not a joke. But type 2s aren't deserving of being the butt of anyone's joke either? There are plenty of slim type twos out there. I'm fat, and I eat much less than my siblings, and food of much more nutritional content too but she is way slimmer. You can't tar everyone with the same brush with this blame game. Not everyone experiences the world in the same way. This is in the stigma part of the forum for good reason, there's a whole lot of stigma out there about diabetes. I think for every type there's always someone who will insinuate it was self caused. Click to expand... Thank you.  I'm type 2 and 5'6"" under 9 stone now.  Probably genetic"
129,/boards/forums/stigma.54/,Only just seen this ‘joke’ card as I’ve only just joined. I’ll watch for anything offensive on those lines next Xmas and shout up if appropriate!
130,/boards/forums/stigma.54/,"JohnTagg said: Only just seen this ‘joke’ card as I’ve only just joined. I’ll watch for anything offensive on those lines next Xmas and shout up if appropriate! Click to expand... Hi John, we have a newbies page where you can introduce yourself to the forum if you would like to. Alan"
131,/boards/forums/stigma.54/,"Alan44 said: Hi John, we have a newbies page where you can introduce yourself to the forum if you would like to. Alan Click to expand... Alan Done this. John"
132,/boards/forums/stigma.54/,Good grief.  Really shocked at that.
133,/boards/forums/stigma.54/,Just did a google search there is one still out there by twisted gifts. Oh it may have been taken down as when I clicked on the link page when back to google.  It is still showing in the search though.  The red card on the right. It still shows on search the
134,/boards/forums/stigma.54/,"hayley.ar003 said: Everyone is entitled to their opinion as you are yours - I suppose the issue runs a bit deeper with this card as there are over 10 types of diabetes and this perpetuates the stigma and mis-information that diabetes is caused from eating too much sugar, and that all diabetes is the same (also that diabetics are to blame for their condition which is not the case). Not only diabetes, but alcoholism is a very serious and life-threatening disease. I like a joke as much as the next person (when well written), and maybe if the creator of this card was a diabetic or alcoholic whose entire brand was creating cards and content like this it may be seen in a different light but I doubt that's the case! A lot of people aren't happy with the card, but if it made you giggle then it's reached its target audience! Click to expand... I was brought up not to make fun of peoples misfortunes ‍♀️"
135,/boards/forums/stigma.54/,"I've just seen this, haven't been on the forum for a while. It isn't funny. I've had the 'Oh I didn't know you ate a lot of sugar' comment (from a nurse), who I would have expected to know better. It seems education has a long way to go. the only person who is allowed to make jokes about diabetes is my husband, and these are along the lines of saying 'Your sensor will start screaming' if I look at a bar of chocolate, but that's in private, and he does understand how serious diabetes is.I'm glad it was taken off sale."
136,/boards/forums/stigma.54/,"Hello everyone, I signed up on here a while back but I'm not a very forum user person.  I have type 2 diabetes and have found it impossible to get my a1c under control so I'm going on Mounjaro once my eye results reach the necessary prescriber.  I'm not sensitive to jokes or anything as I feel this gives too much power to the person or people who tell them. I'm going to try and be an active member from now on - but don't hold me to that xx"
137,/boards/forums/stigma.54/,"Midnightvelvet said: Hello everyone, I signed up on here a while back but I'm not a very forum user person.  I have type 2 diabetes and have found it impossible to get my a1c under control so I'm going on Mounjaro once my eye results reach the necessary prescriber.  I'm not sensitive to jokes or anything as I feel this gives too much power to the person or people who tell them. I'm going to try and be an active member from now on - but don't hold me to that xx Click to expand... Welcome to the forum Perhaps you could try some of the strategies suggested in this link, it is an approach which many have found successful. Freshwell Low Carb Project - Home lowcarbfreshwell.com You may want to start your own thread so things don't get muddled in a different topic."
138,/boards/forums/stigma.54/,Welcome back @Midnightvelvet - good to see you again
139,/boards/forums/stigma.54/,"There is a lot of ignorance about the causes of diabetes that is for sure and I think encouraging people to make fun of it just belittles the health problem, which really is not helpful to anyone and I feel disrespectful to those who have been diagnosed whatever the cause of which there are many."
140,/boards/forums/stigma.54/,Mental health is another subject thats open to all sorts of stuff like this I think that card is out of order to be produced for profit Jokes can be light hearted on all sorts of things but thats just pathetic in my opinion
141,/boards/forums/stigma.54/,"Saw this on Facebook, from the father of Lyla (who died from undiagnosed Type 1) - there was a scene in Coronation Street last night exactly as was described - I don't watch it but made a point of looking at it on ITV X - not very good from ITV IMO Here is my email to Kate Brooks at ITV (in charge of Corrie) Aaand relax #LylaLaw #T1D #Diabetes #fyp Dear Kate, I am writing regarding Summer’s storyline in last night’s episode of Coronation Street. While I understand the intention behind portraying her becoming drunk from sugary alcoholic drinks, the way the scene concluded, with the line “I’m hyper… erm, hypo, I need insulin.” was deeply concerning. Administering insulin during a hypoglycaemic episode is extremely dangerous and can be fatal. If someone is experiencing a hypo, they require glucose, not insulin. A more accurate and safer way to portray this would have been for Summer to say she needed to check her levels before determining what action to take. Ending the scene with “I’m hypo, I need insulin” risks confusing the public and reinforcing harmful misconceptions. Even reversing the order of the words “I’m hypo… erm, hyper, I need insulin” would have been less damaging. I fully appreciate that Coronation Street is a drama, but it is also one of the most influential programmes in the UK. With that influence comes a responsibility to portray medical conditions accurately. Misrepresentation further contributes to stigma, misunderstanding, and in the case of Type 1 Diabetes, potentially dangerous assumptions. This issue is profoundly personal to me, as well as to the hundreds of thousands of people living with Type 1 Diabetes across the UK. My daughter, Lyla Story, died at just two years old from undiagnosed Type 1 Diabetes in May last year. Her death was preventable. Since then, I have dedicated myself to campaigning nationally for Lyla’s Law, which seeks to address the systemic failures that continue to put children and adults at risk. The campaign focuses on: 1. Accountability for missed diagnoses in primary care 2. Mandatory education for all healthcare professionals, especially GPs 3. National public awareness of the 4Ts — Toilet, Thirsty, Tired, Thinner Given the seriousness of this condition, the rising number of diagnoses, and the urgent need for accurate public education, I respectfully ask that Summer’s character and her experience of living with Type 1 Diabetes are portrayed in a more accurate and realistic manner going forward. Lives genuinely depend on public understanding. Thank you for taking the time to consider this important matter. I would welcome the opportunity to discuss this further and to share more about Lyla’s Law and the work being done to prevent future tragedies. With warm regards, Mr. John Paul Story Did anyone see it?"
142,/boards/forums/stigma.54/,I remember seeing a TV plot where someone who was thought to be drunk being arrested and put into a cell when they were insulin dependent diabetic and they were brought round with insulin. Although it was long ago I remember being puzzled as it did not seem logical - but have there not been incidents where people hade administered insulin thinking they are helping someone collapsed in the street and almost killing their victim?
143,/boards/forums/stigma.54/,"Drummer said: but have there not been incidents where people hade administered insulin thinking they are helping someone collapsed in the street and almost killing their victim? Click to expand... There have indeed been such incidents, which is why it was quite alarming to watch - millions of people watch Corrie and it just takes one or two people to take that scene, and what is was (completely incorrectly) saying and apply it literally - they would have blood on their hands Hopefully DUK and Breakthrough T1D are all over this as this kind of signal/advice is potentially life-threatening (I understand they were consulted when the story of the character's T1 Diagnosis was first broadcast)"
144,/boards/forums/stigma.54/,"Do you know if DUK have contacted them @mashedupmatt ? It would be good if they issued an apology and correction immediately prior to an episode, including what to do. In First Aid, when I already had Type 1, we were taught to always assume a fainting/ill Type 1 had low blood sugar and give them glucose if they were conscious. If they weren’t conscious, dial 999. The thinking was it was better to give someone glucose unnecessarily than not give them to someone suffering a bad hypo."
145,/boards/forums/stigma.54/,Inka said: Do you know if DUK have contacted them @mashedupmatt ? Click to expand... I don't know as yet - but will try and find out because it is serious and should be addressed
146,/boards/forums/stigma.54/,"He did get a reply - and I'm finding out if DUK are aware and are raising the issue with ITV Here is the reply: John Story 2h · Kate Brooks at #ITV has replied to my email with the following, my response is below it. #LylasLaw #T1D #education: ""Hi John, Hope this email finds you well. Thank you for reaching out in regard to the Summer storyline.  It was intended to be the incoherent ramblings of an inebriated and fragile Summer, but on reflection, your suggested alternative wording would have been a more suitable line of dialogue, and approach. We'll absolutely take greater care in the future to ensure that the dialogue of our characters is more accurate and representative of people living with Type 1 Diabetes. Best wishes, Kate"" Not good enough IMO - it's not about a suitable line of dialogue, it's about people not taking this (completely wrong) message and killing someone inadvertently because they thought they were helping as a result of a massive mistake by a television company with millions of viewers There have been other complaints - search John Story on Facebook and find the original post - others have complained and had responses from ITV They should put out an apology and a correction I think (perhaps before the next episode)"
147,/boards/forums/stigma.54/,"I agree wholeheartedly. Public knowledge and appreciation of the condition needs to improve across the board including the internet's social media. We must all be dealing with the facts. However, what is really disturbing is the appalling lack of knowledge and trained staff to deal with all forms of diabetes. It is estimated that there are 6 million people, in the UK, with some form of diabetes and at least 10% of them have type 1.  This means that there are 600,000 people with a condition which can only be treated with insulin, and there is no remission or mitigation for them.  They need all the support they can get. When my Mother contracted Type 1 in the 1960s, there were clinics readily available which were staffed with experienced professionals, she did not need to do her own research as advice and education were available all the time. We are richer now but the resources are not available to give adequate support. Surely, it is not beyond the wit of our society to reduce the number of people who are suffering from type 2. If we could get those numbers down then we could concentrate on  type1 diabetics who can do very little or nothing to prevent themselves contracting a serious disease."
148,/boards/forums/stigma.54/,"Saw this on Facebook, from the father of Lyla (who died from undiagnosed Type 1) - there was a scene in Coronation Street last night exactly as was described - I don't watch it but made a point of looking at it on ITV X - not very good from ITV IMO Here is my email to Kate Brooks at ITV (in charge of Corrie) Aaand relax #LylaLaw #T1D #Diabetes #fyp Dear Kate, I am writing regarding Summer’s storyline in last night’s episode of Coronation Street. While I understand the intention behind portraying her becoming drunk from sugary alcoholic drinks, the way the scene concluded, with the line “I’m hyper… erm, hypo, I need insulin.” was deeply concerning. Administering insulin during a hypoglycaemic episode is extremely dangerous and can be fatal. If someone is experiencing a hypo, they require glucose, not insulin. A more accurate and safer way to portray this would have been for Summer to say she needed to check her levels before determining what action to take. Ending the scene with “I’m hypo, I need insulin” risks confusing the public and reinforcing harmful misconceptions. Even reversing the order of the words “I’m hypo… erm, hyper, I need insulin” would have been less damaging. I fully appreciate that Coronation Street is a drama, but it is also one of the most influential programmes in the UK. With that influence comes a responsibility to portray medical conditions accurately. Misrepresentation further contributes to stigma, misunderstanding, and in the case of Type 1 Diabetes, potentially dangerous assumptions. This issue is profoundly personal to me, as well as to the hundreds of thousands of people living with Type 1 Diabetes across the UK. My daughter, Lyla Story, died at just two years old from undiagnosed Type 1 Diabetes in May last year. Her death was preventable. Since then, I have dedicated myself to campaigning nationally for Lyla’s Law, which seeks to address the systemic failures that continue to put children and adults at risk. The campaign focuses on: 1. Accountability for missed diagnoses in primary care 2. Mandatory education for all healthcare professionals, especially GPs 3. National public awareness of the 4Ts — Toilet, Thirsty, Tired, Thinner Given the seriousness of this condition, the rising number of diagnoses, and the urgent need for accurate public education, I respectfully ask that Summer’s character and her experience of living with Type 1 Diabetes are portrayed in a more accurate and realistic manner going forward. Lives genuinely depend on public understanding. Thank you for taking the time to consider this important matter. I would welcome the opportunity to discuss this further and to share more about Lyla’s Law and the work being done to prevent future tragedies. With warm regards, Mr. John Paul Story Did anyone see it?"
149,/boards/forums/stigma.54/,I remember seeing a TV plot where someone who was thought to be drunk being arrested and put into a cell when they were insulin dependent diabetic and they were brought round with insulin. Although it was long ago I remember being puzzled as it did not seem logical - but have there not been incidents where people hade administered insulin thinking they are helping someone collapsed in the street and almost killing their victim?
150,/boards/forums/stigma.54/,"Drummer said: but have there not been incidents where people hade administered insulin thinking they are helping someone collapsed in the street and almost killing their victim? Click to expand... There have indeed been such incidents, which is why it was quite alarming to watch - millions of people watch Corrie and it just takes one or two people to take that scene, and what is was (completely incorrectly) saying and apply it literally - they would have blood on their hands Hopefully DUK and Breakthrough T1D are all over this as this kind of signal/advice is potentially life-threatening (I understand they were consulted when the story of the character's T1 Diagnosis was first broadcast)"
151,/boards/forums/stigma.54/,"Do you know if DUK have contacted them @mashedupmatt ? It would be good if they issued an apology and correction immediately prior to an episode, including what to do. In First Aid, when I already had Type 1, we were taught to always assume a fainting/ill Type 1 had low blood sugar and give them glucose if they were conscious. If they weren’t conscious, dial 999. The thinking was it was better to give someone glucose unnecessarily than not give them to someone suffering a bad hypo."
152,/boards/forums/stigma.54/,Inka said: Do you know if DUK have contacted them @mashedupmatt ? Click to expand... I don't know as yet - but will try and find out because it is serious and should be addressed
153,/boards/forums/stigma.54/,"He did get a reply - and I'm finding out if DUK are aware and are raising the issue with ITV Here is the reply: John Story 2h · Kate Brooks at #ITV has replied to my email with the following, my response is below it. #LylasLaw #T1D #education: ""Hi John, Hope this email finds you well. Thank you for reaching out in regard to the Summer storyline.  It was intended to be the incoherent ramblings of an inebriated and fragile Summer, but on reflection, your suggested alternative wording would have been a more suitable line of dialogue, and approach. We'll absolutely take greater care in the future to ensure that the dialogue of our characters is more accurate and representative of people living with Type 1 Diabetes. Best wishes, Kate"" Not good enough IMO - it's not about a suitable line of dialogue, it's about people not taking this (completely wrong) message and killing someone inadvertently because they thought they were helping as a result of a massive mistake by a television company with millions of viewers There have been other complaints - search John Story on Facebook and find the original post - others have complained and had responses from ITV They should put out an apology and a correction I think (perhaps before the next episode)"
154,/boards/forums/stigma.54/,"I agree wholeheartedly. Public knowledge and appreciation of the condition needs to improve across the board including the internet's social media. We must all be dealing with the facts. However, what is really disturbing is the appalling lack of knowledge and trained staff to deal with all forms of diabetes. It is estimated that there are 6 million people, in the UK, with some form of diabetes and at least 10% of them have type 1.  This means that there are 600,000 people with a condition which can only be treated with insulin, and there is no remission or mitigation for them.  They need all the support they can get. When my Mother contracted Type 1 in the 1960s, there were clinics readily available which were staffed with experienced professionals, she did not need to do her own research as advice and education were available all the time. We are richer now but the resources are not available to give adequate support. Surely, it is not beyond the wit of our society to reduce the number of people who are suffering from type 2. If we could get those numbers down then we could concentrate on  type1 diabetics who can do very little or nothing to prevent themselves contracting a serious disease."
155,/boards/forums/stigma.54/,"I’ve seen two absolute corkers this last couple of weeks. Firstly, on Apple TVs Hijack with Idris Elba. The plane has been hijacked and the baddies are patrolling the aisles with their obligatory guns and snarls. One old guy with his two nephews is moaning and groaning and clutching his stomach. A nephew implores the baddie to let him get his uncle’s insulin from the overhead locker! Eventually they let him and his uncle has an injection and he’s fine! What the heck…? On Coronation Street on Monday, Summer, who’s about 21ish, Type 1 diabetic,  gets really drunk and pronounces to Roy Cropper “ I’m hyper, no I mean hypo, I need my insulin!” I’m surprised as when Summer was diagnosed the producers worked closely with Diabetes UK to get it right, and they did. Sloppy writing. I just hope if I ever go hypo whilst being held hostage or get drunk, the people with me don’t inject me with insulin as they “ saw it on the telly”. It would take a quick google to get it right. Rant over, until the next time."
156,/boards/forums/stigma.54/,I'm the same with IT and technology and shouting at the screen about how things are portrayed. I know sometimes its for dramatic effect but even a quick bit of research would show how completely wrong it is. The diabetes is far worse though as it could someone's only bit of knowledge about what do in a hyper/hypo situation. I have a friend who's a very well qualified first aider who still thinks injecting me with insulin is the answer regardless - here's hoping she doesn't watch Corrie.
157,/boards/forums/stigma.54/,"I have a friend who's a very well qualified first aider who still thinks injecting me with insulin is the answer regardless - here's hoping she doesn't watch Corrie. I think part of the reason is EpiPens. I’ve explained to my colleagues more than once, but they still think things like: insulin pens are ‘epipens’ and must be administered in a diabetic emergency; EpiPens are to treat epilepsy; any pen-like medical device is therefore an ‘EpiPen’ even when they know the person in question receives their prescribed drug through a pen-like device, even ones that go in the mouth (ie a kind of syringe-like thing to deliver medicine to the cheek). It’s so frustrating. It’s also potentially dangerous. I wish they’d make a brief, clear poster that could go up in schools and workplaces."
158,/boards/forums/stigma.54/,"It would be quite nice if something along the lines of ""READ ME: Do not inject me, give me sugar/glucose. The insulin in this pen reduces blood glucose and may kill me"" were printed along the side of the pens. When I was at school I had a note with similar written on it alongside my insulin supplies. Very poor form that a TV show would show a T1 diabetic asking for insulin. Has anyone every done this/seen this done by a drunk T1? It's certainly not a thing I've ever thought in all my years of drunken nights out at school and uni, etc. I'm also not sure how a first aider can possibly think this. I wonder what course/training they did, sounds like a definite problem with what they've been taught!"
159,/boards/forums/stigma.54/,"Inka said: I have a friend who's a very well qualified first aider who still thinks injecting me with insulin is the answer regardless - here's hoping she doesn't watch Corrie. I think part of the reason is EpiPens. I’ve explained to my colleagues more than once, but they still think things like: insulin pens are ‘epipens’ and must be administered in a diabetic emergency; EpiPens are to treat epilepsy; any pen-like medical device is therefore an ‘EpiPen’ even when they know the person in question receives their prescribed drug through a pen-like device, even ones that go in the mouth (ie a kind of syringe-like thing to deliver medicine to the cheek). It’s so frustrating. It’s also potentially dangerous. I wish they’d make a brief, clear poster that could go up in schools and workplaces. Click to expand... Just worth pointing out that Epipens are normally used to treat a severe allergic reaction with adrenaline, but can also be used to treat seizures."
160,/boards/forums/stigma.54/,Standup said: I have a friend who's a very well qualified first aider who still thinks injecting me with insulin is the answer regardless Click to expand... Thats not a qualified first aider...... Thats a first aider thats a disaster waiting to happen and needs to go back to first aid school Thats actually quite scary to think about
161,/boards/forums/stigma.54/,"Duncan Mackay said: Just worth pointing out that Epipens are normally used to treat a severe allergic reaction with adrenaline, but can also be used to treat seizures. Click to expand... Very rarely though, and that extra knowledge would only confuse people who think Epi is short for epilepsy when, in fact, it refers to the drug it contains: Epi = epinephrine. The people I’m talking about aren’t fools. They’re all educated people, but they still think variations of what I’ve put in my first post above. One actually said, “So if you’re ill, we inject you with your EpiPen?” I explained that No, it wasn’t an EpiPen and no, if I was ever ill they should give me glucose tablets, which I showed them. Their response was “Riiiiggghhhht…” and they didn’t look at all convinced. They either didn’t believe me or they were totally confused. Neither is good."
162,/boards/forums/stigma.54/,"I think some people get confused and think that a glucagon injection is delivered with an epipen. I’ve been asked if i carry an epipen to inject glucagon in the past, and people have been surprised when I explained that glucagon wasn’t that simple, and needed mixing first (which it did then, maybe not now) and that provided I wasn’t unconscious, a jelly baby would do."
163,/boards/forums/stigma.54/,"@Inka That’s because most people’s understanding of diabetes doesn’t go beyond “can’t eat sugar”, so when you try to explain that in certain circumstances it’s actually what you need, it makes no sense at all in their brains!  People also don’t seem to understand that hypo and hyper are two different opposite things, or that there are two ways in which you can be ill, that need different treatments.  I get it that you can’t expect everyone to be experts on the subject, but I do wish they would listen when you try to explain.  The amount of food-related experiences at primary school that were spoiled for my daughter, because those in charge wouldn’t listen to how we could enable her to participate, was really annoying!  And smug teachers who thought they knew more about it than i did"
164,/boards/forums/stigma.54/,"Robin said: I think some people get confused and think that a glucagon injection is delivered with an epipen. I’ve been asked if i carry an epipen to inject glucagon in the past, and people have been surprised when I explained that glucagon wasn’t that simple, and needed mixing first (which it did then, maybe not now) and that provided I wasn’t unconscious, a jelly baby would do. Click to expand... The new ones don't need mixing and also can be administered by a non medical professional. I was a bit surprised to be told that the nurses at my GP weren't allowed to use the old ones - only a doctor could."
165,/boards/forums/stigma.54/,"I have been so surprised over the last few days regarding the utter lack of education most have about Diabetes. I knew it was bad, but between what's being shown on TV, these ""first aiders"", and a story I heard about a man being injected with his own insulin pen when he fell unconscious, I am now shocked. The UK is in dire need of diabetes education!"
166,/boards/forums/stigma.54/,"Standup said: The new ones don't need mixing and also can be administered by a non medical professional. I was a bit surprised to be told that the nurses at my GP weren't allowed to use the old ones - only a doctor could. Click to expand... The old ones can be administered by a non-professional too, can’t they?  You just follow the instructions.  Otherwise, why would they give you one to keep at home if you have to wait however long it takes for a doctor to get there?  I have one in my fridge, thankfully have never needed it, but if my daughter was unconscious I’d certainly do it myself whilst waiting for help, that’s the whole point of it"
167,/boards/forums/stigma.54/,"I posted about this last night, having watched a clip of the Corrie horrendous and potentially life-threatening blunder - it is terrible and needs addressing Thread 'Last Night's Coronation Street' Jan 27, 2026 Saw this on Facebook, from the father of Lyla (who died from undiagnosed Type 1) - there was a scene in Coronation Street last night exactly as was described - I don't watch it but made a point of looking at it on ITV X - not very good from ITV IMO Here is my email to Kate Brooks at ITV (in charge of Corrie) Aaand relax #LylaLaw #T1D #Diabetes #fyp Dear Kate, I am writing regarding Summer’s storyline in last night’s episode of Coronation Street. While I understand the intention behind portraying her becoming drunk from sugary alcoholic drinks, the way the scene concluded, with the line... mashedupmatt Replies: 6 Forum: Stigma"
168,/boards/forums/stigma.54/,"mashedupmatt said: I posted about this last night, having watched a clip of the Corrie horrendous and potentially life-threatening blunder - it is terrible and needs addressing Thread 'Last Night's Coronation Street' Jan 27, 2026 Saw this on Facebook, from the father of Lyla (who died from undiagnosed Type 1) - there was a scene in Coronation Street last night exactly as was described - I don't watch it but made a point of looking at it on ITV X - not very good from ITV IMO Here is my email to Kate Brooks at ITV (in charge of Corrie) Aaand relax #LylaLaw #T1D #Diabetes #fyp Dear Kate, I am writing regarding Summer’s storyline in last night’s episode of Coronation Street. While I understand the intention behind portraying her becoming drunk from sugary alcoholic drinks, the way the scene concluded, with the line... mashedupmatt Replies: 6 Forum: Stigma Click to expand... It will be interesting to see if you have a reply and whether they intend to write in an episode to correct their mistaken presentation."
169,/boards/forums/stigma.54/,Standup said: The new ones don't need mixing and also can be administered by a non medical professional. I was a bit surprised to be told that the nurses at my GP weren't allowed to use the old ones - only a doctor could. Click to expand... Sure those prefilled pens ceased production or were no longer available on NHS.
170,/boards/forums/stigma.54/,Leadinglights said: It will be interesting to see if you have a reply and whether they intend to write in an episode to correct their mistaken presentation. Click to expand... He did get a reply which was not good enough IMO - see the other thread
171,/boards/forums/stigma.54/,"Leadinglights said: It will be interesting to see if you have a reply and whether they intend to write in an episode to correct their mistaken presentation. Click to expand... I saw Kate Brooks' response to Lyla Story's dad, who wrote to her about it as well - she said it was supposed to be the ramblings of an intoxicated person and wasn't supposed to make sense, but she would be more careful with future storylines..."
172,/boards/forums/stigma.54/,Not good enough IMO though - it's not even slightly addressing the potential dangers of the message they have portrayed
173,/boards/forums/stigma.54/,"Sally71 said: The old ones can be administered by a non-professional too, can’t they?  You just follow the instructions.  Otherwise, why would they give you one to keep at home if you have to wait however long it takes for a doctor to get there?  I have one in my fridge, thankfully have never needed it, but if my daughter was unconscious I’d certainly do it myself whilst waiting for help, that’s the whole point of it Click to expand... I'm sure you can which is why I was surprised at the conversation. I suspect its to do with professional liability or possibly my Practice being hyper cautious."
174,/boards/forums/stigma.54/,"mashedupmatt said: Not good enough IMO though - it's not even slightly addressing the potential dangers of the message they have portrayed Click to expand... I completely agree, it's not ok at all and I don't think she realises how dangerous her writing could be. Surely she should release some kind of statement or acknowledge that the wording was completely inaccurate."
175,/boards/forums/stigma.54/,Standup said: The new ones don't need mixing and also can be administered by a non medical professional. I was a bit surprised to be told that the nurses at my GP weren't allowed to use the old ones - only a doctor could. Click to expand... I was told when it was issued that the person or persons likely to give it to me would need training. I asked them not to give it to be as I’ve never had a serve hypo (apart from when I’m pregnant) and my household and friends know the signs and what to do to check. I hate that they still issued it. Also my nurse said that the person who’s given it afterwards still will need medical care and will feel rotten for 24-48 hours and it really is only to save a life. I hope it’s never needed. But don’t feel any better having it in the house and I never take it anywhere. I’ve seen that the hijack show you mentioned @eggyg and it’s ludicrous and I hate that it will be watched and taken as “fact”.
176,/boards/forums/stigma.54/,"Inka said: It’s so frustrating. It’s also potentially dangerous. I wish they’d make a brief, clear poster that could go up in schools and workplaces. Click to expand... This was my attempt back in the day… Type 1 Diabetes - a 30 second guide for busy journalists and scriptwriters I realise that journalists and scriptwriters are busy people, so I've put together this 30-second guide to Type 1 Diabetes. That's a full five seconds per bullet point and five seconds to rest at the end. www.everydayupsanddowns.co.uk One of my personal favourites (aside from Jodie Foster’s Panic Room, of course) is the horrendous (mis)representation of diabetes in Con Air. All that exploding-helicopter budget and they couldn’t spare 2c to ask someone with T1 to check the script."
177,/boards/forums/stigma.54/,"PhoebeC said: Also my nurse said that the person who’s given it afterwards still will need medical care and will feel rotten for 24-48 hours and it really is only to save a life. I hope it’s never needed. But don’t feel any better having it in the house and I never take it anywhere. Click to expand... I don't know about 48h, but certainly you feel terrible immediately afterwards. I was given one many years ago after a drunken student night out. I'm not sure I necessarily needed it, but someone decided to call a doctor rather than offering me sweet things. C'est la vie, it's my fault of course. I slept on the bathroom floor (by the toilet) as I felt so sick (not from the alcohol I hasten to add), which then meant I felt pretty awful the next day too. Not recommended."
178,/boards/forums/stigma.54/,"Lauren said: I saw Kate Brooks' response to Lyla Story's dad, who wrote to her about it as well - she said it was supposed to be the ramblings of an intoxicated person and wasn't supposed to make sense, but she would be more careful with future storylines... Click to expand... So basically sorry not sorry..."
179,/boards/forums/stigma.54/,"Martyn Lambert said: So basically sorry not sorry... Click to expand... And that is about all you will get. If you have expertise in anything you will almost certainly get very annoyed about its portrayal in the media.  Saw it when I worked in the nuclear industry, saw it when I ran a fuel cell development group, saw it when I had my bike shop and now see it as a carer. I am sure @MikeyBikey 's experience of the NHS is not reflected in any of the medical programmes or soap opera story lines.  Something that makes a good visual story beats accuracy every time. Not sure what anybody can do about it except treat treat all media as a dubious source of information, something increasingly harder to do with the way social media is going. Grumpy old man post over."
180,/boards/forums/stigma.54/,I'm sure 'Lessons will be learnt' as per useless usual.  Waste of effort getting worked up about it; sorry.
181,/boards/forums/stigma.54/,Standup said: The new ones don't need mixing and also can be administered by a non medical professional. I was a bit surprised to be told that the nurses at my GP weren't allowed to use the old ones - only a doctor could. Click to expand... I was told when it was issued that the person or persons likely to give it to me would need training. I asked them not to give it to be as I’ve never had a serve hypo (apart from when I’m pregnant) and my household and friends know the signs and what to do to check. I hate that they still issued it. Also my nurse said that the person who’s given it afterwards still will need medical care and will feel rotten for 24-48 hours and it really is only to save a life. I hope it’s never needed. But don’t feel any better having it in the house and I never take it anywhere. I’ve seen that the hijack show you mentioned @eggyg and it’s ludicrous and I hate that it will be watched and taken as “fact”.
182,/boards/forums/stigma.54/,"Inka said: It’s so frustrating. It’s also potentially dangerous. I wish they’d make a brief, clear poster that could go up in schools and workplaces. Click to expand... This was my attempt back in the day… Type 1 Diabetes - a 30 second guide for busy journalists and scriptwriters I realise that journalists and scriptwriters are busy people, so I've put together this 30-second guide to Type 1 Diabetes. That's a full five seconds per bullet point and five seconds to rest at the end. www.everydayupsanddowns.co.uk One of my personal favourites (aside from Jodie Foster’s Panic Room, of course) is the horrendous (mis)representation of diabetes in Con Air. All that exploding-helicopter budget and they couldn’t spare 2c to ask someone with T1 to check the script."
183,/boards/forums/stigma.54/,"PhoebeC said: Also my nurse said that the person who’s given it afterwards still will need medical care and will feel rotten for 24-48 hours and it really is only to save a life. I hope it’s never needed. But don’t feel any better having it in the house and I never take it anywhere. Click to expand... I don't know about 48h, but certainly you feel terrible immediately afterwards. I was given one many years ago after a drunken student night out. I'm not sure I necessarily needed it, but someone decided to call a doctor rather than offering me sweet things. C'est la vie, it's my fault of course. I slept on the bathroom floor (by the toilet) as I felt so sick (not from the alcohol I hasten to add), which then meant I felt pretty awful the next day too. Not recommended."
184,/boards/forums/stigma.54/,"Lauren said: I saw Kate Brooks' response to Lyla Story's dad, who wrote to her about it as well - she said it was supposed to be the ramblings of an intoxicated person and wasn't supposed to make sense, but she would be more careful with future storylines... Click to expand... So basically sorry not sorry..."
185,/boards/forums/stigma.54/,"Martyn Lambert said: So basically sorry not sorry... Click to expand... And that is about all you will get. If you have expertise in anything you will almost certainly get very annoyed about its portrayal in the media.  Saw it when I worked in the nuclear industry, saw it when I ran a fuel cell development group, saw it when I had my bike shop and now see it as a carer. I am sure @MikeyBikey 's experience of the NHS is not reflected in any of the medical programmes or soap opera story lines.  Something that makes a good visual story beats accuracy every time. Not sure what anybody can do about it except treat treat all media as a dubious source of information, something increasingly harder to do with the way social media is going. Grumpy old man post over."
186,/boards/forums/stigma.54/,I'm sure 'Lessons will be learnt' as per useless usual.  Waste of effort getting worked up about it; sorry.
187,/boards/forums/stigma.54/,Standup said: The new ones don't need mixing and also can be administered by a non medical professional. I was a bit surprised to be told that the nurses at my GP weren't allowed to use the old ones - only a doctor could. Click to expand... I was told when it was issued that the person or persons likely to give it to me would need training. I asked them not to give it to be as I’ve never had a serve hypo (apart from when I’m pregnant) and my household and friends know the signs and what to do to check. I hate that they still issued it. Also my nurse said that the person who’s given it afterwards still will need medical care and will feel rotten for 24-48 hours and it really is only to save a life. I hope it’s never needed. But don’t feel any better having it in the house and I never take it anywhere. I’ve seen that the hijack show you mentioned @eggyg and it’s ludicrous and I hate that it will be watched and taken as “fact”.
188,/boards/forums/stigma.54/,"Inka said: It’s so frustrating. It’s also potentially dangerous. I wish they’d make a brief, clear poster that could go up in schools and workplaces. Click to expand... This was my attempt back in the day… Type 1 Diabetes - a 30 second guide for busy journalists and scriptwriters I realise that journalists and scriptwriters are busy people, so I've put together this 30-second guide to Type 1 Diabetes. That's a full five seconds per bullet point and five seconds to rest at the end. www.everydayupsanddowns.co.uk One of my personal favourites (aside from Jodie Foster’s Panic Room, of course) is the horrendous (mis)representation of diabetes in Con Air. All that exploding-helicopter budget and they couldn’t spare 2c to ask someone with T1 to check the script."
189,/boards/forums/stigma.54/,"PhoebeC said: Also my nurse said that the person who’s given it afterwards still will need medical care and will feel rotten for 24-48 hours and it really is only to save a life. I hope it’s never needed. But don’t feel any better having it in the house and I never take it anywhere. Click to expand... I don't know about 48h, but certainly you feel terrible immediately afterwards. I was given one many years ago after a drunken student night out. I'm not sure I necessarily needed it, but someone decided to call a doctor rather than offering me sweet things. C'est la vie, it's my fault of course. I slept on the bathroom floor (by the toilet) as I felt so sick (not from the alcohol I hasten to add), which then meant I felt pretty awful the next day too. Not recommended."
190,/boards/forums/stigma.54/,"Lauren said: I saw Kate Brooks' response to Lyla Story's dad, who wrote to her about it as well - she said it was supposed to be the ramblings of an intoxicated person and wasn't supposed to make sense, but she would be more careful with future storylines... Click to expand... So basically sorry not sorry..."
191,/boards/forums/stigma.54/,"Martyn Lambert said: So basically sorry not sorry... Click to expand... And that is about all you will get. If you have expertise in anything you will almost certainly get very annoyed about its portrayal in the media.  Saw it when I worked in the nuclear industry, saw it when I ran a fuel cell development group, saw it when I had my bike shop and now see it as a carer. I am sure @MikeyBikey 's experience of the NHS is not reflected in any of the medical programmes or soap opera story lines.  Something that makes a good visual story beats accuracy every time. Not sure what anybody can do about it except treat treat all media as a dubious source of information, something increasingly harder to do with the way social media is going. Grumpy old man post over."
192,/boards/forums/stigma.54/,I'm sure 'Lessons will be learnt' as per useless usual.  Waste of effort getting worked up about it; sorry.
193,/boards/forums/stigma.54/,"This year to mark World Diabetes Day, Diabetes UK is highlighting the voices of the diabetes community to open up a conversation around the impact of diabetes stigma and start changing the mindset. Find out more using the link below: What are we doing to tackle stigma, and what’s next? Since then, we’ve been doing a lot of work to better understand how stigma (or stereotypes and misconceptions) about diabetes present themselves and how they impact people living with diabetes. We’re now funding two research projects into diabetes-related stigma, in our biggest investment in... www.diabetes.org.uk"
194,/boards/forums/stigma.54/,"If you feel comfortable to share more detail about how misconceptions, prejudices or negative attitudes have affected you personally, you can use the link below. This will help us as an organisation to understand more about the impact of stigma, and to ensure your voices are heard as we break down the stigma associated with diabetes. Share your experiences of stigma www.diabetes.org.uk"
195,/boards/forums/stigma.54/,"Anna DUK said: If you feel comfortable to share more detail about how misconceptions, prejudices or negative attitudes have affected you personally, you can use the link below. This will help us as an organisation to understand more about the impact of stigma, and to ensure your voices are heard as we break down the stigma associated with diabetes. Share your experiences of stigma www.diabetes.org.uk Click to expand... I am happy to complete this survey. However, the question ""Can you tell us where you’ve experienced stigma?"" does not include the cases where I have experienced most diabetes stigma - travelling and sport. Unfortunately, there is no option for ""Other"". Is this because Diabetes UK want to focus on the areas listed or were others not considered?"
196,/boards/forums/stigma.54/,"Thanks for your support with our new campaign @helli . I think the intention is to list the most common areas so that we don't end up with a very long list that people have to scroll through. Appreciate the feedback for an 'other' option though so I will feed this back. However, any other areas you have experienced stigma can be captured in the free-text box."
197,/boards/forums/stigma.54/,"Anna DUK said: What are we doing to tackle stigma, and what’s next? Since then, we’ve been doing a lot of work to better understand how stigma (or stereotypes and misconceptions) about diabetes present themselves and how they impact people living with diabetes. We’re now funding two research projects into diabetes-related stigma, in our biggest investment in... www.diabetes.org.uk Click to expand... @Anna DUK The article says: ""This week we published more information on the causes of type 2 diabetes , fuelled by years of research we've funded into this area, as we know that helping people to understand the complexity of type 2 diabetes is an important step in tackling the harm and discrimination that comes from stigma."" The link looks very interesting but does not lead anywhere. Please let us know where it should go."
198,/boards/forums/stigma.54/,"JITR said: @Anna DUK The article says: ""This week we published more information on the causes of type 2 diabetes , fuelled by years of research we've funded into this area, as we know that helping people to understand the complexity of type 2 diabetes is an important step in tackling the harm and discrimination that comes from stigma."" The link looks very interesting but does not lead anywhere. Please let us know where it should go. Click to expand... @Anna DUK Is this it? - https://www.diabetes.org.uk/our-res...impact/discovering-new-causes-type-2-diabetes"
199,/boards/forums/stigma.54/,"Hi @JITR , thanks for flagging that - yes looks like you've found the correct webpage that should be hyperlinked in that paragraph. I've let our web team know of the error and to rectify asap. Once again, thanks for letting us know."
200,/boards/forums/stigma.54/,Evening FYI if you are on X or have access type “World Diabetes Day” in search bar and you will see lots of people’s stories about Living with Diabetes.
201,/boards/forums/stigma.54/,"Wendal said: Evening FYI if you are on X or have access type “World Diabetes Day” in search bar and you will see lots of people’s stories about Living with Diabetes. Click to expand... People sharing their story sends out a powerful message to those newly diagnosed that they're not alone. Stigma is such a huge issues across many different conditions, but when it comes to diabetes, it's something that can have such a detrimental impact for years and years to come. Here's a link to some diabetes stigma stories for those who are interested in hearing others' experiences: Your stories of stigma We are highlighting stories from people with diabetes to raise awareness of life with diabetes and the impact of diabetes stigma and start to change the mindset. Diabetes is a complex and serious condition, and oversimplifying what it means to live with diabetes – and why it develops – can... www.diabetes.org.uk"
202,/boards/forums/stigma.54/,"Hello, I’ve just taken a look at the survey. I’ve never really experienced stigma either in my personal life or work setting. But I have experienced it from either parents of younger ones (one mum I was involved with personally with raising money for JDRF was outright inappropriate & weird.) & even people my own age with different insulin regimes? I “celibrate” world diabetes day the same I do every day. Dealing with this alone & thankful it could be worse than second guessing my personal metabolism."
203,/boards/forums/stigma.54/,"helli said: I am happy to complete this survey. However, the question ""Can you tell us where you’ve experienced stigma?"" does not include the cases where I have experienced most diabetes stigma - travelling and sport. Unfortunately, there is no option for ""Other"". Is this because Diabetes UK want to focus on the areas listed or were others not considered? Click to expand... I have completed the survey but agreed - sport has been the main case where I have experienced stigma, but didn't have an option - I did include stuff in the free form text box though"
204,/boards/forums/stigma.54/,"I would just like to say that whilst I can't recall any personal incidents of direct stigma, I am of course well aware of the media and general social attitudes towards diabetes, so when I was diagnosed, yes I felt shame and guilt that I had done this to myself, but I used those feelings to effect changes to my lifestyle that I should have done long before, but sadly without that shame and stigma I hadn't been sufficiently motivated, so I personally feel that the stigma had a positive impact on my life and my diabetes management. It keeps me on the straight and narrow most of the time, doing my best manage it as well as I can so that I minimize the cost to the NHS and I feel that it is important for people to take some responsibility themselves, so maybe stigma is not always a bad thing. I do feel very strongly that there is an unfair two tier/class system between the treatment of Type 1 and Type 2 patients which should be addressed, but I do feel that we need to take responsibility for ourselves and our health.  One of the massive benefits of this forum is that it can educate and motivate and inspire people to manage their diabetes well too."
205,/boards/forums/stigma.54/,rebrascora said: I do feel that we need to take responsibility for ourselves and our health. Click to expand... +1. How can the body of HCPs and experts help everyone do that?
206,/boards/forums/stigma.54/,"@Anna DUK Thanks for the ""Care"" emoji. It is kind of you but I certainly don't feel it is warranted or necessary. I am confident and determined in my diabetes management and those negative feelings of shame and guilt have catalysed and empowered me to find some very positive ones, so I do not feel sad or vulnerable or depressed about them. They helped me to get to where I am now and that is a much better place, so they had a positive impact on me and therefore I am not sure that fighting against stigma is necessarily helpful to everyone. I needed to feel those negative feelings in order to make a positive change."
207,/boards/forums/stigma.54/,"rebrascora said: I would just like to say that whilst I can't recall any personal incidents of direct stigma, I am of course well aware of the media and general social attitudes towards diabetes, so when I was diagnosed, yes I felt shame and guilt that I had done this to myself, but I used those feelings to effect changes to my lifestyle that I should have done long before, but sadly without that shame and stigma I hadn't been sufficiently motivated, so I personally feel that the stigma had a positive impact on my life and my diabetes management. It keeps me on the straight and narrow most of the time, doing my best manage it as well as I can so that I minimize the cost to the NHS and I feel that it is important for people to take some responsibility themselves, so maybe stigma is not always a bad thing. I do feel very strongly that there is an unfair two tier/class system between the treatment of Type 1 and Type 2 patients which should be addressed, but I do feel that we need to take responsibility for ourselves and our health.  One of the massive benefits of this forum is that it can educate and motivate and inspire people to manage their diabetes well too. Click to expand... It's so difficult, isn't it?  As someone who was diagnosed later in life (eight years ago), I'm full of admiration for people on here who've struggled for years or decades.  My diabetes is well controlled, so I can only imagine how difficult it is for people who have to watch everything they eat and monitor their blood glucose constantly - and live with the risk (or reality) of serious health issues or disability.  Also, my heart breaks when I read the desperate posts on here by people newly diagnosed, who are struggling to get help or advice. As you say, we all have some repsonsnbility for our own health.  However, as with all things in life, the more privileges one has, the easier it is.  What about people don't have the time or money or energy to buy and/or cook healthy meals?  I can drive: what if I couldn't and were reliant on public transport?  What if I didn't have the facilities or computer skills or confidence to ask for help on this forum?  What if I were a teenager and not wanting to be different from my friends? So, as I think you're implying, we have to be compassionate towards ourselves and everyone else with diabetes (whatever type) and other serious health conditions, whilst enabling people to receive good 'healthy living' advice in varied, accessible formats."
208,/boards/forums/stigma.54/,"There's a LOT of advice about, re being kinder to yourself and giving up the things that stress you, stopping seeing the people that upset you etc etc.  Definitely cease habits that are no good to you. Er, hang on - I'm personally very fed up by 50+ years of counting carbs, measuring my blood glucose, watching this that and the other - it was much the same as I felt about irregular periods and I assumed that would stop with menopause, well that turned out to only partially be correct -  FFS, just gimme a day off!"
209,/boards/forums/stigma.54/,"Sorry I missed it I think when people make judgements about your health issues they can be very misguided and inaccurate. A therapist once suggested to me that my illnesses were manifested because I wanted attention and care that I didn't get as a child ! wow I did get some attention and care from the NHS of that there is no doubt.  Another time I had diabetes because I ate too many cakes and sweets!  Good grief the ignorance of some people.  I couldn't even bring myself to enlighten there thinking.  My theory or judgement was if they are so closed minded they will not be open to anything I may say.  Perhaps I should of said something, it may have given them a tiny bit of a crumb to ponder on."
210,/boards/forums/stigma.54/,Jodee said: A therapist once suggested to me that my illnesses were manifested because I wanted attention and care that I didn't get as a child ! Click to expand... This has literally made my jaw drop! Sorry to hear such sad encounters but thank you for sharing them. How do you these experiences have impacted you?
211,/boards/forums/stigma.54/,Anna DUK said: This has literally made my jaw drop! Sorry to hear such sad encounters but thank you for sharing them. How do you these experiences have impacted you? Click to expand... Yes I was pretty speachless at the time too Anna.  I guess worried sometimes that people could disregard health issues due to their own misconceived ideas and judgements about others who are managing / coping with them.  Certainly I've  never had dealing with that therapist since.
212,/boards/forums/stigma.54/,"A while ago I was told that injecting myself in the staff room at work was upsetting people and that they were concerned about blood products around food! I argued that if i needed to inject it was discreet and i refused to do it in a toilet and what did they mean blood products around food? They couldn't answer but it made me feel really self conscious. I did speak to my line manager about it and was offered a room to inject in. The room had no table or chair, just a dusty floor and no door. I refused that."
213,/boards/forums/stigma.54/,"freesia said: A while ago I was told that injecting myself in the staff room at work was upsetting people and that they were concerned about blood products around food! I argued that if i needed to inject it was discreet and i refused to do it in a toilet and what did they mean blood products around food? They couldn't answer but it made me feel really self conscious. I did speak to my line manager about it and was offered a room to inject in. The room had no table or chair, just a dusty floor and no door. I refused that. Click to expand... Well done for arguing your point - although you shouldn't have to do this, it is important to explain and, to a certain extent, educate those around us as to why you should not have to hide (or use the toilet to inject - unhygienic IMO!). If there is still an issue @freesia , your employer might find this guidance we've pulled together helpful in encouraging and making reasonable adjustments (as a minimum), but they can also actively raise awareness of other conditions people live with (like diabetes) and guide staff in how to avoid stigmatising language and behaviours. We have a few webpages on diabetes and employment, but the link below is to our position statement - if you click to view the full statement, you'll see a number of recommendations we suggest to support people living with diabetes at work. I hope it's of use, if not now, in any future incidences that may occur. Diabetes and employment (our position) We believe it is unacceptable that significant numbers of people living with diabetes or caring for someone with diabetes experience discrimination or difficulties in the workplace because of their diabetes. We’ve written a position statement about diabetes and employment which brings together... www.diabetes.org.uk"
214,/boards/forums/stigma.54/,"Anna, much like organisations averring that 'Lessons will be learned' once the facts have been publicised and the excrement has hit the fan - there are still none so blind than those who cannot see. Why they cannot see is a matter of opinion and in my view, boils down to them refusing to even bother to look."
215,/boards/forums/stigma.54/,"trophywench said: Anna, much like organisations averring that 'Lessons will be learned' once the facts have been publicised and the excrement has hit the fan - there are still none so blind than those who cannot see. Why they cannot see is a matter of opinion and in my view, boils down to them refusing to even bother to look. Click to expand... I hear you. In my experience, employers generally want to be seen as 'good employers' and be inclusive and supportive of their employees. We have to start somewhere and if it means continuously repeating ourselves until the message gets through then so be it."
216,/boards/forums/stigma.54/,"Anna DUK said: If there is still an issue @freesia, your employer might find this guidance we've pulled together helpful in encouraging and making reasonable adjustments (as a minimum), but they can also actively raise awareness of other conditions people live with (like diabetes) and guide staff in how to avoid stigmatising language and behaviours. We have a few webpages on diabetes and employment, but the link below is to our position statement - if you click to view the full statement, you'll see a number of recommendations we suggest to support people living with diabetes at work. I hope it's of use, if not now, in any future incidences that may occur Click to expand... Thanks @AnnaDUK. I finished work a few weeks ago (for reasons other than Diabetes) but if i choose to go back to work anytime, either paid or voluntary, i will be standing up for myself again if needed and will refer them to the link."
217,/boards/forums/stigma.54/,"i had something much the same. I was going out with this bloke i told him i was diabetic and would need to inject my insulin when we went out for breakfast His reply ""you can do that in the toilet cant you, i cant be seen with someonewhos like a junkie""Needlesss to say i ended that relationship quickly"
218,/boards/forums/stigma.54/,"gail2 said: i had something much the same. I was going out with this bloke i told him i was diabetic and would need to inject my insulin when we went out for breakfast His reply ""you can do that in the toilet cant you, i cant be seen with someonewhos like a junkie""Needlesss to say i ended that relationship quickly Click to expand... Not surprised @gail2 ! What a dreadful thing to say to someone you are supposed to care for!"
219,/boards/forums/stigma.54/,"Anna DUK said: This year to mark World Diabetes Day, Diabetes UK is highlighting the voices of the diabetes community to open up a conversation around the impact of diabetes stigma and start changing the mindset. Find out more using the link below: What are we doing to tackle stigma, and what’s next? Since then, we’ve been doing a lot of work to better understand how stigma (or stereotypes and misconceptions) about diabetes present themselves and how they impact people living with diabetes. We’re now funding two research projects into diabetes-related stigma, in our biggest investment in... www.diabetes.org.uk Click to expand... Hi Anna Tried to use the link to the survey but although it opens and I can reply i cant submit when I press submit."
220,/boards/forums/stigma.54/,"london5 said: Hi Anna Tried to use the link to the survey but although it opens and I can reply i cant submit when I press submit. Click to expand... Sorry to hear that @london5 Not sure if that survey is still open for replies, as it was posted in 2024. I’m not sure but the results may have been collated and published as part of this work? Thread 'Diabetes UK Position Statement on Stigma' Aug 14, 2025 Our new stigma research looks at diabetes stigma at scale across the UK. With blame, shame and stigma staggeringly high across type 1 diabetes and type 2 diabetes – what can be done to tackle it? There’s an article following publication of a new survey here: 86% of people with type 1 and 75% of people with type 2 experience judgement for their condition Nobody should experience judgment or blame because of a health condition. But our new survey, conducted by YouGov and kindly funded by Abbott shows almost 9 in 10 people with type 1 diabetes and 7 in 10 people with type 2 diabetes experience blame and judgement for their condition. www.diabetes.org.uk And the 2025 Diabetes UK Position Statement on Stigma is here everydayupsanddowns Replies: 23 Forum: Stigma"
221,/boards/forums/stigma.54/,"Anna DUK said: This year to mark World Diabetes Day, Diabetes UK is highlighting the voices of the diabetes community to open up a conversation around the impact of diabetes stigma and start changing the mindset. Find out more using the link below: What are we doing to tackle stigma, and what’s next? Since then, we’ve been doing a lot of work to better understand how stigma (or stereotypes and misconceptions) about diabetes present themselves and how they impact people living with diabetes. We’re now funding two research projects into diabetes-related stigma, in our biggest investment in... www.diabetes.org.uk Click to expand... Hi. I haven't experienced stigma yet but I've only recently been diagnosed. I work in a NHS hospital/board and while admin based I knew our Diabetic team already and had no issues in approaching them when they set up a station to check BP and BS for staff around World Diabetes Day - turns out both were too high and I'm now beginning treatment and readjusting my lifestyle to try and improve everything."
222,/boards/forums/stigma.54/,"mjh69 said: I work in a NHS hospital/board and while admin based I knew our Diabetic team already and had no issues in approaching them when they set up a station to check BP and BS for staff around World Diabetes Day - turns out both were too high and I'm now beginning treatment and readjusting my lifestyle to try and improve everything. Click to expand... I wonder how many more cases were, or would be, detected at this and similar events?"
223,/boards/forums/stigma.54/,"everydayupsanddowns said: Sorry to hear that @london5 Not sure if that survey is still open for replies, as it was posted in 2024. I’m not sure but the results may have been collated and published as part of this work? Thread 'Diabetes UK Position Statement on Stigma' Aug 14, 2025 Our new stigma research looks at diabetes stigma at scale across the UK. With blame, shame and stigma staggeringly high across type 1 diabetes and type 2 diabetes – what can be done to tackle it? There’s an article following publication of a new survey here: 86% of people with type 1 and 75% of people with type 2 experience judgement for their condition Nobody should experience judgment or blame because of a health condition. But our new survey, conducted by YouGov and kindly funded by Abbott shows almost 9 in 10 people with type 1 diabetes and 7 in 10 people with type 2 diabetes experience blame and judgement for their condition. www.diabetes.org.uk And the 2025 Diabetes UK Position Statement on Stigma is here everydayupsanddowns Replies: 23 Forum: Stigma Click to expand... JITR said: I wonder how many more cases were, or would be, detected at this and similar events? Click to expand... Think it would be more than you'd think. By all accounts our team had a steady stream of staff having checks and seeking advice that afternoon."
224,/boards/forums/stigma.54/,"freesia said: A while ago I was told that injecting myself in the staff room at work was upsetting people and that they were concerned about blood products around food! I argued that if i needed to inject it was discreet and i refused to do it in a toilet and what did they mean blood products around food? They couldn't answer but it made me feel really self conscious. I did speak to my line manager about it and was offered a room to inject in. The room had no table or chair, just a dusty floor and no door. I refused that. Click to expand... Well done for arguing your point - although you shouldn't have to do this, it is important to explain and, to a certain extent, educate those around us as to why you should not have to hide (or use the toilet to inject - unhygienic IMO!). If there is still an issue @freesia , your employer might find this guidance we've pulled together helpful in encouraging and making reasonable adjustments (as a minimum), but they can also actively raise awareness of other conditions people live with (like diabetes) and guide staff in how to avoid stigmatising language and behaviours. We have a few webpages on diabetes and employment, but the link below is to our position statement - if you click to view the full statement, you'll see a number of recommendations we suggest to support people living with diabetes at work. I hope it's of use, if not now, in any future incidences that may occur. Diabetes and employment (our position) We believe it is unacceptable that significant numbers of people living with diabetes or caring for someone with diabetes experience discrimination or difficulties in the workplace because of their diabetes. We’ve written a position statement about diabetes and employment which brings together... www.diabetes.org.uk"
225,/boards/forums/stigma.54/,"Anna, much like organisations averring that 'Lessons will be learned' once the facts have been publicised and the excrement has hit the fan - there are still none so blind than those who cannot see. Why they cannot see is a matter of opinion and in my view, boils down to them refusing to even bother to look."
226,/boards/forums/stigma.54/,"trophywench said: Anna, much like organisations averring that 'Lessons will be learned' once the facts have been publicised and the excrement has hit the fan - there are still none so blind than those who cannot see. Why they cannot see is a matter of opinion and in my view, boils down to them refusing to even bother to look. Click to expand... I hear you. In my experience, employers generally want to be seen as 'good employers' and be inclusive and supportive of their employees. We have to start somewhere and if it means continuously repeating ourselves until the message gets through then so be it."
227,/boards/forums/stigma.54/,"Anna DUK said: If there is still an issue @freesia, your employer might find this guidance we've pulled together helpful in encouraging and making reasonable adjustments (as a minimum), but they can also actively raise awareness of other conditions people live with (like diabetes) and guide staff in how to avoid stigmatising language and behaviours. We have a few webpages on diabetes and employment, but the link below is to our position statement - if you click to view the full statement, you'll see a number of recommendations we suggest to support people living with diabetes at work. I hope it's of use, if not now, in any future incidences that may occur Click to expand... Thanks @AnnaDUK. I finished work a few weeks ago (for reasons other than Diabetes) but if i choose to go back to work anytime, either paid or voluntary, i will be standing up for myself again if needed and will refer them to the link."
228,/boards/forums/stigma.54/,"i had something much the same. I was going out with this bloke i told him i was diabetic and would need to inject my insulin when we went out for breakfast His reply ""you can do that in the toilet cant you, i cant be seen with someonewhos like a junkie""Needlesss to say i ended that relationship quickly"
229,/boards/forums/stigma.54/,"gail2 said: i had something much the same. I was going out with this bloke i told him i was diabetic and would need to inject my insulin when we went out for breakfast His reply ""you can do that in the toilet cant you, i cant be seen with someonewhos like a junkie""Needlesss to say i ended that relationship quickly Click to expand... Not surprised @gail2 ! What a dreadful thing to say to someone you are supposed to care for!"
230,/boards/forums/stigma.54/,"Anna DUK said: This year to mark World Diabetes Day, Diabetes UK is highlighting the voices of the diabetes community to open up a conversation around the impact of diabetes stigma and start changing the mindset. Find out more using the link below: What are we doing to tackle stigma, and what’s next? Since then, we’ve been doing a lot of work to better understand how stigma (or stereotypes and misconceptions) about diabetes present themselves and how they impact people living with diabetes. We’re now funding two research projects into diabetes-related stigma, in our biggest investment in... www.diabetes.org.uk Click to expand... Hi Anna Tried to use the link to the survey but although it opens and I can reply i cant submit when I press submit."
231,/boards/forums/stigma.54/,"london5 said: Hi Anna Tried to use the link to the survey but although it opens and I can reply i cant submit when I press submit. Click to expand... Sorry to hear that @london5 Not sure if that survey is still open for replies, as it was posted in 2024. I’m not sure but the results may have been collated and published as part of this work? Thread 'Diabetes UK Position Statement on Stigma' Aug 14, 2025 Our new stigma research looks at diabetes stigma at scale across the UK. With blame, shame and stigma staggeringly high across type 1 diabetes and type 2 diabetes – what can be done to tackle it? There’s an article following publication of a new survey here: 86% of people with type 1 and 75% of people with type 2 experience judgement for their condition Nobody should experience judgment or blame because of a health condition. But our new survey, conducted by YouGov and kindly funded by Abbott shows almost 9 in 10 people with type 1 diabetes and 7 in 10 people with type 2 diabetes experience blame and judgement for their condition. www.diabetes.org.uk And the 2025 Diabetes UK Position Statement on Stigma is here everydayupsanddowns Replies: 23 Forum: Stigma"
232,/boards/forums/stigma.54/,"Anna DUK said: This year to mark World Diabetes Day, Diabetes UK is highlighting the voices of the diabetes community to open up a conversation around the impact of diabetes stigma and start changing the mindset. Find out more using the link below: What are we doing to tackle stigma, and what’s next? Since then, we’ve been doing a lot of work to better understand how stigma (or stereotypes and misconceptions) about diabetes present themselves and how they impact people living with diabetes. We’re now funding two research projects into diabetes-related stigma, in our biggest investment in... www.diabetes.org.uk Click to expand... Hi. I haven't experienced stigma yet but I've only recently been diagnosed. I work in a NHS hospital/board and while admin based I knew our Diabetic team already and had no issues in approaching them when they set up a station to check BP and BS for staff around World Diabetes Day - turns out both were too high and I'm now beginning treatment and readjusting my lifestyle to try and improve everything."
233,/boards/forums/stigma.54/,"mjh69 said: I work in a NHS hospital/board and while admin based I knew our Diabetic team already and had no issues in approaching them when they set up a station to check BP and BS for staff around World Diabetes Day - turns out both were too high and I'm now beginning treatment and readjusting my lifestyle to try and improve everything. Click to expand... I wonder how many more cases were, or would be, detected at this and similar events?"
234,/boards/forums/stigma.54/,"everydayupsanddowns said: Sorry to hear that @london5 Not sure if that survey is still open for replies, as it was posted in 2024. I’m not sure but the results may have been collated and published as part of this work? Thread 'Diabetes UK Position Statement on Stigma' Aug 14, 2025 Our new stigma research looks at diabetes stigma at scale across the UK. With blame, shame and stigma staggeringly high across type 1 diabetes and type 2 diabetes – what can be done to tackle it? There’s an article following publication of a new survey here: 86% of people with type 1 and 75% of people with type 2 experience judgement for their condition Nobody should experience judgment or blame because of a health condition. But our new survey, conducted by YouGov and kindly funded by Abbott shows almost 9 in 10 people with type 1 diabetes and 7 in 10 people with type 2 diabetes experience blame and judgement for their condition. www.diabetes.org.uk And the 2025 Diabetes UK Position Statement on Stigma is here everydayupsanddowns Replies: 23 Forum: Stigma Click to expand... JITR said: I wonder how many more cases were, or would be, detected at this and similar events? Click to expand... Think it would be more than you'd think. By all accounts our team had a steady stream of staff having checks and seeking advice that afternoon."
235,/boards/forums/stigma.54/,"freesia said: A while ago I was told that injecting myself in the staff room at work was upsetting people and that they were concerned about blood products around food! I argued that if i needed to inject it was discreet and i refused to do it in a toilet and what did they mean blood products around food? They couldn't answer but it made me feel really self conscious. I did speak to my line manager about it and was offered a room to inject in. The room had no table or chair, just a dusty floor and no door. I refused that. Click to expand... Well done for arguing your point - although you shouldn't have to do this, it is important to explain and, to a certain extent, educate those around us as to why you should not have to hide (or use the toilet to inject - unhygienic IMO!). If there is still an issue @freesia , your employer might find this guidance we've pulled together helpful in encouraging and making reasonable adjustments (as a minimum), but they can also actively raise awareness of other conditions people live with (like diabetes) and guide staff in how to avoid stigmatising language and behaviours. We have a few webpages on diabetes and employment, but the link below is to our position statement - if you click to view the full statement, you'll see a number of recommendations we suggest to support people living with diabetes at work. I hope it's of use, if not now, in any future incidences that may occur. Diabetes and employment (our position) We believe it is unacceptable that significant numbers of people living with diabetes or caring for someone with diabetes experience discrimination or difficulties in the workplace because of their diabetes. We’ve written a position statement about diabetes and employment which brings together... www.diabetes.org.uk"
236,/boards/forums/stigma.54/,"Anna, much like organisations averring that 'Lessons will be learned' once the facts have been publicised and the excrement has hit the fan - there are still none so blind than those who cannot see. Why they cannot see is a matter of opinion and in my view, boils down to them refusing to even bother to look."
237,/boards/forums/stigma.54/,"trophywench said: Anna, much like organisations averring that 'Lessons will be learned' once the facts have been publicised and the excrement has hit the fan - there are still none so blind than those who cannot see. Why they cannot see is a matter of opinion and in my view, boils down to them refusing to even bother to look. Click to expand... I hear you. In my experience, employers generally want to be seen as 'good employers' and be inclusive and supportive of their employees. We have to start somewhere and if it means continuously repeating ourselves until the message gets through then so be it."
238,/boards/forums/stigma.54/,"Anna DUK said: If there is still an issue @freesia, your employer might find this guidance we've pulled together helpful in encouraging and making reasonable adjustments (as a minimum), but they can also actively raise awareness of other conditions people live with (like diabetes) and guide staff in how to avoid stigmatising language and behaviours. We have a few webpages on diabetes and employment, but the link below is to our position statement - if you click to view the full statement, you'll see a number of recommendations we suggest to support people living with diabetes at work. I hope it's of use, if not now, in any future incidences that may occur Click to expand... Thanks @AnnaDUK. I finished work a few weeks ago (for reasons other than Diabetes) but if i choose to go back to work anytime, either paid or voluntary, i will be standing up for myself again if needed and will refer them to the link."
239,/boards/forums/stigma.54/,"i had something much the same. I was going out with this bloke i told him i was diabetic and would need to inject my insulin when we went out for breakfast His reply ""you can do that in the toilet cant you, i cant be seen with someonewhos like a junkie""Needlesss to say i ended that relationship quickly"
240,/boards/forums/stigma.54/,"gail2 said: i had something much the same. I was going out with this bloke i told him i was diabetic and would need to inject my insulin when we went out for breakfast His reply ""you can do that in the toilet cant you, i cant be seen with someonewhos like a junkie""Needlesss to say i ended that relationship quickly Click to expand... Not surprised @gail2 ! What a dreadful thing to say to someone you are supposed to care for!"
241,/boards/forums/stigma.54/,"Anna DUK said: This year to mark World Diabetes Day, Diabetes UK is highlighting the voices of the diabetes community to open up a conversation around the impact of diabetes stigma and start changing the mindset. Find out more using the link below: What are we doing to tackle stigma, and what’s next? Since then, we’ve been doing a lot of work to better understand how stigma (or stereotypes and misconceptions) about diabetes present themselves and how they impact people living with diabetes. We’re now funding two research projects into diabetes-related stigma, in our biggest investment in... www.diabetes.org.uk Click to expand... Hi Anna Tried to use the link to the survey but although it opens and I can reply i cant submit when I press submit."
242,/boards/forums/stigma.54/,"london5 said: Hi Anna Tried to use the link to the survey but although it opens and I can reply i cant submit when I press submit. Click to expand... Sorry to hear that @london5 Not sure if that survey is still open for replies, as it was posted in 2024. I’m not sure but the results may have been collated and published as part of this work? Thread 'Diabetes UK Position Statement on Stigma' Aug 14, 2025 Our new stigma research looks at diabetes stigma at scale across the UK. With blame, shame and stigma staggeringly high across type 1 diabetes and type 2 diabetes – what can be done to tackle it? There’s an article following publication of a new survey here: 86% of people with type 1 and 75% of people with type 2 experience judgement for their condition Nobody should experience judgment or blame because of a health condition. But our new survey, conducted by YouGov and kindly funded by Abbott shows almost 9 in 10 people with type 1 diabetes and 7 in 10 people with type 2 diabetes experience blame and judgement for their condition. www.diabetes.org.uk And the 2025 Diabetes UK Position Statement on Stigma is here everydayupsanddowns Replies: 23 Forum: Stigma"
243,/boards/forums/stigma.54/,"Anna DUK said: This year to mark World Diabetes Day, Diabetes UK is highlighting the voices of the diabetes community to open up a conversation around the impact of diabetes stigma and start changing the mindset. Find out more using the link below: What are we doing to tackle stigma, and what’s next? Since then, we’ve been doing a lot of work to better understand how stigma (or stereotypes and misconceptions) about diabetes present themselves and how they impact people living with diabetes. We’re now funding two research projects into diabetes-related stigma, in our biggest investment in... www.diabetes.org.uk Click to expand... Hi. I haven't experienced stigma yet but I've only recently been diagnosed. I work in a NHS hospital/board and while admin based I knew our Diabetic team already and had no issues in approaching them when they set up a station to check BP and BS for staff around World Diabetes Day - turns out both were too high and I'm now beginning treatment and readjusting my lifestyle to try and improve everything."
244,/boards/forums/stigma.54/,"mjh69 said: I work in a NHS hospital/board and while admin based I knew our Diabetic team already and had no issues in approaching them when they set up a station to check BP and BS for staff around World Diabetes Day - turns out both were too high and I'm now beginning treatment and readjusting my lifestyle to try and improve everything. Click to expand... I wonder how many more cases were, or would be, detected at this and similar events?"
245,/boards/forums/stigma.54/,"everydayupsanddowns said: Sorry to hear that @london5 Not sure if that survey is still open for replies, as it was posted in 2024. I’m not sure but the results may have been collated and published as part of this work? Thread 'Diabetes UK Position Statement on Stigma' Aug 14, 2025 Our new stigma research looks at diabetes stigma at scale across the UK. With blame, shame and stigma staggeringly high across type 1 diabetes and type 2 diabetes – what can be done to tackle it? There’s an article following publication of a new survey here: 86% of people with type 1 and 75% of people with type 2 experience judgement for their condition Nobody should experience judgment or blame because of a health condition. But our new survey, conducted by YouGov and kindly funded by Abbott shows almost 9 in 10 people with type 1 diabetes and 7 in 10 people with type 2 diabetes experience blame and judgement for their condition. www.diabetes.org.uk And the 2025 Diabetes UK Position Statement on Stigma is here everydayupsanddowns Replies: 23 Forum: Stigma Click to expand... JITR said: I wonder how many more cases were, or would be, detected at this and similar events? Click to expand... Think it would be more than you'd think. By all accounts our team had a steady stream of staff having checks and seeking advice that afternoon."
246,/boards/forums/stigma.54/,"Moderator Note: These posts were split from an earlier thread to give this topic its own space. It’s nigh on impossible to eat anywhere other than home! No one considers a Low Carb diabetics dietary needs in cafes, restaurants, residential courses you name it. WHY is this???? Last July I attended a residential course where the venue organisers said you are not to bring your own food, they will cater! Yeah right…… So I trusted them, did they cater for my needs??? NO, numbers going through the floor because I wasn’t getting enough to eat and nothing I could buy in house. Yes, I spoke to the catering, 2/3 days I was not being listened to - TILL one night BG gone so low I was frighted to go to bed……. I had a lady who took me to get some foods, so walked long way to fridge to get some. Didn’t work quickly enough and a member of staff was worried, had phoned the manager at 11;30pm! Only then taken seriously!"
247,/boards/forums/stigma.54/,"Hello there, My Type 2 turned up virtually overnight  too, but I have lots of family members with type 2 and my mother had Type 1. It has been very difficult for me to go into so called remission, and I am not certain now that I will pass the remission test when I have my HbA1c test in early November: I have had to lose a lot of weight and reduce my waist measurement, go on a low carb diet and do lots of exercise. Sometimes, I ask myself has it been worth it and should I have just stayed on the Sitagliptin and Metformin combination. I have had no help whatsoever from the diabetic clinic since my Blood Glucose Hba1c fell below 48mmo/mol. There is very little help anywhere; you have to do it yourself and do all the research yourself. This is where the forum and local group come in most handy. The Diabetes UK website and balance magazine are also a mine of useful information. I agree with what you say about restaurants, cafes, etc. and even hospital canteens. They are a desert as far as catering for diabetics is concerned. Diabetes professionals tell you that that you can eat any food you like - yes you can. However, if you try this approach then you have to seriously limit the quantity of what you eat or drink. If you eat too many plums, cherries or apples you will get a blood glucose spike. The same goes for other low glycaemic foods.  Its ok to get a temporary Blood Glucose spike but not every day. When I was in my twenties and thirties , I could eat what I liked and as much as I liked and when I liked- that is the privilege that non-diabetics are given by the natural hormonal regulation of the level of their blood glucose. Those of us who are diabetic or pre-diabetic or even in remission (from Type2) do not have this privilege. We consciously and constantly have to use measures to regulate the results of hormonal deficiencies. Eating a meal of food that is full of starch or sugar does not help any diabetic. It is difficult to find an eating house that considers the needs of diabetics , probably because it is too much trouble, and they couldn't care less. I find myself returning to places that meet my needs time and time again, and when someone suggests a new restaurant I carefully look at the menu before I go, all the spontaneity of eating out has been spoilt for me. Eating oysters is ok ; you can go for it if you have enough money. You can eat as much cheese and as many eggs as you like, but watch out for constipation and the cholesterol police. Diabetics need to take care, for they cannot do or eat as they like, without concern. It's a pity the rest of society does not recognise this. Good luck."
248,/boards/forums/stigma.54/,"Diabetes is considered a disability…….. I get interesting replies from diabetics about this! ‘NICE guide lines’ So, if restaurants can cater for all the other dietary requirements/needs/wants then they certainly should cater for those diabetics who have to have Low Carb diet. Note that apparently they have a directive with 14 ‘allergens’ on but nothing about Low Carb, it’s not hard or rocket science. Many places round me are mostly fast food and have forgotten salad options. Son said ‘just ask for what you want’ ie: bit of this n that providing it in their menu…….. even that doesn’t work often. So……. Going on courses, holidays are a nightmare…….."
249,/boards/forums/stigma.54/,"The challenge with this is always that there isn’t one “diabetes diet”, and that not everyone finds low carb necessary, or indeed particularly helpful. On the forum we have lots of people with lots of different types of diabetes, and approaches to food vary widely. We have some people with T1 who find low carb helpful. And we have some people with T2 for whom low calorie is far more important than low carb (their pancreatic function has been largely restored by weight loss). Still others have diabetes and take medication that works best when balanced with the right amount of carbohydrate. And some people who choose to eat low carb, do so for other reasons than diabetes! I once ordered the ‘diabetic meal’ on a flight. Never again! Chosen and carefully put together by someone for a diabetes that was nothing like mine ! I suppose it’s a bit like vegetarian options. Not so long ago there would be a menu full of meat, and just one option if you were vegetarian. Take it or leave it! These days it’s much more common to have several enticing vegetarian options available. And often vegan choices too! Plus these days you often get lower calorie options identified on menus. I’d hope we will gradually move to menus which have more low carb options (including sides) to make it easier for folks on low carb diets to have a selection to choose from. Often on TV cooking shows (eg Masterchef) things are accompanied by Celeriac Mash, or other lower carb options. But personally I’d much prefer it if they made absolutely no mention of diabetes in relation to the low carb choices."
250,/boards/forums/stigma.54/,"‘But personally I’d much prefer it if they made absolutely no mention of diabetes in relation to the low carb choices’ Ok, I understand you don’t want that, so how would you endeavour to get what you need? I believe there is a need in the catering industry to understand people who have these dietary needs as round my county they mostly don’t. This means as I’m sure you know, that I and others find it impossible to to eat out. It may be described as ‘Carb intolerance’ instead of Low Carb It wouldn’t be SO bad if they had proper plain food options, most have gone to cheap high carb fast foods. NICE say that Diabetes is classed as a disablement and therefore should have considerations. Restaurants, food outlets will cater for vegetarian, vegan etc but do not even consider diabetes. I do not believe they even know about it. Obviously the new issues for them now is those taking medications to lose weight and may not eat some foods on the menus. Also those needing low calorie would be catered for with good standard food choices. My point is, where ever I go to eat they do not know or understand ‘Low Carb’ diet is not just a dietary choice and I fail to understand why establishments do not know if they have been trained in the industry. The whole industry should be informed about Diabetes, there are those who need to inject, where do they go to do this? I’ve read people sit in toilet cubicles! I feel their embarrassment. I have been a qualified Complementary Health Care Therapist of 25yrs, I HAD to take Anatomy & Physiology to practice and CPD. I had to be mindful of those with Diabetes and act according to their needs. All down to public education.."
251,/boards/forums/stigma.54/,"AleGna68 said: ‘But personally I’d much prefer it if they made absolutely no mention of diabetes in relation to the low carb choices’ Ok, I understand you don’t want that, so how would you endeavour to get what you need? I believe there is a need in the catering industry to understand people who have these dietary needs as round my county they mostly don’t. This means as I’m sure you know, that I and others find it impossible to to eat out. Click to expand... I don’t think there’s any problem with flagging items as ‘low carb’ on a menu. Just like things are flagged as vegetarian etc. And for some, even the most basic pub grub options might be adaptable. “I’ll have the steak please, but can I have it with extra salad rather than chips…” Or walking past the roasties and yorkshires at a carvery until you get to the vat of gently bubbling cauliflower cheese. But I share your frustration at the lack of suitable options at times. Many catered events are just a sea of uninspiring beige And for my entire 30+ years with diabetes low sugar soft drink option in pubs has only ever been Diet Coke. Nothing else. But as I say, unfortunately I don’t think the Equality Act inclusion of diabetes as a disability can be used to compel restaurants to include a range of specifically low carb options, because low carb is just one diabetes management option among many, and there isn’t the trial evidence to support that it is essential for everyone, not even everyone with T2 (and therefore discriminatory if it is not offered) For injections I always just injected at the table. And I’d never suggest anyone feel the need to go somewhere else - especially not a public toilet!"
252,/boards/forums/stigma.54/,"As @everydayupsanddowns says, there is no one diabetic diet. I’m Type 1 and my diet is what I’d eat if I didn’t have diabetes. There have been a number of threads about this, which are interesting reading @AleGna68 I’ll see if I can find some and link them in this thread. Moreover, it’s easy to identify and reduce/omit carbs if you choose too. A menu listing Baked Potato, chicken and salad clearly has carbs. You can either choose something else. Choose that meal but eat none/some of the potato, as you choose, or request the potato is substituted with another menu item, eg you might request two servings of salad or a serving of green veg instead. Plenty of people without diabetes do that because of dietary or taste preferences. Note that apparently they have a directive with 14 ‘allergens’ on but nothing about Low Carb, it’s not hard or rocket science. This is not comparable at all, and rather offensive. Why have you put allergens in inverted commas? Those allergens can kill somebody if they’re allergic to one or more and inadvertently eat it! It’s not a fad, as you seem to imply. Having looked after children with allergies, i can promise you it’s extremely serious - and absolutely nothing like choosing to eat low carb! In addition, while carbs are obvious, allergens very often aren’t - hence the labelling rules."
253,/boards/forums/stigma.54/,"Here are the threads I was thinking of: Thread 'If Vegan can  why cant we..............   There is no such thing as a Diabetic Diet ????' Jun 14, 2022 iTS  DIABETIC WEEK    ---Every time i go into a Supermarket I see Vegan vegan vegan ....  Freefrom , free free . Ive been a Diabetic , type 11/2 for a few months , now type 2.   I dont see LoCit LoCit LoCit ????? Why not .  LoCit  = Low Carb it . Its  Nowhere . I have to handle  boxes this way, that way, upside down ,sideways all thru Covid, at risk to my health beCAUSE  the CARBS arent listed on the front why not ?? Surely there are more diabetics watching their Carbs than Vegans watching out for animals . WHY isnt there a move to have Lo Carb shelves, Lo Carb areas , Lo Carb symbols ... Jenny105 Replies: 72 Forum: General Message Board Thread 'My MP   and   There is no such thing as a Diabetic diet' Aug 17, 2023 My MP visited Diabetes UK   conference before Xmas 2022.  She was very interested . She took up something I wrote to her and took up an idea with the Health Ministry.   However it seems a lot of ideas are scuppered by the words ' there is no such thing aas a Dibetic Diet. An aquaintence has Type 2 . He has come across a useful source of food which is now no more because it was labelled Diabetic Friendly. He and his wife, like me is becoming annoyed at having to items, upside down , fold it back then endeavour to read the label.  We both feel like not bothering anymore. Jenny105 Replies: 44 Forum: General Message Board Thread 'Why does Diabetes UK ban companies from calling foods Diabetic' Sep 29, 2023 My MP, and 2 other diabetic friends discovered that  food companies are not allowed to call foods, Diabetic or diabetes friendly. Diabetes UK banned this . Jenny105 Replies: 42 Forum: General Message Board"
254,/boards/forums/stigma.54/,"I am currently in hospital and struggling as the carb content of the meals are not given. So no help for diabetics but if I was Vegetarian, Vegan, Afro-Caribbean, Asian, Halal, Kosher and Jain there are options. Considering the percentage of diabetics on the ward  this is pretty ridiculous!"
255,/boards/forums/stigma.54/,"MikeyBikey said: I am currently in hospital and struggling as the carb content of the meals are not given. So no help for diabetics but if I was Vegetarian, Vegan, Afro-Caribbean, Asian, Halal, Kosher and Jain there are options. Considering the percentage of diabetics on the ward  this is pretty ridiculous! Click to expand... That is ridiculous, I was looking up guidelines for people with diabetes in hospital, (from reading another thread on manageing our own insulin) and one of the things listed was that there should be food provided at appropriate times for allowing the patient to manage thier own diabetes AND there should be a listed carb count. (I’m sure there is, somewhere buried in the bowels of your hospital, but how you get anyone to produce it is another matter)"
256,/boards/forums/stigma.54/,"Only tried a low carb diet for short while, during this time found ample foods to eat in supermarkets same when eating out. Example a cafe wife & I often visited, they do a delicious a omelette that comes with chips, asked staff if could have salad & coleslaw instead of chips, it was no problem at all to them. A lot of eating establishments will make substitutes if you ask, not forgetting places like Tobys Carvery are great places to pick & choose what items you want on your plate. Really think your making a song & dance about nothing @AleGna68"
257,/boards/forums/stigma.54/,"MikeyBikey said: I am currently in hospital and struggling as the carb content of the meals are not given. So no help for diabetics but if I was Vegetarian, Vegan, Afro-Caribbean, Asian, Halal, Kosher and Jain there are options. Considering the percentage of diabetics on the ward  this is pretty ridiculous! Click to expand... I feel your pain. Hospitals are the worst for catering. I was in hospital Christmas 23 with Pneumonia. They didn't have any other milk than full fat cows. I'm also lactose intolerant. Carbs every meal and asked what pudding I wanted!!!!!! Breakfast was served before medication! I had to ask for my diabetes meds before breakfast everyday! Luckily for them I was too poorly to lose my temper lol. On Christmas day the nurse gave me a chocolate selection  box lol. My hubby and son had the flu so no one to bring me decent food. It was an experience!!!"
258,/boards/forums/stigma.54/,"When I was diagnosed last year I realised many cafes I had visited had little choice ie pastry cakes crisps jacket potato  and bread. I always decline crisps and have only had jacket potato once since diagnosis. You can always have a sandwich as an open sandwich ie one slice of bread. A fry up is low carb if you ignore beans and hash brown. The problem is carbs are cheap and filling. Vegetarian food is often the better course plus most places will add salad. Eggs are good too. Having been diagnosed I needed cataract ops ( not related) Both times I booked into a hotel for a few days so i was near the hospital, made sure there was a fridge and bought yoghurt and fruit for breakfast. I didnt know how I would feel the morning after but felt fine. I noticed the local Michelin restaurant had a lunch menu. It had space and some excellent choices.  The set menu included two great puddings which I declined ( I would have loved the rhubarb trifle) the waitress seemed a bit pushy when i declined pudding, so I said I was diabetic and she then bought me cheese ( which i love) I suspect with many people with smaller appetites catering will improve."
259,/boards/forums/stigma.54/,"I discovered the Lounges group of restaurants, called different names in each location but they have a tremendous selection of meals including tapas where I found no problem in selecting low carb meals. I went 4 times (yes 4) in one week and found something different each time, they were willing to make a swap for rice no problem."
260,/boards/forums/stigma.54/,"I have been T2 since 2013 and have never taken medication for it.   For the last 5+ (probably longer) I have been gluten-free, so that my way of eating is gluten-free low carb.  We are a foodie household and my OH is an excellent cook is neither low carb, nor does he have to be glute-free. My approach to eating out is to look for something suitable that I fancy, but if there's nothing, I choose the least worst option from the menu.  I'm rarely going to be a prisoner to any alien kitchen's offerings for more than a day or two. When diagnosed, my OH and I made a pact.  That agreement was that for our main meals of the day, if we are eating at home, we share the same meal, and secondly that I do not avoid or decline invitations to functions/events on that basis of dietary requirements. At home, this means he will have carbier sides, or more of any of the carbier things I might be having a small portion of. If we're going to something where I have zero idea on what will be served, I will usually have a piece of cheese or something before we leave - to potentially keep the wolf from the door.  If there's nothing I fancy, I just don't eat. If it's finger food, I can sometimes be mingling with something like a small sarnie or a sausage roll on a plate, but never touching it.  I prefer the sausage roll option as I can tear it in two and it looks like I've been eating.  Fillings of sandwiches have been eater, without eating the bread, although I have to be a bit careful with that. Of course, I have a few miles on my diabetes clock, but I can assure you that back in 2013 the notion of low carb eating was somewhat unusual, and on some diabetes forums one would be lectured  on how unhealthy low carb eating is.  The Eatwell Plate was very much the order of the day. As I say, I'm long-term into meds free T2, but I see no shame in meds.  For me, if I needed to consider medication I would.  There are far worse things than medication, if it helps me live my life in a way I find acceptable. I do have concerns about hospitalisation, although my OH have both agreed if the other has to have inpatient treatment, the other will bring decent food."
261,/boards/forums/stigma.54/,"I must say that I've not really had many probs eating out since going low carb. Most places will happily substitute a carb for more veg or salad, you just need to ask. That includes pubs, cafes, restaurants, on a cruise, away on holiday, etc. Even ordering a (rare) takeaway, with a bit of planning and care you can usually order a healthier version, so if ordering a Chinese I go for lemon chicken, a plainish curry of some sort, no rice and no noodles. If ordering an Indian I tend to go for a Tandoori mixed grill, and again a nice curry of some sort, (mushroom is good) and again, no rice and no Naan bread. I usually cook up my own cauliflower rice if ordering one if these, (2min microwave jobbie, so easy to do). Honestly, I don't think I've found anywhere where there's been nothing to eat, can usually get an omelette or eggs, protein, fish, or salad or veggie something or other without much hassle, so......"
262,/boards/forums/stigma.54/,"pjgtech said: I must say that I've not really had many probs eating out since going low carb. Most places will happily substitute a carb for more veg or salad, you just need to ask. That includes pubs, cafes, restaurants, on a cruise, away on holiday, etc. Even ordering a (rare) takeaway, with a bit of planning and care you can usually order a healthier version, so if ordering a Chinese I go for lemon chicken, a plainish curry of some sort, no rice and no noodles. If ordering an Indian I tend to go for a Tandoori mixed grill, and again a nice curry of some sort, (mushroom is good) and again, no rice and no Naan bread. I usually cook up my own cauliflower rice if ordering one if these, (2min microwave jobbie, so easy to do). Honestly, I don't think I've found anywhere where there's been nothing to eat, can usually get an omelette or eggs, protein, fish, or salad or veggie something or other without much hassle, so...... Click to expand... I just don't eat out but that's my problem as I dislike Asian food and salads, vegetables especially cauliflower and mushrooms. I suppose I do save some money lol"
263,/boards/forums/stigma.54/,"AleGna68 said: TILL one night BG gone so low I was frighted to go to bed……. I had a lady who took me to get some foods, so walked long way to fridge to get some. Didn’t work quickly enough and a member of staff was worried, had phoned the manager at 11;30pm! Only then taken seriously! Click to expand... What medication are you on and did you know how to adjust it if you are not eating much/anything? If you are not on glucose lowering meds like insulin or gliclazide, then there should be no real concern about going low. Your liver will almost certainly have plenty of stores to bring them back up unless you have been out running a marathon that day and depleted it. What sort of foods were they offering? Breakfasts should be easy as a full English is usually available in most hotels or eggs however you like them maybe with mushrooms and tomatoes or yoghurt of course. Buffet lunch, you can always eat the sausage out of sausage rolls or cheese or meat out of a sandwich or remove the top slice and have it as an open sandwich or leave the crusts to reduce the carb content and leave the crust from any quiche and eat the salad garnish if there is any, which I find most other people aren't interested in anyway. Evening meals, just eat the protein and veg and leave most of the carb rich foods or ask for them to switch in more veggies/salad/coleslaw instead of potatoes or chips etc. and then I find a cheese board instead of a dessert works well when eating out. You have to be prepared to adapt and compromise to some extent and it is probably a lot easier for you to do that than for a chef to devise something that you might ultimately not like or still not be suitable. Most catering profits are made by offering high carb meals because carbs are the cheapest element on the plate..... plus most people are very happy to have a big plate of chips or rice or whatever. Carveries are certainly great for eating out if you are following a low carb way of eating or steak, salad and coleslaw in a restaurant with maybe just a couple of onion rings works well!"
264,/boards/forums/stigma.54/,"everydayupsanddowns said: I don’t think there’s any problem with flagging items as ‘low carb’ on a menu. Just like things are flagged as vegetarian etc. And for some, even the most basic pub grub options might be adaptable. “I’ll have the steak please, but can I have it with extra salad rather than chips…” Or walking past the roasties and yorkshires at a carvery until you get to the vat of gently bubbling cauliflower cheese. But I share your frustration at the lack of suitable options at times. Many catered events are just a sea of uninspiring beige And for my entire 30+ years with diabetes low sugar soft drink option in pubs has only ever been Diet Coke. Nothing else. But as I say, unfortunately I don’t think the Equality Act inclusion of diabetes as a disability can be used to compel restaurants to include a range of specifically low carb options, because low carb is just one diabetes management option among many, and there isn’t the trial evidence to support that it is essential for everyone, not even everyone with T2 (and therefore discriminatory if it is not offered) For injections I always just injected at the table. And I’d never suggest anyone feel the need to go somewhere else - especially not a public toilet! Click to expand... I used to attend a venue for a weeks course twice a year for some years. The last 3 years the menu had deteriorated from really good to lot of high carb cheap fast food and diminishing salad options and quantity. I could barely find enough to eat. Asking for substitutions appeared not to be a possibility as the food was being supplied virtually on the day and they could not guarantee what was being delivered. It was not possible for me to go out of the venue to buy what I needed. I went to the manager to try and explain my needs, sadly he was not amenable and kept quoting the ‘required list of allergens’! He was aggressive and rude. Long story short, I contacted the relevant government department explained the whole experience, they took my explanation seriously and eventually I had a reply that actually agreed I was being discriminated against and replied to each part. However, that is all they do, they then recommended I make a formal complaint to the head of the organisation….. which I did without getting a response which go’s against them. I had already contacted the head of the organisation and was led to believe they were going to help with my problem. However, the onus is then on the complainant to take the matter further, ie court and this is when it all falls apart."
265,/boards/forums/stigma.54/,"MikeyBikey said: I am currently in hospital and struggling as the carb content of the meals are not given. So no help for diabetics but if I was Vegetarian, Vegan, Afro-Caribbean, Asian, Halal, Kosher and Jain there are options. Considering the percentage of diabetics on the ward  this is pretty ridiculous! Click to expand... Sorry to hear this, yes I have had this too in hospital."
266,/boards/forums/stigma.54/,"Inka said: As @everydayupsanddowns says, there is no one diabetic diet. I’m Type 1 and my diet is what I’d eat if I didn’t have diabetes. There have been a number of threads about this, which are interesting reading @AleGna68 I’ll see if I can find some and link them in this thread. Moreover, it’s easy to identify and reduce/omit carbs if you choose too. A menu listing Baked Potato, chicken and salad clearly has carbs. You can either choose something else. Choose that meal but eat none/some of the potato, as you choose, or request the potato is substituted with another menu item, eg you might request two servings of salad or a serving of green veg instead. Plenty of people without diabetes do that because of dietary or taste preferences. Note that apparently they have a directive with 14 ‘allergens’ on but nothing about Low Carb, it’s not hard or rocket science. This is not comparable at all, and rather offensive. Why have you put allergens in inverted commas? Those allergens can kill somebody if they’re allergic to one or more and inadvertently eat it! It’s not a fad, as you seem to imply. Having looked after children with allergies, i can promise you it’s extremely serious - and absolutely nothing like choosing to eat low carb! In addition, while carbs are obvious, allergens very often aren’t - hence the labelling rules. Click to expand... I think you have read my allergens in the wrong context, I agree….. I have allergic reactions to lobster & family."
267,/boards/forums/stigma.54/,"rebrascora said: What medication are you on and did you know how to adjust it if you are not eating much/anything? If you are not on glucose lowering meds like insulin or gliclazide, then there should be no real concern about going low. Your liver will almost certainly have plenty of stores to bring them back up unless you have been out running a marathon that day and depleted it. What sort of foods were they offering? Breakfasts should be easy as a full English is usually available in most hotels or eggs however you like them maybe with mushrooms and tomatoes or yoghurt of course. Buffet lunch, you can always eat the sausage out of sausage rolls or cheese or meat out of a sandwich or remove the top slice and have it as an open sandwich or leave the crusts to reduce the carb content and leave the crust from any quiche and eat the salad garnish if there is any, which I find most other people aren't interested in anyway. Evening meals, just eat the protein and veg and leave most of the carb rich foods or ask for them to switch in more veggies/salad/coleslaw instead of potatoes or chips etc. and then I find a cheese board instead of a dessert works well when eating out. You have to be prepared to adapt and compromise to some extent and it is probably a lot easier for you to do that than for a chef to devise something that you might ultimately not like or still not be suitable. Most catering profits are made by offering high carb meals because carbs are the cheapest element on the plate..... plus most people are very happy to have a big plate of chips or rice or whatever. Carveries are certainly great for eating out if you are following a low carb way of eating or steak, salad and coleslaw in a restaurant with maybe just a couple of onion rings works well! Click to expand... I am Type 2, there was a thought I might have LADA. I only take Empagliflozin, rest is diet.  The menu at the Venue had 2 main choices, both could be high carb, pie or baked potato, chips, etc the usual. Breakfasts were ok, full English with lots of cereals, cheap bread. Yes you can adapt providing there is enough choice provided……. I’ve been T2 diabetic for 4 years now. I have asked for their menus in advance of meals so I can see what is being provided so I may make a choice but the menu was never available till the morning of the day. I would have imagined the menus to be planned in advance ‍♀️ The venu was attended by several different groups and quite frankly, food seemed rationed! Many going up for seconds but portions were small. There were only sponge puddings, crumbles, no fresh fruit and only bowls of tinned like fruit cocktail ‍♀️ We don’t visit places with carvery’s, there’s not many round by me. Sorry about mish mash replying……"
268,/boards/forums/stigma.54/,"AleGna68 said: I am Type 2, there was a thought I might have LADA. I only take Empagliflozin, rest is diet.  The menu at the Venue had 2 main choices, both could be high carb, pie or baked potato, chips, etc the usual. Breakfasts were ok, full English with lots of cereals, cheap bread. Yes you can adapt providing there is enough choice provided……. I’ve been T2 diabetic for 4 years now. I have asked for their menus in advance of meals so I can see what is being provided so I may make a choice but the menu was never available till the morning of the day. I would have imagined the menus to be planned in advance ‍♀️ The venu was attended by several different groups and quite frankly, food seemed rationed! Many going up for seconds but portions were small. There were only sponge puddings, crumbles, no fresh fruit and only bowls of tinned like fruit cocktail ‍♀️ We don’t visit places with carvery’s, there’s not many round by me. Sorry about mish mash replying…… Click to expand... Presumably they cater for other dietary requirements, vegetarian, gluten free so you may have found those better on carbs. You could have had the pie without the chips and left some of the pastry, eaten the filling of the jacket potato and only a bit of the potato, /the fruit cocktail may not have been too bad if you didn't have the juice, breakfast with the cooked bit but not bothering with cereals. It would be rather tedious for a whole week though. Could you not have taken food to have in your room?"
269,/boards/forums/stigma.54/,"I agree with @Leadinglights Removing the pie filling to eat and so on would have been simple. I’d also have bought my own snacks in case I needed them. Some of those could have been less carby substitutes for the baked potato, etc, meaning you were still full. Interesting that you’re on Empagliflozin - I thought very low carb was contraindicated with the flozins? So maybe you could just have eaten moderate amounts of the carbs at each meal. Do you usually have dessert? I often don’t bother when I’m out somewhere providing the fairly basic food you describe as all the options are not only carby but overly sweet to my palette. A nice coffee is a good substitute with cream and a shot of brandy if they have a bar. Although it can be awkward sometimes when there’s not much choice of food, it’s just that - a bit awkward - not discrimination."
270,/boards/forums/stigma.54/,"Leadinglights said: Presumably they cater for other dietary requirements, vegetarian, gluten free so you may have found those better on carbs. You could have had the pie without the chips and left some of the pastry, eaten the filling of the jacket potato and only a bit of the potato, /the fruit cocktail may not have been too bad if you didn't have the juice, breakfast with the cooked bit but not bothering with cereals. It would be rather tedious for a whole week though. Could you not have taken food to have in your room? Click to expand... The food was limited and place is a conference centre. Soon as most had taken their meal any remain was removed but there wasn’t any I could take. They were serving extremely small portions, when I asked for more veg instead of the potato/chips/baked Spud there was ‘Why, of I don’t think I can do that and turned to try and get permission to another’! I do not eat cereals, high carb and sugar. Also I need a decent quantity of veg and particularly protein as numbers will drop and I don’t like going to bed with low number as unpredictable. Fruit cocktail was cheap catering variety that didn’t have much variety of fruit in it and it’ll be in syrup, which yeah you can leave. No i do not eat pasty, mash…. I may have tiny portion on boiled potatoes. ‍♀️"
271,/boards/forums/stigma.54/,"AleGna68 said: The food was limited and place is a conference centre. Soon as most had taken their meal any remain was removed but there wasn’t any I could take. They were serving extremely small portions, when I asked for more veg instead of the potato/chips/baked Spud there was ‘Why, of I don’t think I can do that and turned to try and get permission to another’! I do not eat cereals, high carb and sugar. Also I need a decent quantity of veg and particularly protein as numbers will drop and I don’t like going to bed with low number as unpredictable. Fruit cocktail was cheap catering variety that didn’t have much variety of fruit in it and it’ll be in syrup, which yeah you can leave. No i do not eat pasty, mash…. I may have tiny portion on boiled potatoes. ‍♀️ Click to expand... What were they providing for those who were vegetarian or gluten free or those with other dietary requirements? If you couldn't take your own food or go out it sounds more like a prison. Perhaps you should report your issues to whoever organises the course/conference you were attending."
272,/boards/forums/stigma.54/,"AleGna68 said: I used to attend a venue for a weeks course twice a year for some years. The last 3 years the menu had deteriorated from really good to lot of high carb cheap fast food and diminishing salad options and quantity. I could barely find enough to eat. Asking for substitutions appeared not to be a possibility as the food was being supplied virtually on the day and they could not guarantee what was being delivered. It was not possible for me to go out of the venue to buy what I needed. I went to the manager to try and explain my needs, sadly he was not amenable and kept quoting the ‘required list of allergens’! He was aggressive and rude. Long story short, I contacted the relevant government department explained the whole experience, they took my explanation seriously and eventually I had a reply that actually agreed I was being discriminated against and replied to each part. However, that is all they do, they then recommended I make a formal complaint to the head of the organisation….. which I did without getting a response which go’s against them. I had already contacted the head of the organisation and was led to believe they were going to help with my problem. However, the onus is then on the complainant to take the matter further, ie court and this is when it all falls apart. Click to expand... Sorry to hear you had such a negative experience @AleGna68 Must have been very frustrating when even when you were listened-to, and had a sympathetic reply there was no real action taken as a result of your concerns"
273,/boards/forums/stigma.54/,"AleGna68 said: Diabetes is considered a disability…….. I get interesting replies from diabetics about this! ‘NICE guide lines’ So, if restaurants can cater for all the other dietary requirements/needs/wants then they certainly should cater for those diabetics who have to have Low Carb diet. Note that apparently they have a directive with 14 ‘allergens’ on but nothing about Low Carb, it’s not hard or rocket science. Many places round me are mostly fast food and have forgotten salad options. Son said ‘just ask for what you want’ ie: bit of this n that providing it in their menu…….. even that doesn’t work often. So……. Going on courses, holidays are a nightmare…….. Click to expand... Diabetes is not always considered a 'disability'. For type 1s on insulin it is, but for people with T2 it's more a case by case basis. I don't have much a problem going out, either here or in Europe. Europe is easy, especially Italy, where many meals are low carb anyway (Meat and veg). I just ask for things to replaced or removed."
274,/boards/forums/stigma.54/,"harbottle said: Diabetes is not always considered a 'disability'. For type 1s on insulin it is, but for people with T2 it's more a case by case basis. Click to expand... That’s an interesting thought. I suppose it relates to the ‘reasonable adjustments’ which employers etc are required to make in their treatment of people who live with conditions referenced under the Equality Act. This from the DUK ‘ Your rights at work ’ page (my emphasis): As someone living with diabetes in England, Scotland or Wales, your rights at work are set out in the Equality Act 2010 . If you live in Northern Ireland, they are in the Disability Discrimination Act 1995 . Both these acts state the steps employers must follow in their treatment of employees and job seekers who have a disability. While you might not think of your diabetes as a disability, you should be protected by these acts. The Equality Act 2010 describes a disability as a physical or mental impairment that has a large long-term negative effect on a person’s ability to carry out normal day-to-day activities . If you take medication, the decision is based on how your impairment would affect you if you didn’t take the medication. So, to ask whether diabetes fits the description of disability , you must consider the effect of diabetes if it wasn’t being treated. ​ The “ whether the diabetes fits the description ” is interesting. Untreated (and by extension unmanaged?) T2 has profound negative consequences (blindness, heart damage, kidney failure etc etc). But one meal here or there at a conference? I’d need much more of a legal brain to understand to what extent the reasonable adjustments apply in terms of the act. I mean… it must apply. But I’m just not sure what ‘reasonable’ means in that context."
275,/boards/forums/stigma.54/,"Years ago - and I mean 10+ years ago - there was a discussion about whether Type 2 diabetes per se was covered by the Equality Act. I think the answer was ‘in some cases’ or uncertain. I can’t remember if this was DUK discussion or if I saw it on a work/trade union website @harbottle @everydayupsanddowns I don’t feel that the provision of the food listed above would count as Discrimination. If you consider it in comparison to food allergies, there’s no compulsion on service providers to provide certain food. The law is that allergens must be accurately labelled , allowing the customer to make safe and appropriate choices - not that the restaurant must provide foods free of allergens. As a related example, there are a number of pizza chains. Coeliac disease and related conditions aren’t uncommon. Some pizza chains offer gluten free pizzas, some don’t. The ones who don’t aren’t breaking any law. A ‘diabetes diet’ wouldn’t be covered anyway because there isn't one."
276,/boards/forums/stigma.54/,"I've worked in a large multi national company on delivering assistive technology and its a tricky area. The law is very unhelpful as nowhere does it define 'reasonable'. I tended to start from the point of could it be done with existing resources and budget and then take it from there. I did find that people wanted to be helpful but it often got lost in a call logging system and much of what I did was just finding the right person. One user wanted a braille printer which to me seemed reasonable but actually involved a huge amount of work. That meant in one instance it was a reasonable request - printer for a visually impaired person but on the other would cost a lot of money and be very expensive to support which the law sort of implies isn't reasonable. For Diabetes I think its more about allowing breaks to take snacks, medicine or insulin; being allowed to carry your mobile phone if you aren't normally and understanding around sick days. One person I was speaking to recently was telling me that until recently one of the major supermarket chains wouldn't allow them to carry anything on the shop floor and breaks were taken at the end of the shift. That seems unreasonable to me (and has since changed). I think the food example probably isn't reasonable (from a legal point of view) as its a one off (each diabetic is different), difficult to plan (again each person would have different needs) and probably expensive to do on a case by case basis."
277,/boards/forums/stigma.54/,"Leadinglights said: What were they providing for those who were vegetarian or gluten free or those with other dietary requirements? If you couldn't take your own food or go out it sounds more like a prison. Perhaps you should report your issues to whoever organises the course/conference you were attending. Click to expand... The organise action specifically says not to bring your own food! There’s not a fridge in you room anyway. They had been fully informed of my dietary needs and said to my organiser that they would cater for them, however it was as expected, different."
278,/boards/forums/stigma.54/,"Standup said: I've worked in a large multi national company on delivering assistive technology and its a tricky area. The law is very unhelpful as nowhere does it define 'reasonable'. I tended to start from the point of could it be done with existing resources and budget and then take it from there. I did find that people wanted to be helpful but it often got lost in a call logging system and much of what I did was just finding the right person. One user wanted a braille printer which to me seemed reasonable but actually involved a huge amount of work. That meant in one instance it was a reasonable request - printer for a visually impaired person but on the other would cost a lot of money and be very expensive to support which the law sort of implies isn't reasonable. For Diabetes I think its more about allowing breaks to take snacks, medicine or insulin; being allowed to carry your mobile phone if you aren't normally and understanding around sick days. One person I was speaking to recently was telling me that until recently one of the major supermarket chains wouldn't allow them to carry anything on the shop floor and breaks were taken at the end of the shift. That seems unreasonable to me (and has since changed). I think the food example probably isn't reasonable (from a legal point of view) as its a one off (each diabetic is different), difficult to plan (again each person would have different needs) and probably expensive to do on a case by case basis. Click to expand... Well I think it was the EMEA, had said my treatment had been discriminatory. I hear all diabetics are different, yes in as much as to what is tolerated however it is well recognised that carbohydrates can cause issues with most diabetics. The differences can be the medications people are prescribed. I have only one medication - Empagliflozin, I do not inject. The issue here is many need to watch consumption of carbohydrates as we all know they convert into sugar in the body. How hard is it to be mindful, majority of catering establishments as I have said, cater for vegetarian, vegan, Gluten free and the obvious those who have allergies  to foodstuffs. You may say that T2 Diabetics have an intolerance to carbohydrates and yes each persons reactions will be different, however how hard is it to provide plain meat, fish, veg, fresh fruit ‍♀️  What I sadly finding is limitation of provisions and cheap high carbohydrates can be majority of choice on the counter! I am well aware of mixing and matching, this is totally fine so long as there are items you can do this with and ypu have cooperation of staff. It is a need not a want. Many like myself are effectively being excluded. I have to seriously think if I can attend a weeks course where its said not to bring your own provisions and even if I did, where would they be kept. I am hearing a lot of resistance to a simple solution that would make a lot of difference to those like me. The point here IS Vegetarian and vegan are catered for, this is a choice they make which they have a right to. No one chooses to have diabetes."
279,/boards/forums/stigma.54/,"I can appreciate the issue with bringing your own food if it needs a fridge. But I am surprised they could stop you taking food that can be kept at room temperature - I always carry cereal/nut bars around with me and, have travelled with someone who always has sachets of tuna and olives as she knows she has specific dietary requirements. Yes, it is frustrating when your dietary needs are not catered for or understood. I remember one occasion when I struggled to convince a waiter at a work event that prawns (or ""shrimps"" as she called them because it was in Texas) are not vegetarian and another work event where the only vegetarian main course served was pasta until I complained on day 4. But by avoiding certain foods (e.g. leaving the meat on my plate as a vegetarian or chips if you are following a low carb diet) and bringing enough ""back ups"" in my luggage, I have always got by and never felt overly aggrieved."
280,/boards/forums/stigma.54/,"AleGna68 said: The point here IS Vegetarian and vegan are catered for, this is a choice they make which they have a right to. Click to expand... I disagree. There are many reasons for eating a vegetarian diet and they are not all choice. For example, Jainism dictates vegetarianism and some people have an intolerance to meat. And, as I explained in my previous comment, vegetarianism is NOT always catered for."
281,/boards/forums/stigma.54/,"Leadinglights said: Presumably they cater for other dietary requirements, vegetarian, gluten free so you may have found those better on carbs. You could have had the pie without the chips and left some of the pastry, eaten the filling of the jacket potato and only a bit of the potato, /the fruit cocktail may not have been too bad if you didn't have the juice, breakfast with the cooked bit but not bothering with cereals. It would be rather tedious for a whole week though. Could you not have taken food to have in your room? Click to expand... Gluten free is not lower carb and I need meat, eggs, cheese. The diet is Low carb, high protein which if you actually can get protein from other foodstuffs is probably ok. Eating only the filling might be ok providing there is enough meat in it. Indeed it was a nightmare. I was very lucky on my course was a lady who knew only too well my issues as she had to help many people in her care as head of a department who organises home helps, thats probably insulting her but I, not sure exactly her roll, but she insisted on taking me in her car to the supermarket to buy provisions - she was annoyed with the place on my behalf."
282,/boards/forums/stigma.54/,"helli said: I disagree. There are many reasons for eating a vegetarian diet and they are not all choice. For example, Jainism dictates vegetarianism and some people have an intolerance to meat. And, as I explained in my previous comment, vegetarianism is NOT always catered for. Click to expand... You may well disagree, but this does not change the fact that vegetarian and veganism is catered for. Religious reasons are not the same as medical reasons, so why shouldn’t a diabetics dietary ‘needs’ be catered for?"
283,/boards/forums/stigma.54/,"harbottle said: Diabetes is not always considered a 'disability'. For type 1s on insulin it is, but for people with T2 it's more a case by case basis. I don't have much a problem going out, either here or in Europe. Europe is easy, especially Italy, where many meals are low carb anyway (Meat and veg). I just ask for things to replaced or removed. Click to expand... Read the NICE guidelines, I believe is says medicated, and I am."
284,/boards/forums/stigma.54/,"helli said: I can appreciate the issue with bringing your own food if it needs a fridge. But I am surprised they could stop you taking food that can be kept at room temperature - I always carry cereal/nut bars around with me and, have travelled with someone who always has sachets of tuna and olives as she knows she has specific dietary requirements. Yes, it is frustrating when your dietary needs are not catered for or understood. I remember one occasion when I struggled to convince a waiter at a work event that prawns (or ""shrimps"" as she called them because it was in Texas) are not vegetarian and another work event where the only vegetarian main course served was pasta until I complained on day 4. But by avoiding certain foods (e.g. leaving the meat on my plate as a vegetarian or chips if you are following a low carb diet) and bringing enough ""back ups"" in my luggage, I have always got by and never felt overly aggrieved. Click to expand... You may come into problems bringing food into another country… Some are very very strict on that. Taking your own food runs the risk of getting food poisoning without proper storage. I’ve been there done that in another place. Bought a motorised cool box but I couldn’t leave the electrics on due to fire risks in a listed building and it wasn’t that efficient."
285,/boards/forums/stigma.54/,"AleGna68 said: You may well disagree, but this does not change the fact that vegetarian and veganism is catered for. Religious reasons are not the same as medical reasons, so why shouldn’t a diabetics dietary ‘needs’ be catered for? Click to expand... In my experience vegetarians are NOT always catered for. I have been to many events where there is no options of vegetarians. I have also requested a vegetarian meal only for them to ""run out"" before I was given my meal. It is easier to be more aware of restriction sthat affect us than restrictions that affect others. But don't assume it is easy for vegetarians. I mentioned religion (and medical reason such as intolerance to meat) as it is covered under the UK discrimination laws like disability. If someone had been vegetarian due to, for example, religious (or any other) beliefs all their life, I expect there would be a medical issue to manage soon afterwards."
286,/boards/forums/stigma.54/,"AleGna68 said: I note that you are a T1 and I’m T2. Oh by the way, where is it you travel to, as we are going to Bangkok next year and already I’m wondering how to manage. I pay to have Libre monitors and its quite clear from it that my meals do spike AND I’ve been criticised by the diabetes nurse! Click to expand... Thai food is lovely! One of my favourites. I love the flavours and they normally have reasonable amounts of veg. I found the desserts a bit sweet but the fresh fruit was lush. I’m sure there’ll be plenty you can eat."
287,/boards/forums/stigma.54/,"MikeyBikey said: I mentioned previously that there were additional hospital menus for ethnic minorities+race an It was very good religion) so I thought I would try one. It was very good and came with a decent portion of fish. There was also a nutritional breakdown so I am trying another this evening (arriving now). Click to expand... Oh dear. There was I looking forward to.a decent meal and I was delivered the wrong one, and to add insult to injury it was pureed! As my BG was 4.9.and I had injected I just ate it - quite weird with no texture which seemed to make it quite bland!"
288,/boards/forums/stigma.54/,"My diabetes nurse looks at the results and says it’s what I am eating causing the readings over 9! As you know it is all dependant on how the person reacts and as I said, I have only Empagliflozin, I am type 2, no insulin. Yes it was not a great time walking the corridor to find the bits I had in the fridge. This was a new venue for me so ‘trusted’ the claim and the so called reassurance I was given. ‘All my fussiness’! Sorry I disagree, it is not fussiness to have dietary needs to keep healthy. What about those with allergies? Breakfasts where there is a cooked options is ok, proteins. If I go high I can feel nauseous, when I was experiencing lower readings I felt lightheaded and odd. Yes I feel stressed which is also in the mix as I understand, but why do we have to hid our ‘needs’ not choices. Why do we need to hide what we need to feel comfortable and secure. There is a great need for education about diabetes and what those who have it need? Care in the community?? Care for each other? Has no one heard of ‘Diabetes Distress’?? What I was endeavouring to show is the lack of knowledge what diabetes is all about for those who have to live differently and hopefullly encourage education in catering etc…. The difficulties. Type 2s are judged - overweight, eats the wrong foods in quantity, but this is not the whole truth, it’s not for me……. I ate very little, mine is through a mix of things and causes. I’d like diabetesUK to do more for T2’s by putting more information out and helping more than just saying ‘we can eat what we like’ that is so wrong."
289,/boards/forums/stigma.54/,"everydayupsanddowns said: Sorry to hear you had such a negative experience @AleGna68 Must have been very frustrating when even when you were listened-to, and had a sympathetic reply there was no real action taken as a result of your concerns Click to expand... Your legal rights when you have diabetes Is diabetes a disability? If you have type 1 diabetes, type 2 diabetes or another type of diabetes and need to take insulin or other medication for your diabetes, it's generally seen as a disability under the Equality Act 2010, or if you live in Northern Ireland — the Disability Discrimination... www.diabetes.org.uk"
290,/boards/forums/stigma.54/,"I still eat out and enjoy Asian (with rice), Italian (chicken in a sauce or fish) and I have even eaten Pork Knuckle in Norway. If the meal comes with carbs like rice or potato then I either just eat a small amount or ask if they can swap the carbs for more vegetables, not normally a problem. Events often have a menu otherwise I  eat before I go. For meals with friends I try not to make a fuss and will sometimes take some homemade rolls with me so I can eat them with my meals. All that said I can understand the complaint from the OP. Restaurants could do more to help with this by making keto style foods which gets around the issue of calling them diabetic foods. I have seen the odd restaurant that does keto foods but not in the UK. Using keto recipes for substitutions is a regular habit of mine Corporate events however are just a pain in the neck and the food that is provided is absolutely rubbish."
291,/boards/forums/stigma.54/,"All my fussiness’! Sorry I disagree, it is not fussiness to have dietary needs to keep healthy. What about those with allergies? As I hope you realised the “my” in “all my fussiness” applied to me, as I was talking about my food preferences and routines. Now, some of my preferences are perfectly reasonable but some, I acknowledge, might be ‘unnecessary’. I politely suggest some of your ‘needs’ are more like preferences. When we’re out we sometimes can’t have exactly the foods we prefer. I went out for a meal yesterday and what I ended up choosing was a compromise. It wouldn’t have been what I’d have cooked for myself, but it was fine. I would also repeat that I think you’re being overly strict on your ‘good foods, bad foods’ designations, as evidenced by your erroneous belief that oats are the only healthy cereal, and the fact that you chose to avoid carbs because they were ‘bad carbs’ when they weren’t, and then went low. If I go high I can feel nauseous, when I was experiencing lower readings I felt lightheaded and odd . Going high is unpleasant and stressful. If you’re eating minimally and your blood sugar is still high (how high are you going?) then maybe your meds need a review. That is, it’s not your fault and not due to the minimal things you’re eating, but that you’re not on quite the right meds for you. Yes I feel stressed which is also in the mix as I understand, but why do we have to hide our ‘needs’ not choices. Why do we need to hide what we need to feel comfortable and secure. Those are two separate things. I’d dispute that all your food preferences were needs. Feeling comfortable and secure is an emotional need. I absolutely understand your need to feel that, and that it’s unsettling not to feel it, but that’s not discrimination. You could also have satisfied those emotional needs and concerns by bringing along your own food. That would have reassured you and would have been a food ‘comfort blanket’, knowing you had your own food items to fall back on. Type 2s are judged - overweight, eats the wrong foods in quantity, but this is not the whole truth, it’s not for me……. I ate very little, mine is through a mix of things and causes. I’d like diabetesUK to do more for T2’s by putting more information out and helping more than just saying ‘we can eat what we like’ that is so wrong. I don’t think Type 2 is your fault and I’m sorry you’ve developed it. The ‘you can eat what you like’ message isn’t one I’ve seen from Diabetes U.K. and if that was implied, then that would be aimed at Type 1s, but even then it more means that no foods are forbidden rather than ‘you can sit down and eat a mega amount of fat and sugar each day and be fine’. The recommended diet for Type 1s is the same healthy diet recommended for everyone else, with occasional treats, not ‘anything you like in any quantity you like’. Diabetes U.K. has a lot of information for Type 2s, eg how to reduce your risk of developing it, meal planners, recipes, etc."
292,/boards/forums/stigma.54/,"AleGna68 said: Your legal rights when you have diabetes Is diabetes a disability? If you have type 1 diabetes, type 2 diabetes or another type of diabetes and need to take insulin or other medication for your diabetes, it's generally seen as a disability under the Equality Act 2010, or if you live in Northern Ireland — the Disability Discrimination... www.diabetes.org.uk Click to expand... That doesn’t apply to restaurants though - unless they refused to let you in because you had diabetes. Restaurants don’t have to provide every diet. Take the vegan diet. Veganism is recognised as a belief and this was confirmed in a U.K. court a few years ago. This means it’s covered by the Equality Act BUT that coverage is to do with discrimination at work, etc. It does NOT mean Mr Meaty’s Carnivore Steakhouse has to provide vegan meals!"
293,/boards/forums/stigma.54/,"Apologies, a bit late to this one - eating out is challenging, as mentioned before, because a lot of restaurant meals are relatively high in carbs as they are cheaper ""fillers"" than more expensive protein for example so are more cost-effective for the establishment - that will never change though - just ask for a less-carby alternative and most places will reciprocate - but there is no discrimination there as there is no law  against it - it would be very handy if you could get nutritional info for every meal out, but that is not practical - but you do need some carbs - just work out what ones are ok for you (I have no problem with rice for example, as it digests so slowly (for me), so am not too bothered about it (I take less insulin than the textbooks etc, say I should (I am Type 1 so it is different)) but bread will need a lot more attention (plus my mum's very thick cut chips today, for which I under-cooked it on the insulin) - I get your frustration though"
294,/boards/forums/stigma.54/,"AleGna68 said: May be you can tell me how YOU Flex’ your diet? As I’ve said, you can flex a diet when there are options you actually can choose from, if there is limited menu and many restaurants have reduced choices due to costs etc…. Click to expand... Sometimes that might mean a bit of rice or potato, or such like.  Obviously nothing containing gluten. I like to think I look after myself pretty well, overall, but one day with a potato or some rice isn't going to change my axis or ruin my blood numbers over the longer term. My philosophy is that life is for living. There are no trial runs and I can't be bothered bolstering up for negotiations every time we eat somewhere new. I see my job as fitting in with the world.  Not the other way around."
295,/boards/forums/stigma.54/,"AleGna68 said: No fridges, it was categorily  stated NO food to be brought in! I was assured they would cater for my needs, different story when I arrived. No one apparently was told in spite of being informed weeks ago! I then had 3 stressful days with BG going lower and lower….. For me, I’m still learning and it’s stressing, which is no help either. IF they said they would cater, then why didn’t they? I fully believe they did not have a qualified chef. Huge difference in The Eden Project when we went in my early days. They fetched the chef for me, he listened and totally understood and was not offended like many.  He provided me with a meal. I will give him the credit he deserves. Click to expand... Do they frisk you or check your bags for contraband? Nobody is suggesting bringing a raw chick and your airfryer to cook in your room."
296,/boards/forums/stigma.54/,"AleGna68 said: I note that you are a T1 and I’m T2. Oh by the way, where is it you travel to, as we are going to Bangkok next year and already I’m wondering how to manage. I pay to have Libre monitors and its quite clear from it that my meals do spike AND I’ve been criticised by the diabetes nurse! Click to expand... Ooooh.  We spend a fair amount of time in Thailand.  In fact we are currently awaiting visa approval for our next trip. I find Thailand easy for low carb.  There are lots of choices.  Gluten-free is the much greater challenge for me, but many places actually use coconut aminos instead of soy sauce, which helps. There are lots of BBQ based dishes - even if they're done in an oven.  Their belly pork can be divine and lots of their chicken dishes are delicious. When I have curry, I just don't order rice.  First time around the person taking the order might raise an eyebrow (showing they think I'm some sort of nutter), but they just move one. Most restuarant serve the components of means separately, so curry in a bowl, rice on another plate and veg also in a bowl. Of course there are very carby alternatives, but I can live happily without them. I always come back from Thailand very trim and have my best HbA1cs when returning too. If you have concerns there are some very good Thai<>English translation apps if you want to ask questions.  I'd suggest downloading one before you go, and the Thai keyboard, so that they can type in their responses which the app will translate for you. This is the one I use, on iOS, but I'm sure it'll be available in the Google store too: Gosh.  That's big!"
297,/boards/forums/stigma.54/,"I have found that Pret a Manger and Itsu (ok two sides of the same coin) both do actually list the full nutritional content of their meals - as is, not per 100 grams or stupid ""per 1/77845345th of"" measures. We get stuff on Deliveroo at work so they are quickly becoming my staple. Someone else mentioned the Lounges here - there is one about a 15-minute walk from where I live and I've never had a problem with anything they've offered there (granted, a fish finger sandwich - sadly no longer on the menu - is probably not the ideal choice...) and there are plenty of low-carb options. They're also really good at catering for gluten-free - my wife's cousin has coeliac disease and is (justifiably) paranoid about places but she's eaten there a few times and she's come out the other side OK each time."
298,/boards/forums/stigma.54/,"Martyn Lambert said: I have found that Pret a Manger and Itsu (ok two sides of the same coin) both do actually list the full nutritional content of their meals - as is, not per 100 grams or stupid ""per 1/77845345th of"" measures. We get stuff on Deliveroo at work so they are quickly becoming my staple. Someone else mentioned the Lounges here - there is one about a 15-minute walk from where I live and I've never had a problem with anything they've offered there (granted, a fish finger sandwich - sadly no longer on the menu - is probably not the ideal choice...) and there are plenty of low-carb options. They're also really good at catering for gluten-free - my wife's cousin has coeliac disease and is (justifiably) paranoid about places but she's eaten there a few times and she's come out the other side OK each time. Click to expand... Nandos is also pretty good, as long as you stay away from the Portuguese tart."
299,/boards/forums/stigma.54/,"AleGna68 said: Last July I attended a residential course where the venue organisers said you are not to bring your own food, they will cater! Yeah right…… So I trusted them, did they cater for my needs??? NO, numbers going through the floor because I wasn’t getting enough to eat and nothing I could buy in house. Yes, I spoke to the catering, 2/3 days I was not being listened to - TILL one night BG gone so low I was frighted to go to bed……. I had a lady who took me to get some foods, so walked long way to fridge to get some. Didn’t work quickly enough and a member of staff was worried, had phoned the manager at 11;30pm! Only then taken seriously! Click to expand... Having read the thread, I think I’m agreeing with everyone else in concluding this is a problem with your approach being too rigid. And I say that as an autistic with my own rigid approaches at times… so I can understand how sometimes people can stuck in fixed routines as that feels most comfortable As you take a flozin you should not be eating too low carb, as going too close to ketosis can increase the risk of DKA. So assuming you were keen to stick to a low carb breakfast (usually more doable when away too), you needed to include some carbs in your lunch and dinner. As you mention your blood sugar going too low later on, this shows you weren’t eating enough carbs and needed to increase your carbs above what you ate. So at the specific event mentioned, you could have just eaten more of the provided food, especially some of the carb elements, solving this whole thread. It would have been sensible to take some both low carb and high carb snacks with you. I know you say this isn’t allowed but they weren’t searching your bags and you’re an adult so need to do what’s required, so long as it’s legal and not causing harm to other people. If the low bgs are a continuing problem or you’re having to stick to a rigid diet to avoid lows, then I’d look to stop the flozin (asking a medical professional first) since you seem keen on a low carb diet. There may be other reductions in your medication recommended too but it would need a professional to review with you."
300,/boards/forums/stigma.54/,"Also to add, I don’t think there’s anything discriminatory in this. Discrimination would be saying you couldn’t attend the event or restaurant because you’re diabetic. Restaurants don’t need to cater for all diets, or for allergies. All they need to do is tell you what’s in their food, if they say sorry we’re not able to safely cater for your nut allergy due to cross contamination risks that’s fine. They’re not discriminating. they’re giving you the information to make your own decisions about your health. In terms of reasonable adjustments for diabetes at work events - next time you could ask for the menu in advance so you could decide whether you need to bring your own food or not. Or you could reflect on whether you could have worked around what was available given your low blood sugar issues, depending which option you prefer."
301,/boards/forums/stigma.54/,"it’s crazy how they only started listening once it became an emergency, like why does it always have to get that bad before people take us seriously? I totally get your frustration. Being told “don’t bring your own food, we’ll cater” then being left basically starving? That’s not just inconvenient, it’s dangerous."
302,/boards/forums/stigma.54/,There was plenty of food @Val_G g If you read the whole thread you’ll see that wasn’t really the issue and it certainly wasn’t “dangerous”. I see you’re the parent of someone with diabetes @Val_G What type of diabetes do they have? Or is it you with the diabetes?
303,/boards/forums/stigma.54/,"Val_G said: it’s crazy how they only started listening once it became an emergency, like why does it always have to get that bad before people take us seriously? I totally get your frustration. Being told “don’t bring your own food, we’ll cater” then being left basically starving? That’s not just inconvenient, it’s dangerous. Click to expand... I trusted them as they said they would cater not just in the brochure but to the organiser! I note that the majority of the responders here are Type 1’s, totally different challenges. People seem to fail to see that catering for vegetarian & Vegan is not the same as having to eat a particular diet due to health and the discrimination has been confirmed by a government body ‍♀️ I need to be ‘strict’ because of the reaction my system has to carb elements I have eaten which spikes my BG and then I get criticised by the diabetes nurse! All very well being told I should have eaten the provided carbs when the provided carbs in my view and others, cheap quality."
304,/boards/forums/stigma.54/,"Inka said: There was plenty of food @Val_G g If you read the whole thread you’ll see that wasn’t really the issue and it certainly wasn’t “dangerous”. I see you’re the parent of someone with diabetes @Val_G What type of diabetes do they have? Or is it you with the diabetes? Click to expand... Actually there was NOT plenty of food, many of the other attendees were going up for more. The caterers put up a notice telling people not to request more of the mains till everyone had had their meals! They were rationing people to small portions of the main and only one hot veg with a potato serving."
305,/boards/forums/stigma.54/,"AleGna68 said: I trusted them as they said they would cater not just in the brochure but to the organiser! I note that the majority of the responders here are Type 1’s, totally different challenges. People seem to fail to see that catering for vegetarian & Vegan is not the same as having to eat a particular diet due to health and the discrimination has been confirmed by a government body ‍♀️ I need to be ‘strict’ because of the reaction my system has to carb elements I have eaten which spikes my BG and then I get criticised by the diabetes nurse! All very well being told I should have eaten the provided carbs when the provided carbs in my view and others, cheap quality. Click to expand... I am intrigued by what you would call none cheap carbs. What meals would you have liked them to provide for you, next time you could perhaps send them a list of what meals would be suitable for you and see if they could oblige. It was the same in the 50ies when if vegetarian as my Dad was, places had no clue."
306,/boards/forums/stigma.54/,"Lucyr said: Also to add, I don’t think there’s anything discriminatory in this. Discrimination would be saying you couldn’t attend the event or restaurant because you’re diabetic. Restaurants don’t need to cater for all diets, or for allergies. All they need to do is tell you what’s in their food, if they say sorry we’re not able to safely cater for your nut allergy due to cross contamination risks that’s fine. They’re not discriminating. they’re giving you the information to make your own decisions about your health. In terms of reasonable adjustments for diabetes at work events - next time you could ask for the menu in advance so you could decide whether you need to bring your own food or not. Or you could reflect on whether you could have worked around what was available given your low blood sugar issues, depending which option you prefer. Click to expand... ‘Work around what was available’?? It was a weeks residential venue. The meals often were not adaptable as mains could be totally carb, both options. No plain options like eggs, meat, cheese, fish ‍♀️ If I only had vegetable salads without a protein my levels went very low. There were no bread rolls to fill up with or cheese & crackers, no fresh fruit - nothing! This is how many catering companies have gone, very very basic! I have not just been diagnosed in the last months, 4yrs 3months ago, I had a DiabetesUK training course at the beginning of my diagnosis thanks to my diabetes nurse, who is exceptionally good and sadly now ill herself so I cant see her. I am a qualified Complementary Health care practitioner rtd for the past 26 years. ‘Get the menu in advance’?? Well, I tried that one and nothing was forthcoming coming. I tried this idea with a previous residential place and got the same - no menu! The menu is not put up till the morning of the day it applies to.  I certain this is because they do not know what they will be provided with to serve till it arrives on the vans early in the mornings! I HAVE to eat foods when I am not at home that I would limit or not have at all when home, but when the food offered is majority of cheap carbs this would not be good for me to have all the time, even for a week! I wear a monitor when away and well aware of what the foods do. If I go hyper, I have no idea how to counter that….. If and as I did, go too low, there was nothing I could obtain after meal times to address that. Oh people have said that I should have brought various foods etc……… but I had put my ‘faith/trust’ as they said that they would cater for me when in fact, no one had that intention. It proved that actually you cannot trust anyone ‍♀️"
307,/boards/forums/stigma.54/,"@AleGna68 can you provide some examples of the ""cheap carbs"" that were available. This is something I am struggling to understand and would like to be more supportive of others who need to follow a lower carb."
308,/boards/forums/stigma.54/,"AleGna68 said: Actually there was NOT plenty of food, many of the other attendees were going up for more. The caterers put up a notice telling people not to request more of the mains till everyone had had their meals! They were rationing people to small portions of the main and only one hot veg with a potato serving. Click to expand... There was food but you chose not to eat some of it. It makes sense they didn’t let people have seconds of the main course until everyone had had their first serving."
309,/boards/forums/stigma.54/,"AleGna68 said: I trusted them as they said they would cater not just in the brochure but to the organiser! I note that the majority of the responders here are Type 1’s, totally different challenges. People seem to fail to see that catering for vegetarian & Vegan is not the same as having to eat a particular diet due to health and the discrimination has been confirmed by a government body ‍♀️ I need to be ‘strict’ because of the reaction my system has to carb elements I have eaten which spikes my BG and then I get criticised by the diabetes nurse! All very well being told I should have eaten the provided carbs when the provided carbs in my view and others, cheap quality. Click to expand... Type 2s have replied to you too. You’re missing the point: the venue may have had small meals/cheaper carbs/not much veg or whatever but none of that is discrimination. That’s the point people are making. And no, discrimination hasn’t been confirmed by a government body - because there isn’t any. I don’t think you’re fully reading the replies or explanations so I’ll repeat my example above with regard to coeliac disease - a health condition like diabetes. People with coeliac disease can find it hard to eat out. Let’s take pizzas. Some pizza places will have gluten free options but many won’t. The places that don’t have gluten free options are not discriminating against people with coeliac disease!! It might be annoying, it might be disappointing, but it is not discrimination. It’s the same with allergies. The onus is on correct food labelling so those people can avoid allergens. It does not mean a venue has to provide certain foods for them. I appreciate you were disappointed with the food on offer but with such a restricted diet you should have taken food with you so you could top up if needed. Even if the venue had promised a veritable cornucopia of foods, I’d still have taken some extra food. Type 2s have suggested that too… Either email to express your dissatisfaction with the drop in food quantity and quality, or vote with your feet."
310,/boards/forums/stigma.54/,"helli said: @AleGna68 can you provide some examples of the ""cheap carbs"" that were available. This is something I am struggling to understand and would like to be more supportive of others who need to follow a lower carb. Click to expand... Pasta, rice, cheap breads, pastry, wraps, pizza Basically - basic foods un-processed are often fine, its the cake, biscuits, pastry can be problem.  You also need to watch fruit and some veg ie potato’s for instance….. And it can be worse if the veg is roasted, best is boiled, which go’s against what was taught years ago, to steam to retain nutrients ‍♀️ I had previously changed pasta, rice to wholemeal and I really buy shop breads, I make my own so I can use best wholemeal/wheat flour or Rye etc as I’ve had a bread baker for many years, still affects my BG but I limit amount to 1/2 or 1 slice. Inka said: Type 2s have replied to you too. You’re missing the point: the venue may have had small meals/cheaper carbs/not much veg or whatever but none of that is discrimination. That’s the point people are making. And no, discrimination hasn’t been confirmed by a government body - because there isn’t any. I don’t think you’re fully reading the replies or explanations so I’ll repeat my example above with regard to coeliac disease - a health condition like diabetes. People with coeliac disease can find it hard to eat out. Let’s take pizzas. Some pizza places will have gluten free options but many won’t. The places that don’t have gluten free options are not discriminating against people with coeliac disease!! It might be annoying, it might be disappointing, but it is not discrimination. It’s the same with allergies. The onus is on correct food labelling so those people can avoid allergens. It does not mean a venue has to provide certain foods for them. I appreciate you were disappointed with the food on offer but with such a restricted diet you should have taken food with you so you could top up if needed. Even if the venue had promised a veritable cornucopia of foods, I’d still have taken some extra food. Type 2s have suggested that too… Either email to express your dissatisfaction with the drop in food quantity and quality, or vote with your feet Click to expand... helli said: @AleGna68 can you provide some examples of the ""cheap carbs"" that were available. This is something I am struggling to understand and would like to be more supportive of others who need to follow a lower carb. Click to expand... Cheap carbs: chips, pizza, wraps, pastry goods. These would be ok obviously for those not affected. Trouble for me and those like me was when both main meal options were high carb with no plain meat, fish, chicken to have and the accompaniments were either chips, mash, baked potato with only one hot vegetable, so nothing to substitute. I have seen sight of a form for a course proposed for next year!! Lists many dietary requirements except……………. Low carb/keto which was pointed out by my organiser but she had put a ‘Other’ box on the end of the form Not sure as yet if I’ll attend due to other considerations, price and length of the course, expense But maybe the manager really took in what I’d said and shown from my App, I had a monitor on, useful and he eventually listened."
311,/boards/forums/stigma.54/,"AleGna68 said: Pasta, rice, cheap breads, pastry, wraps, pizza Basically - basic foods un-processed are often fine, its the cake, biscuits, pastry can be problem.  You also need to watch fruit and some veg ie potato’s for instance….. And it can be worse if the veg is roasted, best is boiled, which go’s against what was taught years ago, to steam to retain nutrients ‍♀️ I had previously changed pasta, rice to wholemeal and I really buy shop breads, I make my own so I can use best wholemeal/wheat flour or Rye etc as I’ve had a bread baker for many years, still affects my BG but I limit amount to 1/2 or 1 slice. Cheap carbs: chips, pizza, wraps, pastry goods. These would be ok obviously for those not affected. Trouble for me and those like me was when both main meal options were high carb with no plain meat, fish, chicken to have and the accompaniments were either chips, mash, baked potato with only one hot vegetable, so nothing to substitute. I have seen sight of a form for a course proposed for next year!! Lists many dietary requirements except……………. Low carb/keto which was pointed out by my organiser but she had put a ‘Other’ box on the end of the form Not sure as yet if I’ll attend due to other considerations, price and length of the course, expense But maybe the manager really took in what I’d said and shown from my App, I had a monitor on, useful and he eventually listened. Click to expand... I can see they don't want people ordering in takeaways hence the 'no bringing own food' but I would say 'As you are unable to provide me with suitable food for my dietary requirement I will be bringing my own food'"
312,/boards/forums/stigma.54/,"AleGna68 said: I trusted them as they said they would cater not just in the brochure but to the organiser! I note that the majority of the responders here are Type 1’s, totally different challenges. People seem to fail to see that catering for vegetarian & Vegan is not the same as having to eat a particular diet due to health and the discrimination has been confirmed by a government body ‍♀️ I need to be ‘strict’ because of the reaction my system has to carb elements I have eaten which spikes my BG and then I get criticised by the diabetes nurse! All very well being told I should have eaten the provided carbs when the provided carbs in my view and others, cheap quality. Click to expand... To be clear, my view of making the best of a bad lot doesn't mean if I go to a function or whatever where the diet doesn't suit me that I have a few carbs and that becomes the new norm.  It just means I make the best of what I consider to be a poor lot, on the day (or few days), then get back onto my own wagon . The odd day, or even a couple of days isn't going to materially impact your A1c. As far as being criticised by a nurse who probably has neither lived experience nor real expertise, I'm afraid it would annoy me, but not change my life."
313,/boards/forums/stigma.54/,"AleGna68 said: The meals often were not adaptable as mains could be totally carb, both options. No plain options like eggs, meat, cheese, fish ‍♀️ If I only had vegetable salads without a protein my levels went very low. There were no bread rolls to fill up with or cheese & crackers, no fresh fruit - nothing! This is how many catering companies have gone, very very basic! Click to expand... If you’re going low you need carbs not protein. This sounds like a basic misunderstanding on your side. If there were “bread rolls to fill up with” that would have been carbs, so what was wrong with the carbs provided"
314,/boards/forums/stigma.54/,"I hope you find ways to accommodate your menu requirements if you go on similar courses in the future - as you unfortunately discovered, the safest way is sometimes to bring some emergency back-up supplies with you. Which is frustrating for a catered event (where you have paid for the food) but as you’ve said your trust has been somewhat dented. Regarding low BGs, I always ALWAYS have hypo treatments with me. Even walking around my own house. If you are getting low BG levels, I’d very strongly suggest you find a form of rapid-acting glucose that you can carry with you. And then keep spares in coat pockets… bags… jackets… your car if you drive. Were your low BGs checked with a fingerstick meter? What low numbers were you seeing? I hope the conversations you’ve had with the caterers / organisers are fruitful too, and that future events are more supportive of people who choose a low carb diet."
315,/boards/forums/stigma.54/,"everydayupsanddowns said: I hope you find ways to accommodate your menu requirements if you go on similar courses in the future - as you unfortunately discovered, the safest way is sometimes to bring some emergency back-up supplies with you. Which is frustrating for a catered event (where you have paid for the food) but as you’ve said your trust has been somewhat dented. Regarding low BGs, I always ALWAYS have hypo treatments with me. Even walking around my own house. If you are getting low BG levels, I’d very strongly suggest you find a form of rapid-acting glucose that you can carry with you. And then keep spares in coat pockets… bags… jackets… your car if you drive. Were your low BGs checked with a fingerstick meter? What low numbers were you seeing? I hope the conversations you’ve had with the caterers / organisers are fruitful too, and that future events are more supportive of people who choose a low carb diet. Click to expand... The Lows were low 5’s I know that might not be considered that low but it worried me as it was just before bed and not knowing how low it might go when asleep. I had not experienced this before either.  I feel it was going that low due to not enough proteins and I do eat a few chips or boiled pots if I have to. It was the first time at a different residential event and the dietary difficulties made me quite anxious. I no longer go to the previous residential place due to how I was treated by the person who I thought was going to assist me who instead went completely the opposite way and said that I would have to pay an extra £10 per day on top of a substantial weekly fee for just plain food when other categories were exempt. This is when I sent an enquiry to the relevant departments concerning discrimination, which had been confirmed that it was discrimination. Yes I would hope I and others in my situation can be catered for but…."
316,/boards/forums/stigma.54/,"AleGna68 said: The Lows were low 5’s I know that might not be considered that low but it worried me as it was just before bed and not knowing how low it might go when asleep. I had not experienced this before either.  I feel it was going that low due to not enough proteins and I do eat a few chips or boiled pots if I have to. It was the first time at a different residential event and the dietary difficulties made me quite anxious. I no longer go to the previous residential place due to how I was treated by the person who I thought was going to assist me who instead went completely the opposite way and said that I would have to pay an extra £10 per day on top of a substantial weekly fee for just plain food when other categories were exempt. This is when I sent an enquiry to the relevant departments concerning discrimination, which had been confirmed that it was discrimination. Yes I would hope I and others in my situation can be catered for but…. Click to expand... 5 mmol/l is considered a normal level as people are aiming to be 4-7 mmol/l before eating or fasting /morning and no more than 8-8.5mmol/l 2 hours after eating. It would be too few carbs that would be the issue not loo little protein, protein does not convert to glucose unless you are having keto amount of carbs. Unless you are on medication to lower blood glucose then your liver should kick in and release glucose if you need it."
317,/boards/forums/stigma.54/,"AleGna68 said: The Lows were low 5’s I know that might not be considered that low but it worried me as it was just before bed and not knowing how low it might go when asleep. I had not experienced this before either.  I feel it was going that low due to not enough proteins and I do eat a few chips or boiled pots if I have to. It was the first time at a different residential event and the dietary difficulties made me quite anxious. I no longer go to the previous residential place due to how I was treated by the person who I thought was going to assist me who instead went completely the opposite way and said that I would have to pay an extra £10 per day on top of a substantial weekly fee for just plain food when other categories were exempt. This is when I sent an enquiry to the relevant departments concerning discrimination, which had been confirmed that it was discrimination. Yes I would hope I and others in my situation can be catered for but…. Click to expand... Could I ask which departments confirmed your treatment was discriminatory? My understanding is that under the current legislation T2 is only covered for those taking insulin and other ""aggressive"" blood sugar lowering medication.  Dietary control or dietary control with the usual ""entry level"" medications is not included. At low 5s you still had a very decent margin before considering hypoglycaemia, although if you have been routinely running higher than that, it is possible your body was objecting to the lower number - just because it was used to higher sugars circulating. It is likely all of that situation could have been resolved my a couple of polo mints, a fruit sweet or a jelly baby.  I would find it inconceivable that any venue would try to prevent delegates from having a packet of sweets on their person. My advice to you would be to seriously consider what steps you can take to mitigate against this uncomfortable scenario recurring.  Much of it is in your hands.  You are probably causing yourself more harm by your stress levels than a few sweeties once in a while would cause. Maybe I'm too soft, but my responsibility is looking after me."
318,/boards/forums/stigma.54/,"@AleGna68 I don’t think you’ve responded to the points made about the flozin meds. When you take those, a keto/very low carb diet is not recommended due to the increased risk of ketoacidosis. Do you test for ketones and could some of your ‘low’ feelings have been due to not having sufficient carbs and thus beginning to develop ketones? I’d be more worried about this risk than having some potato, rice, bread, etc that wasn’t wholegrain: The Use of SGLT-2 Inhibitors Coupled With a Strict Low-Carbohydrate Diet: A Set-Up for Inducing Severe Diabetic Ketoacidosis - PMC A 58-year-old male with a history of hypertension and non-insulin dependent type 2 diabetes mellitus (DM) was brought in by ambulance and admitted to the intensive care unit for weakness, lethargy, and altered mental status and was found to be ... pmc.ncbi.nlm.nih.gov ."
319,/boards/forums/stigma.54/,"Inka said: @AleGna68 I don’t think you’ve responded to the points made about the flozin meds. When you take those, a keto/very low carb diet is not recommended due to the increased risk of ketoacidosis. Do you test for ketones and could some of your ‘low’ feelings have been due to not having sufficient carbs and thus beginning to develop ketones? I’d be more worried about this risk than having some potato, rice, bread, etc that wasn’t wholegrain: The Use of SGLT-2 Inhibitors Coupled With a Strict Low-Carbohydrate Diet: A Set-Up for Inducing Severe Diabetic Ketoacidosis - PMC A 58-year-old male with a history of hypertension and non-insulin dependent type 2 diabetes mellitus (DM) was brought in by ambulance and admitted to the intensive care unit for weakness, lethargy, and altered mental status and was found to be ... pmc.ncbi.nlm.nih.gov . Click to expand... The EASS - Equality Advisory Support Service - Government department - this was in connection with the advice I had asked for about my experiences. I believe what I have read does not say T2’s with serious medical requirements. I take only Empagliflozin in the morning. No one has mentioned LCD can cause keto acidosis with this. I am wearing a Libre so see how I react to carbs. I have tested for keto in past and perfectly ok. I had recently consulted a Consultant Endocrinologist who is well known in my area who said I was controlled majority of the time and wouldn’t have a Hypo. So what I am doing is obviously working for me until there’s a change in regime. I just do not eat trashy bread……. I cannot abide it, I have made my own in a bread baker using quality flour for years, even before TD2. I just do not eat and never have eaten the type of mains  ‘food’ that was served on various days. I see how I react to foods via the Libra. Yes it is indeed a balancing act which of course is challenging, of course and everyone is totally different to how they are effected. I understood the NICE guidelines said obviously T1 is considered a disability and T2 medicated, which I am, not on insulin but it said Medicated. The point was that other dietary wants are considered and yet those who need to eat low carb to control diabetes are not even mentioned let alone considered.  In effect Low Carb is plain food, no pasty, no cakes, pasta, rice OR if your body can tolerate these then thats ok for them. I see from my monitors how I am affected. I have just seen my lovely GP and it’s been suggested I try another medication to go with the Empagliflozin, Sitagliptin 25mg for a month - I react horribly to Metformin……. So I am yet to find out how that helps or not when I get it. NOTE Your legal rights when you have diabetes Is diabetes a disability? If you have type 1 diabetes, type 2 diabetes or another type of diabetes and need to take insulin or other medication for your diabetes, it's generally seen as a disability under the Equality Act 2010, or if you live in Northern Ireland — the Disability Discrimination... www.diabetes.org.uk"
320,/boards/forums/stigma.54/,"AleGna68 said: The EASS - Equality Advisory Support Service - Government department - this was in connection with the advice I had asked for about my experiences. I believe what I have read does not say T2’s with serious medical requirements. I take only Empagliflozin in the morning. No one has mentioned LCD can cause keto acidosis with this. I am wearing a Libre so see how I react to carbs. I have tested for keto in past and perfectly ok. I had recently consulted a Consultant Endocrinologist who is well known in my area who said I was controlled majority of the time and wouldn’t have a Hypo. So what I am doing is obviously working for me until there’s a change in regime. I just do not eat trashy bread……. I cannot abide it, I have made my own in a bread baker using quality flour for years, even before TD2. I just do not eat and never have eaten the type of mains  ‘food’ that was served on various days. I see how I react to foods via the Libra. Yes it is indeed a balancing act which of course is challenging, of course and everyone is totally different to how they are effected. I understood the NICE guidelines said obviously T1 is considered a disability and T2 medicated, which I am, not on insulin but it said Medicated. The point was that other dietary wants are considered and yet those who need to eat low carb to control diabetes are not even mentioned let alone considered.  In effect Low Carb is plain food, no pasty, no cakes, pasta, rice OR if your body can tolerate these then thats ok for them. I see from my monitors how I am affected. I have just seen my lovely GP and it’s been suggested I try another medication to go with the Empagliflozin, Sitagliptin 25mg for a month - I react horribly to Metformin……. So I am yet to find out how that helps or not when I get it. NOTE Your legal rights when you have diabetes Is diabetes a disability? If you have type 1 diabetes, type 2 diabetes or another type of diabetes and need to take insulin or other medication for your diabetes, it's generally seen as a disability under the Equality Act 2010, or if you live in Northern Ireland — the Disability Discrimination... www.diabetes.org.uk Click to expand... This is the link to patient information, I suggest to read what is in the highlighted orange box near the end of the info where it mentions euglycemic DKA with low carb diets. Adding another medication may mean you will need to up your carbs, it seems an odd suggestion."
321,/boards/forums/stigma.54/,"Leadinglights said: This is the link to patient information, I suggest to read what is in the highlighted orange box near the end of the info where it mentions euglycemic DKA with low carb diets. Adding another medication may mean you will need to up your carbs, it seems an odd suggestion. Click to expand... Did you intend to add a link to your post about euglycaemic DKA @Leadinglights ?"
322,/boards/forums/stigma.54/,"I heard about the risk of Euglycaemic Ketoacidosis on this forum @AleGna68 . I think @Lucyr had it. This is copied and pasted from Google AI : “Combining a keto diet with empagliflozin is not recommended because it significantly increases the risk of a serious condition called euglycemic diabetic ketoacidosis (euDKA) . Keto diets are a low-carbohydrate intake, while empagliflozin is an SGLT2 inhibitor . Together, they can disrupt the body's energy metabolism, leading to a dangerous build-up of ketones even when blood glucose levels are not extremely high. Patients should always consult their healthcare provider before starting a keto diet while taking this medication. Risks of combining keto with empagliflozin Increased risk of euDKA : The combination of very low carbohydrate intake and empagliflozin can lead to the dangerous condition of euglycemic diabetic ketoacidosis (euDKA), where there are high levels of ketones in the blood despite normal or only slightly elevated blood glucose levels. Serious side effect : Ketoacidosis is a serious medical emergency that requires immediate medical attention. Need for medical supervision : Patients on empagliflozin should not start a keto diet without discussing it with their doctor, and they should inform their healthcare team of any major dietary changes, such as starting a keto diet or fasting. Safer dietary approach Moderate carbohydrate diet : The safest dietary option while taking empagliflozin is a moderate carbohydrate diet (around 130–225g per day). Follow doctor's advice : It is crucial to follow the advice of a healthcare provider regarding diet and medication management to avoid potential complications.”"
323,/boards/forums/stigma.54/,"Leadinglights said: This is the link to patient information, I suggest to read what is in the highlighted orange box near the end of the info where it mentions euglycemic DKA with low carb diets. Adding another medication may mean you will need to up your carbs, it seems an odd suggestion. Click to expand... OOOPS yes I did. https://patient.info/medicine/empagliflozin-tablets-jardiance"
324,/boards/forums/stigma.54/,"Leadinglights said: OOOPS yes I did. https://patient.info/medicine/empagliflozin-tablets-jardiance Click to expand... Yes, I looked it up… I’m not NO carb, and I do eat my own bread and specific bought bread, I do eat the odd potato and some veggies are high carb. But I need protein from meat, cheese, eggs, fish. With the Libre app there is a green parameter area in which to endeavour to keep your levels inside and so far mine have not shown below that green line but frequently well above it. This mornings numbers were okish for me to decide to have a small scoop of granola on the Greek yogurt with scoop mixed seed, almonds this made BG go above the green zone (9)  to possibly 11, gradually dropped, so not massively concerning. I understand there are many variables that affect BG and we know everyone is different. My good diabetes nurse is sadly on sick leave and the last person I went to was very unhelpful due to her lack of knowledge, which as I said, prompted me to consult my consultant…….. ££££££££ Yes, it’s wonderful to consult your medical health team when they actually know more than you do….  I’m glad to say that I have a really great GP, we work together as she knows what I did for a living…. I have a lot of anxiety and stress through all my health disasters which unfortunately are not limited to a serious heart issue and the dire betes. I am grateful for all information that I receive"
325,/boards/forums/stigma.54/,"AleGna68 said: I take only Empagliflozin in the morning. No one has mentioned LCD can cause keto acidosis with this Click to expand... Should be in the leaflet in the box that you must always read before starting a new medication or leading lights posted it above Inka said: I heard about the risk of Euglycaemic Ketoacidosis on this forum @AleGna68 . I think @Lucyr had it. Click to expand... Not just me that had it, we’ve had at least 2 other posts where someone has been hospitalised with DKA due to flozins and one where a relative had died due to DKA caused by a flozin.  I’m sure the vast majority of people take them no problems so I don’t call this out to scare anyone just to say that whilst it’s a small risk it’s not no risk so need to know what to look for AleGna68 said: But I need protein from meat, cheese, eggs, fish. With the Libre app there is a green parameter area in which to endeavour to keep your levels inside and so far mine have not shown below that green line but frequently well above it. Click to expand... What have you set the target range to? For a type 2 the aim is not to stay in the green all the time. It's very confusing that you say at various points in this thread that you need protein to avoid hypoglycaemia, that you got someone to get you food and it sounded like you were telling them it’s an emergency for low blood sugar but then turned out your blood sugar was fine. If you like your blood sugar above a certain number or are concerned about hypos then it’s your responsibility to carry fast acting carbs at all times everywhere."
326,/boards/forums/stigma.54/,"Lucyr said: Also to add, I don’t think there’s anything discriminatory in this. Discrimination would be saying you couldn’t attend the event or restaurant because you’re diabetic. Restaurants don’t need to cater for all diets, or for allergies. All they need to do is tell you what’s in their food, if they say sorry we’re not able to safely cater for your nut allergy due to cross contamination risks that’s fine. They’re not discriminating. they’re giving you the information to make your own decisions about your health. In terms of reasonable adjustments for diabetes at work events - next time you could ask for the menu in advance so you could decide whether you need to bring your own food or not. Or you could reflect on whether you could have worked around what was available given your low blood sugar issues, depending which option you prefer. Click to expand... ‘Work around what was available’?? It was a weeks residential venue. The meals often were not adaptable as mains could be totally carb, both options. No plain options like eggs, meat, cheese, fish ‍♀️ If I only had vegetable salads without a protein my levels went very low. There were no bread rolls to fill up with or cheese & crackers, no fresh fruit - nothing! This is how many catering companies have gone, very very basic! I have not just been diagnosed in the last months, 4yrs 3months ago, I had a DiabetesUK training course at the beginning of my diagnosis thanks to my diabetes nurse, who is exceptionally good and sadly now ill herself so I cant see her. I am a qualified Complementary Health care practitioner rtd for the past 26 years. ‘Get the menu in advance’?? Well, I tried that one and nothing was forthcoming coming. I tried this idea with a previous residential place and got the same - no menu! The menu is not put up till the morning of the day it applies to.  I certain this is because they do not know what they will be provided with to serve till it arrives on the vans early in the mornings! I HAVE to eat foods when I am not at home that I would limit or not have at all when home, but when the food offered is majority of cheap carbs this would not be good for me to have all the time, even for a week! I wear a monitor when away and well aware of what the foods do. If I go hyper, I have no idea how to counter that….. If and as I did, go too low, there was nothing I could obtain after meal times to address that. Oh people have said that I should have brought various foods etc……… but I had put my ‘faith/trust’ as they said that they would cater for me when in fact, no one had that intention. It proved that actually you cannot trust anyone ‍♀️"
327,/boards/forums/stigma.54/,"@AleGna68 can you provide some examples of the ""cheap carbs"" that were available. This is something I am struggling to understand and would like to be more supportive of others who need to follow a lower carb."
328,/boards/forums/stigma.54/,"AleGna68 said: Actually there was NOT plenty of food, many of the other attendees were going up for more. The caterers put up a notice telling people not to request more of the mains till everyone had had their meals! They were rationing people to small portions of the main and only one hot veg with a potato serving. Click to expand... There was food but you chose not to eat some of it. It makes sense they didn’t let people have seconds of the main course until everyone had had their first serving."
329,/boards/forums/stigma.54/,"AleGna68 said: I trusted them as they said they would cater not just in the brochure but to the organiser! I note that the majority of the responders here are Type 1’s, totally different challenges. People seem to fail to see that catering for vegetarian & Vegan is not the same as having to eat a particular diet due to health and the discrimination has been confirmed by a government body ‍♀️ I need to be ‘strict’ because of the reaction my system has to carb elements I have eaten which spikes my BG and then I get criticised by the diabetes nurse! All very well being told I should have eaten the provided carbs when the provided carbs in my view and others, cheap quality. Click to expand... Type 2s have replied to you too. You’re missing the point: the venue may have had small meals/cheaper carbs/not much veg or whatever but none of that is discrimination. That’s the point people are making. And no, discrimination hasn’t been confirmed by a government body - because there isn’t any. I don’t think you’re fully reading the replies or explanations so I’ll repeat my example above with regard to coeliac disease - a health condition like diabetes. People with coeliac disease can find it hard to eat out. Let’s take pizzas. Some pizza places will have gluten free options but many won’t. The places that don’t have gluten free options are not discriminating against people with coeliac disease!! It might be annoying, it might be disappointing, but it is not discrimination. It’s the same with allergies. The onus is on correct food labelling so those people can avoid allergens. It does not mean a venue has to provide certain foods for them. I appreciate you were disappointed with the food on offer but with such a restricted diet you should have taken food with you so you could top up if needed. Even if the venue had promised a veritable cornucopia of foods, I’d still have taken some extra food. Type 2s have suggested that too… Either email to express your dissatisfaction with the drop in food quantity and quality, or vote with your feet."
330,/boards/forums/stigma.54/,"helli said: @AleGna68 can you provide some examples of the ""cheap carbs"" that were available. This is something I am struggling to understand and would like to be more supportive of others who need to follow a lower carb. Click to expand... Pasta, rice, cheap breads, pastry, wraps, pizza Basically - basic foods un-processed are often fine, its the cake, biscuits, pastry can be problem.  You also need to watch fruit and some veg ie potato’s for instance….. And it can be worse if the veg is roasted, best is boiled, which go’s against what was taught years ago, to steam to retain nutrients ‍♀️ I had previously changed pasta, rice to wholemeal and I really buy shop breads, I make my own so I can use best wholemeal/wheat flour or Rye etc as I’ve had a bread baker for many years, still affects my BG but I limit amount to 1/2 or 1 slice. Inka said: Type 2s have replied to you too. You’re missing the point: the venue may have had small meals/cheaper carbs/not much veg or whatever but none of that is discrimination. That’s the point people are making. And no, discrimination hasn’t been confirmed by a government body - because there isn’t any. I don’t think you’re fully reading the replies or explanations so I’ll repeat my example above with regard to coeliac disease - a health condition like diabetes. People with coeliac disease can find it hard to eat out. Let’s take pizzas. Some pizza places will have gluten free options but many won’t. The places that don’t have gluten free options are not discriminating against people with coeliac disease!! It might be annoying, it might be disappointing, but it is not discrimination. It’s the same with allergies. The onus is on correct food labelling so those people can avoid allergens. It does not mean a venue has to provide certain foods for them. I appreciate you were disappointed with the food on offer but with such a restricted diet you should have taken food with you so you could top up if needed. Even if the venue had promised a veritable cornucopia of foods, I’d still have taken some extra food. Type 2s have suggested that too… Either email to express your dissatisfaction with the drop in food quantity and quality, or vote with your feet Click to expand... helli said: @AleGna68 can you provide some examples of the ""cheap carbs"" that were available. This is something I am struggling to understand and would like to be more supportive of others who need to follow a lower carb. Click to expand... Cheap carbs: chips, pizza, wraps, pastry goods. These would be ok obviously for those not affected. Trouble for me and those like me was when both main meal options were high carb with no plain meat, fish, chicken to have and the accompaniments were either chips, mash, baked potato with only one hot vegetable, so nothing to substitute. I have seen sight of a form for a course proposed for next year!! Lists many dietary requirements except……………. Low carb/keto which was pointed out by my organiser but she had put a ‘Other’ box on the end of the form Not sure as yet if I’ll attend due to other considerations, price and length of the course, expense But maybe the manager really took in what I’d said and shown from my App, I had a monitor on, useful and he eventually listened."
331,/boards/forums/stigma.54/,"AleGna68 said: Pasta, rice, cheap breads, pastry, wraps, pizza Basically - basic foods un-processed are often fine, its the cake, biscuits, pastry can be problem.  You also need to watch fruit and some veg ie potato’s for instance….. And it can be worse if the veg is roasted, best is boiled, which go’s against what was taught years ago, to steam to retain nutrients ‍♀️ I had previously changed pasta, rice to wholemeal and I really buy shop breads, I make my own so I can use best wholemeal/wheat flour or Rye etc as I’ve had a bread baker for many years, still affects my BG but I limit amount to 1/2 or 1 slice. Cheap carbs: chips, pizza, wraps, pastry goods. These would be ok obviously for those not affected. Trouble for me and those like me was when both main meal options were high carb with no plain meat, fish, chicken to have and the accompaniments were either chips, mash, baked potato with only one hot vegetable, so nothing to substitute. I have seen sight of a form for a course proposed for next year!! Lists many dietary requirements except……………. Low carb/keto which was pointed out by my organiser but she had put a ‘Other’ box on the end of the form Not sure as yet if I’ll attend due to other considerations, price and length of the course, expense But maybe the manager really took in what I’d said and shown from my App, I had a monitor on, useful and he eventually listened. Click to expand... I can see they don't want people ordering in takeaways hence the 'no bringing own food' but I would say 'As you are unable to provide me with suitable food for my dietary requirement I will be bringing my own food'"
332,/boards/forums/stigma.54/,"AleGna68 said: I trusted them as they said they would cater not just in the brochure but to the organiser! I note that the majority of the responders here are Type 1’s, totally different challenges. People seem to fail to see that catering for vegetarian & Vegan is not the same as having to eat a particular diet due to health and the discrimination has been confirmed by a government body ‍♀️ I need to be ‘strict’ because of the reaction my system has to carb elements I have eaten which spikes my BG and then I get criticised by the diabetes nurse! All very well being told I should have eaten the provided carbs when the provided carbs in my view and others, cheap quality. Click to expand... To be clear, my view of making the best of a bad lot doesn't mean if I go to a function or whatever where the diet doesn't suit me that I have a few carbs and that becomes the new norm.  It just means I make the best of what I consider to be a poor lot, on the day (or few days), then get back onto my own wagon . The odd day, or even a couple of days isn't going to materially impact your A1c. As far as being criticised by a nurse who probably has neither lived experience nor real expertise, I'm afraid it would annoy me, but not change my life."
333,/boards/forums/stigma.54/,"AleGna68 said: The meals often were not adaptable as mains could be totally carb, both options. No plain options like eggs, meat, cheese, fish ‍♀️ If I only had vegetable salads without a protein my levels went very low. There were no bread rolls to fill up with or cheese & crackers, no fresh fruit - nothing! This is how many catering companies have gone, very very basic! Click to expand... If you’re going low you need carbs not protein. This sounds like a basic misunderstanding on your side. If there were “bread rolls to fill up with” that would have been carbs, so what was wrong with the carbs provided"
334,/boards/forums/stigma.54/,"I hope you find ways to accommodate your menu requirements if you go on similar courses in the future - as you unfortunately discovered, the safest way is sometimes to bring some emergency back-up supplies with you. Which is frustrating for a catered event (where you have paid for the food) but as you’ve said your trust has been somewhat dented. Regarding low BGs, I always ALWAYS have hypo treatments with me. Even walking around my own house. If you are getting low BG levels, I’d very strongly suggest you find a form of rapid-acting glucose that you can carry with you. And then keep spares in coat pockets… bags… jackets… your car if you drive. Were your low BGs checked with a fingerstick meter? What low numbers were you seeing? I hope the conversations you’ve had with the caterers / organisers are fruitful too, and that future events are more supportive of people who choose a low carb diet."
335,/boards/forums/stigma.54/,"everydayupsanddowns said: I hope you find ways to accommodate your menu requirements if you go on similar courses in the future - as you unfortunately discovered, the safest way is sometimes to bring some emergency back-up supplies with you. Which is frustrating for a catered event (where you have paid for the food) but as you’ve said your trust has been somewhat dented. Regarding low BGs, I always ALWAYS have hypo treatments with me. Even walking around my own house. If you are getting low BG levels, I’d very strongly suggest you find a form of rapid-acting glucose that you can carry with you. And then keep spares in coat pockets… bags… jackets… your car if you drive. Were your low BGs checked with a fingerstick meter? What low numbers were you seeing? I hope the conversations you’ve had with the caterers / organisers are fruitful too, and that future events are more supportive of people who choose a low carb diet. Click to expand... The Lows were low 5’s I know that might not be considered that low but it worried me as it was just before bed and not knowing how low it might go when asleep. I had not experienced this before either.  I feel it was going that low due to not enough proteins and I do eat a few chips or boiled pots if I have to. It was the first time at a different residential event and the dietary difficulties made me quite anxious. I no longer go to the previous residential place due to how I was treated by the person who I thought was going to assist me who instead went completely the opposite way and said that I would have to pay an extra £10 per day on top of a substantial weekly fee for just plain food when other categories were exempt. This is when I sent an enquiry to the relevant departments concerning discrimination, which had been confirmed that it was discrimination. Yes I would hope I and others in my situation can be catered for but…."
336,/boards/forums/stigma.54/,"AleGna68 said: The Lows were low 5’s I know that might not be considered that low but it worried me as it was just before bed and not knowing how low it might go when asleep. I had not experienced this before either.  I feel it was going that low due to not enough proteins and I do eat a few chips or boiled pots if I have to. It was the first time at a different residential event and the dietary difficulties made me quite anxious. I no longer go to the previous residential place due to how I was treated by the person who I thought was going to assist me who instead went completely the opposite way and said that I would have to pay an extra £10 per day on top of a substantial weekly fee for just plain food when other categories were exempt. This is when I sent an enquiry to the relevant departments concerning discrimination, which had been confirmed that it was discrimination. Yes I would hope I and others in my situation can be catered for but…. Click to expand... 5 mmol/l is considered a normal level as people are aiming to be 4-7 mmol/l before eating or fasting /morning and no more than 8-8.5mmol/l 2 hours after eating. It would be too few carbs that would be the issue not loo little protein, protein does not convert to glucose unless you are having keto amount of carbs. Unless you are on medication to lower blood glucose then your liver should kick in and release glucose if you need it."
337,/boards/forums/stigma.54/,"AleGna68 said: The Lows were low 5’s I know that might not be considered that low but it worried me as it was just before bed and not knowing how low it might go when asleep. I had not experienced this before either.  I feel it was going that low due to not enough proteins and I do eat a few chips or boiled pots if I have to. It was the first time at a different residential event and the dietary difficulties made me quite anxious. I no longer go to the previous residential place due to how I was treated by the person who I thought was going to assist me who instead went completely the opposite way and said that I would have to pay an extra £10 per day on top of a substantial weekly fee for just plain food when other categories were exempt. This is when I sent an enquiry to the relevant departments concerning discrimination, which had been confirmed that it was discrimination. Yes I would hope I and others in my situation can be catered for but…. Click to expand... Could I ask which departments confirmed your treatment was discriminatory? My understanding is that under the current legislation T2 is only covered for those taking insulin and other ""aggressive"" blood sugar lowering medication.  Dietary control or dietary control with the usual ""entry level"" medications is not included. At low 5s you still had a very decent margin before considering hypoglycaemia, although if you have been routinely running higher than that, it is possible your body was objecting to the lower number - just because it was used to higher sugars circulating. It is likely all of that situation could have been resolved my a couple of polo mints, a fruit sweet or a jelly baby.  I would find it inconceivable that any venue would try to prevent delegates from having a packet of sweets on their person. My advice to you would be to seriously consider what steps you can take to mitigate against this uncomfortable scenario recurring.  Much of it is in your hands.  You are probably causing yourself more harm by your stress levels than a few sweeties once in a while would cause. Maybe I'm too soft, but my responsibility is looking after me."
338,/boards/forums/stigma.54/,"@AleGna68 I don’t think you’ve responded to the points made about the flozin meds. When you take those, a keto/very low carb diet is not recommended due to the increased risk of ketoacidosis. Do you test for ketones and could some of your ‘low’ feelings have been due to not having sufficient carbs and thus beginning to develop ketones? I’d be more worried about this risk than having some potato, rice, bread, etc that wasn’t wholegrain: The Use of SGLT-2 Inhibitors Coupled With a Strict Low-Carbohydrate Diet: A Set-Up for Inducing Severe Diabetic Ketoacidosis - PMC A 58-year-old male with a history of hypertension and non-insulin dependent type 2 diabetes mellitus (DM) was brought in by ambulance and admitted to the intensive care unit for weakness, lethargy, and altered mental status and was found to be ... pmc.ncbi.nlm.nih.gov ."
339,/boards/forums/stigma.54/,"Inka said: @AleGna68 I don’t think you’ve responded to the points made about the flozin meds. When you take those, a keto/very low carb diet is not recommended due to the increased risk of ketoacidosis. Do you test for ketones and could some of your ‘low’ feelings have been due to not having sufficient carbs and thus beginning to develop ketones? I’d be more worried about this risk than having some potato, rice, bread, etc that wasn’t wholegrain: The Use of SGLT-2 Inhibitors Coupled With a Strict Low-Carbohydrate Diet: A Set-Up for Inducing Severe Diabetic Ketoacidosis - PMC A 58-year-old male with a history of hypertension and non-insulin dependent type 2 diabetes mellitus (DM) was brought in by ambulance and admitted to the intensive care unit for weakness, lethargy, and altered mental status and was found to be ... pmc.ncbi.nlm.nih.gov . Click to expand... The EASS - Equality Advisory Support Service - Government department - this was in connection with the advice I had asked for about my experiences. I believe what I have read does not say T2’s with serious medical requirements. I take only Empagliflozin in the morning. No one has mentioned LCD can cause keto acidosis with this. I am wearing a Libre so see how I react to carbs. I have tested for keto in past and perfectly ok. I had recently consulted a Consultant Endocrinologist who is well known in my area who said I was controlled majority of the time and wouldn’t have a Hypo. So what I am doing is obviously working for me until there’s a change in regime. I just do not eat trashy bread……. I cannot abide it, I have made my own in a bread baker using quality flour for years, even before TD2. I just do not eat and never have eaten the type of mains  ‘food’ that was served on various days. I see how I react to foods via the Libra. Yes it is indeed a balancing act which of course is challenging, of course and everyone is totally different to how they are effected. I understood the NICE guidelines said obviously T1 is considered a disability and T2 medicated, which I am, not on insulin but it said Medicated. The point was that other dietary wants are considered and yet those who need to eat low carb to control diabetes are not even mentioned let alone considered.  In effect Low Carb is plain food, no pasty, no cakes, pasta, rice OR if your body can tolerate these then thats ok for them. I see from my monitors how I am affected. I have just seen my lovely GP and it’s been suggested I try another medication to go with the Empagliflozin, Sitagliptin 25mg for a month - I react horribly to Metformin……. So I am yet to find out how that helps or not when I get it. NOTE Your legal rights when you have diabetes Is diabetes a disability? If you have type 1 diabetes, type 2 diabetes or another type of diabetes and need to take insulin or other medication for your diabetes, it's generally seen as a disability under the Equality Act 2010, or if you live in Northern Ireland — the Disability Discrimination... www.diabetes.org.uk"
340,/boards/forums/stigma.54/,"AleGna68 said: The EASS - Equality Advisory Support Service - Government department - this was in connection with the advice I had asked for about my experiences. I believe what I have read does not say T2’s with serious medical requirements. I take only Empagliflozin in the morning. No one has mentioned LCD can cause keto acidosis with this. I am wearing a Libre so see how I react to carbs. I have tested for keto in past and perfectly ok. I had recently consulted a Consultant Endocrinologist who is well known in my area who said I was controlled majority of the time and wouldn’t have a Hypo. So what I am doing is obviously working for me until there’s a change in regime. I just do not eat trashy bread……. I cannot abide it, I have made my own in a bread baker using quality flour for years, even before TD2. I just do not eat and never have eaten the type of mains  ‘food’ that was served on various days. I see how I react to foods via the Libra. Yes it is indeed a balancing act which of course is challenging, of course and everyone is totally different to how they are effected. I understood the NICE guidelines said obviously T1 is considered a disability and T2 medicated, which I am, not on insulin but it said Medicated. The point was that other dietary wants are considered and yet those who need to eat low carb to control diabetes are not even mentioned let alone considered.  In effect Low Carb is plain food, no pasty, no cakes, pasta, rice OR if your body can tolerate these then thats ok for them. I see from my monitors how I am affected. I have just seen my lovely GP and it’s been suggested I try another medication to go with the Empagliflozin, Sitagliptin 25mg for a month - I react horribly to Metformin……. So I am yet to find out how that helps or not when I get it. NOTE Your legal rights when you have diabetes Is diabetes a disability? If you have type 1 diabetes, type 2 diabetes or another type of diabetes and need to take insulin or other medication for your diabetes, it's generally seen as a disability under the Equality Act 2010, or if you live in Northern Ireland — the Disability Discrimination... www.diabetes.org.uk Click to expand... This is the link to patient information, I suggest to read what is in the highlighted orange box near the end of the info where it mentions euglycemic DKA with low carb diets. Adding another medication may mean you will need to up your carbs, it seems an odd suggestion."
341,/boards/forums/stigma.54/,"Leadinglights said: This is the link to patient information, I suggest to read what is in the highlighted orange box near the end of the info where it mentions euglycemic DKA with low carb diets. Adding another medication may mean you will need to up your carbs, it seems an odd suggestion. Click to expand... Did you intend to add a link to your post about euglycaemic DKA @Leadinglights ?"
342,/boards/forums/stigma.54/,"I heard about the risk of Euglycaemic Ketoacidosis on this forum @AleGna68 . I think @Lucyr had it. This is copied and pasted from Google AI : “Combining a keto diet with empagliflozin is not recommended because it significantly increases the risk of a serious condition called euglycemic diabetic ketoacidosis (euDKA) . Keto diets are a low-carbohydrate intake, while empagliflozin is an SGLT2 inhibitor . Together, they can disrupt the body's energy metabolism, leading to a dangerous build-up of ketones even when blood glucose levels are not extremely high. Patients should always consult their healthcare provider before starting a keto diet while taking this medication. Risks of combining keto with empagliflozin Increased risk of euDKA : The combination of very low carbohydrate intake and empagliflozin can lead to the dangerous condition of euglycemic diabetic ketoacidosis (euDKA), where there are high levels of ketones in the blood despite normal or only slightly elevated blood glucose levels. Serious side effect : Ketoacidosis is a serious medical emergency that requires immediate medical attention. Need for medical supervision : Patients on empagliflozin should not start a keto diet without discussing it with their doctor, and they should inform their healthcare team of any major dietary changes, such as starting a keto diet or fasting. Safer dietary approach Moderate carbohydrate diet : The safest dietary option while taking empagliflozin is a moderate carbohydrate diet (around 130–225g per day). Follow doctor's advice : It is crucial to follow the advice of a healthcare provider regarding diet and medication management to avoid potential complications.”"
343,/boards/forums/stigma.54/,"Leadinglights said: This is the link to patient information, I suggest to read what is in the highlighted orange box near the end of the info where it mentions euglycemic DKA with low carb diets. Adding another medication may mean you will need to up your carbs, it seems an odd suggestion. Click to expand... OOOPS yes I did. https://patient.info/medicine/empagliflozin-tablets-jardiance"
344,/boards/forums/stigma.54/,"Leadinglights said: OOOPS yes I did. https://patient.info/medicine/empagliflozin-tablets-jardiance Click to expand... Yes, I looked it up… I’m not NO carb, and I do eat my own bread and specific bought bread, I do eat the odd potato and some veggies are high carb. But I need protein from meat, cheese, eggs, fish. With the Libre app there is a green parameter area in which to endeavour to keep your levels inside and so far mine have not shown below that green line but frequently well above it. This mornings numbers were okish for me to decide to have a small scoop of granola on the Greek yogurt with scoop mixed seed, almonds this made BG go above the green zone (9)  to possibly 11, gradually dropped, so not massively concerning. I understand there are many variables that affect BG and we know everyone is different. My good diabetes nurse is sadly on sick leave and the last person I went to was very unhelpful due to her lack of knowledge, which as I said, prompted me to consult my consultant…….. ££££££££ Yes, it’s wonderful to consult your medical health team when they actually know more than you do….  I’m glad to say that I have a really great GP, we work together as she knows what I did for a living…. I have a lot of anxiety and stress through all my health disasters which unfortunately are not limited to a serious heart issue and the dire betes. I am grateful for all information that I receive"
345,/boards/forums/stigma.54/,"AleGna68 said: I take only Empagliflozin in the morning. No one has mentioned LCD can cause keto acidosis with this Click to expand... Should be in the leaflet in the box that you must always read before starting a new medication or leading lights posted it above Inka said: I heard about the risk of Euglycaemic Ketoacidosis on this forum @AleGna68 . I think @Lucyr had it. Click to expand... Not just me that had it, we’ve had at least 2 other posts where someone has been hospitalised with DKA due to flozins and one where a relative had died due to DKA caused by a flozin.  I’m sure the vast majority of people take them no problems so I don’t call this out to scare anyone just to say that whilst it’s a small risk it’s not no risk so need to know what to look for AleGna68 said: But I need protein from meat, cheese, eggs, fish. With the Libre app there is a green parameter area in which to endeavour to keep your levels inside and so far mine have not shown below that green line but frequently well above it. Click to expand... What have you set the target range to? For a type 2 the aim is not to stay in the green all the time. It's very confusing that you say at various points in this thread that you need protein to avoid hypoglycaemia, that you got someone to get you food and it sounded like you were telling them it’s an emergency for low blood sugar but then turned out your blood sugar was fine. If you like your blood sugar above a certain number or are concerned about hypos then it’s your responsibility to carry fast acting carbs at all times everywhere."
346,/boards/forums/stigma.54/,"AleGna68 said: The EASS - Equality Advisory Support Service - Government department - this was in connection with the advice I had asked for about my experiences. I believe what I have read does not say T2’s with serious medical requirements. I take only Empagliflozin in the morning. No one has mentioned LCD can cause keto acidosis with this. I am wearing a Libre so see how I react to carbs. I have tested for keto in past and perfectly ok. I had recently consulted a Consultant Endocrinologist who is well known in my area who said I was controlled majority of the time and wouldn’t have a Hypo. So what I am doing is obviously working for me until there’s a change in regime. I just do not eat trashy bread……. I cannot abide it, I have made my own in a bread baker using quality flour for years, even before TD2. I just do not eat and never have eaten the type of mains  ‘food’ that was served on various days. I see how I react to foods via the Libra. Yes it is indeed a balancing act which of course is challenging, of course and everyone is totally different to how they are effected. I understood the NICE guidelines said obviously T1 is considered a disability and T2 medicated, which I am, not on insulin but it said Medicated. The point was that other dietary wants are considered and yet those who need to eat low carb to control diabetes are not even mentioned let alone considered.  In effect Low Carb is plain food, no pasty, no cakes, pasta, rice OR if your body can tolerate these then thats ok for them. I see from my monitors how I am affected. I have just seen my lovely GP and it’s been suggested I try another medication to go with the Empagliflozin, Sitagliptin 25mg for a month - I react horribly to Metformin……. So I am yet to find out how that helps or not when I get it. NOTE Your legal rights when you have diabetes Is diabetes a disability? If you have type 1 diabetes, type 2 diabetes or another type of diabetes and need to take insulin or other medication for your diabetes, it's generally seen as a disability under the Equality Act 2010, or if you live in Northern Ireland — the Disability Discrimination... www.diabetes.org.uk Click to expand... Whilst ""wants"" may be considered at the goodwill of the provider, I don't believe they have to do anything about it. If you were a peanut allergy sufferer, having had anaphalaxis as a result, the provider is still not obliged to feed you non-peanut or non-peanut contaminated foods.  They are merely required to warn you of the reality with peanut containing dishes and the potential for cross contamination where that risk exists. If wants had to be heeded, I'm be mainlining smoked salmon with cream cheese, followed by fillet steak on my 14 hour flights to Bangkok, whereas, I pick the best out of the menus on hand, from the gluten free section.  That is no less carby than the other options available. I never ask for a diabetic friendly meal as it will be based upon the Eat Well Plate for flights from the UK, and similar guidelines from Asia."
347,/boards/forums/stigma.54/,"If flozins are your only medication, then they work by causing you to excrete sugar in your urine at lower levels than would be 'normal'.  As such, your body's mechanisms for avoiding hypos are not affected by these drugs, unless combined with other meds such as insulin or sulphonylureas.  So you are likely at no more risk of a hypo than any non-diabetic."
348,/boards/forums/stigma.54/,"Lucyr said: Should be in the leaflet in the box that you must always read before starting a new medication or leading lights posted it above Not just me that had it, we’ve had at least 2 other posts where someone has been hospitalised with DKA due to flozins and one where a relative had died due to DKA caused by a flozin.  I’m sure the vast majority of people take them no problems so I don’t call this out to scare anyone just to say that whilst it’s a small risk it’s not no risk so need to know what to look for What have you set the target range to? For a type 2 the aim is not to stay in the green all the time. It's very confusing that you say at various points in this thread that you need protein to avoid hypoglycaemia, that you got someone to get you food and it sounded like you were telling them it’s an emergency for low blood sugar but then turned out your blood sugar was fine. If you like your blood sugar above a certain number or are concerned about hypos then it’s your responsibility to carry fast acting carbs at all times everywhere. Click to expand... The lady who helped me on the week was very well aware of diabetes care, her job was a senior in her area authority. I was not wanting her to fuss, but she was very insistent in taking me to the shop to get foods. She would not take no… ‍♀️ “It's very confusing that you say at various points in this thread that you need protein to avoid hypoglycaemia, that you got someone to get you food and it sounded like you were telling them it’s an emergency for low blood sugar but then turned out your blood sugar was fine. If you like your blood sugar above a certain number or are concerned about hypos then it’s your responsibility to carry fast acting carbs at all times everywhere.”              “Tone” One has not had this experience before and as I have not had specific training instructing me I ‘have’ to take supplies of foods, substances to counter low blood sugars. I did have a part full bag jelly babies but have not encountered the need to use them before. The whole situation was new to me. I have found that if I have a meal that is without much carb and protein my readings go lower, which is ok if its in the green, however if it is an evening meal my stomach can start rumbling and I don’t get to sleep and have to have some cheese and crackers ‘carbs’ to assuage it so I can sleep. The targets numbers when I first became diabetic were stated by my nurse. My readings from the Libre are sent to the surgery and my nurse can read them, perfectly acceptable by her. I note the DKA, I have a testing liquid that I had to ask for, I’ll need to check to see if its still in date….. But I have not been instructed to test."
349,/boards/forums/stigma.54/,"AndBreathe said: Whilst ""wants"" may be considered at the goodwill of the provider, I don't believe they have to do anything about it. If you were a peanut allergy sufferer, having had anaphalaxis as a result, the provider is still not obliged to feed you non-peanut or non-peanut contaminated foods.  They are merely required to warn you of the reality with peanut containing dishes and the potential for cross contamination where that risk exists. If wants had to be heeded, I'm be mainlining smoked salmon with cream cheese, followed by fillet steak on my 14 hour flights to Bangkok, whereas, I pick the best out of the menus on hand, from the gluten free section.  That is no less carby than the other options available. I never ask for a diabetic friendly meal as it will be based upon the Eat Well Plate for flights from the UK, and similar guidelines from Asia. Click to expand... This was not on my ‘wants’ as you put it. Without printing the full complaint - the place was saying that I’d have to pay an extra £10 per day on top of a considerable fee for ‘plain foods’, foods that had been in supply in previous years BUT they made exceptions for Vegetarian, vegan, gluten free etc, they had not to pay anything extra…… AND The EASS agreed with my issue! How hard is that to understand, this is a governmental body and it took my issues seriously and agreed. I believe they treated my issues fairly and correctly. I was already paying a considerable sum for the week which included full board, you just could not go out and cater for yourself, the place was in an area that had very little services and there was no appropriate shop. Surely all this arguing is counter productive to getting the consideration that all diabetics need to have their needs considered and assisted ‍♀️"
350,/boards/forums/stigma.54/,"Inka said: I heard about the risk of Euglycaemic Ketoacidosis on this forum @AleGna68 . I think @Lucyr had it. This is copied and pasted from Google AI : “Combining a keto diet with empagliflozin is not recommended because it significantly increases the risk of a serious condition called euglycemic diabetic ketoacidosis (euDKA) . Keto diets are a low-carbohydrate intake, while empagliflozin is an SGLT2 inhibitor . Together, they can disrupt the body's energy metabolism, leading to a dangerous build-up of ketones even when blood glucose levels are not extremely high. Patients should always consult their healthcare provider before starting a keto diet while taking this medication. Risks of combining keto with empagliflozin Increased risk of euDKA : The combination of very low carbohydrate intake and empagliflozin can lead to the dangerous condition of euglycemic diabetic ketoacidosis (euDKA), where there are high levels of ketones in the blood despite normal or only slightly elevated blood glucose levels. Serious side effect : Ketoacidosis is a serious medical emergency that requires immediate medical attention. Need for medical supervision : Patients on empagliflozin should not start a keto diet without discussing it with their doctor, and they should inform their healthcare team of any major dietary changes, such as starting a keto diet or fasting. Safer dietary approach Moderate carbohydrate diet : The safest dietary option while taking empagliflozin is a moderate carbohydrate diet (around 130–225g per day). Follow doctor's advice : It is crucial to follow the advice of a healthcare provider regarding diet and medication management to avoid potential complications.” Click to expand... Well the person I relied on was my diabetes nurse who is well qualified and knowledgeable to a point. As I’ve said, I had had a course run by the diabetesUK around covid time, it was via zoom. I still have the book. But asking GP when often they don’t know as much as a dedicated diabetes nurse ‍♀️  Many don’t get the basics."
351,/boards/forums/stigma.54/,"AleGna68 said: This was not on my ‘wants’ as you put it. Without printing the full complaint - the place was saying that I’d have to pay an extra £10 per day on top of a considerable fee for ‘plain foods’, foods that had been in supply in previous years BUT they made exceptions for Vegetarian, vegan, gluten free etc, they had not to pay anything extra…… AND The EASS agreed with my issue! How hard is that to understand, this is a governmental body and it took my issues seriously and agreed. I believe they treated my issues fairly and correctly. I was already paying a considerable sum for the week which included full board, you just could not go out and cater for yourself, the place was in an area that had very little services and there was no appropriate shop. Surely all this arguing is counter productive to getting the consideration that all diabetics need to have their needs considered and assisted ‍♀️ Click to expand... I specifically used the want as that is what you used in your own post.  I didn't make it up. What are the EASS's next steps following your complaint? My argument is that surely your primary concern in remaining medically safe, yet you expect everyone else to have the actions. Anyway, I'll save you any further replies.  I'm out of this one"
352,/boards/forums/stigma.54/,"AleGna68 said: TILL one night BG gone so low I was frighted to go to bed……. I had a lady who took me to get some foods Click to expand... AleGna68 said: The lady who helped me on the week was very well aware of diabetes care, her job was a senior in her area authority. I was not wanting her to fuss, but she was very insistent in taking me to the shop to get foods. She would not take no… Click to expand... Well if you told someone experienced in diabetes that your blood sugar had gone so low that you were frightened to go to bed then of course they won’t take no for an answer. In reality your bg was perfectly safe at 5, you aren’t at risk of hypos so it’s perfectly safe to go to bed with bg 5, and said you had jelly babies with you so you could have eaten one."
353,/boards/forums/stigma.54/,"Without printing the full complaint - the place was saying that I’d have to pay an extra £10 per day on top of a considerable fee for ‘plain foods’, foods that had been in supply in previous years BUT they made exceptions for Vegetarian, vegan, gluten free etc, they had not to pay anything extra…… That depends what ‘plain foods’ you asked for exactly. If there’s an extra cost, they’re allowed to charge extra to cover it. A common example of this is gluten free food items, say in a bakery or pizza place - because gluten free bread, flour, etc is more expensive than normal ones. That’s not discrimination. The price of food has gone up hugely. You’ve said the food was lower quality than in previous years, and that could be a cost thing. If you then ask for food of the same quality/amount/type as previously, then I presume that would cost them more and they’d pass that cost on to you."
354,/boards/forums/stigma.54/,"Inka said: That depends what ‘plain foods’ you asked for exactly. If there’s an extra cost, they’re allowed to charge extra to cover it. A common example of this is gluten free food items, say in a bakery or pizza place - because gluten free bread, flour, etc is more expensive than normal ones. That’s not discrimination. Click to expand... Same for dairy free milk in some coffee shops, sometimes it can be an extra 30p ish"
355,/boards/forums/stigma.54/,"Lucyr said: Same for dairy free milk in some coffee shops, sometimes it can be an extra 30p ish Click to expand... Dairy free I can understand, there’d be a process involved but plain cooked chicken or other meat ‍♀️ Plain cheese, fish ‍♀️ Basically majority of the food provided is highly processed."
356,/boards/forums/stigma.54/,"AleGna68 said: Dairy free I can understand, there’d be a process involved but plain cooked chicken or other meat ‍♀️ Plain cheese, fish ‍♀️ Basically majority of the food provided is highly processed. Click to expand... But a chicken breast would cost more than cheap mince and potatoes or whatever you were offered, and your meal would have to be prepared separately. You can’t expect everyone else to eat ‘highly processed’, ‘low quality’ food while you have chicken and other meats. You seem fixated on protein to keep your blood sugar at a level you feel comfortable with, but it’s carbs that keep your blood sugar up. More than that, extra/better protein isn’t a requirement of diabetes. People can be discriminated against because they have diabetes - usually in employment - but not being given exactly what you choose to eat isn’t discrimination."
357,/boards/forums/stigma.54/,"Inka said: Without printing the full complaint - the place was saying that I’d have to pay an extra £10 per day on top of a considerable fee for ‘plain foods’, foods that had been in supply in previous years BUT they made exceptions for Vegetarian, vegan, gluten free etc, they had not to pay anything extra…… That depends what ‘plain foods’ you asked for exactly. If there’s an extra cost, they’re allowed to charge extra to cover it. A common example of this is gluten free food items, say in a bakery or pizza place - because gluten free bread, flour, etc is more expensive than normal ones. That’s not discrimination. The price of food has gone up hugely. You’ve said the food was lower quality than in previous years, and that could be a cost thing. If you then ask for food of the same quality/amount/type as previously, then I presume that would cost them more and they’d pass that cost on to you. Click to expand... I said they ‘used’ to have lot of plain unprocessed meat, salad options with cold meats or cheese, tuna, eggs, that was severely reduced. Forget any desserts as they provided only one cooked dessert, no fresh fruit or cheese. All the possible choices I may have had. All down to providing the minimum and minimum costs and bearing in mind it was beginning of last year when things were possibly not as expensive. IF foods were so expensive then they should have increased the cost of the overall course for everyone."
358,/boards/forums/stigma.54/,"AleGna68 said: I said they ‘used’ to have lot of plain unprocessed meat, salad options with cold meats or cheese, tuna, eggs, that was severely reduced. Forget any desserts as they provided only one cooked dessert, no fresh fruit or cheese. All the possible choices I may have had. All down to providing the minimum and minimum costs and bearing in mind it was beginning of last year when things were possibly not as expensive. IF foods were so expensive then they should have increased the cost of the overall course for everyone. Click to expand... But food has gone up in price over two or three years. Yes, they could have provided their previous better quality foods and charged more, but maybe others wouldn’t have been happy about that or couldn’t have afforded it. Theoretically, they could provide both and let people choose which package to have : lower price, lower quality food; or higher price, better food. However, in practice this would probably cause ill feeling and also be hard to police."
359,/boards/forums/stigma.54/,"AleGna68 said: I said they ‘used’ to have lot of plain unprocessed meat, salad options with cold meats or cheese, tuna, eggs, that was severely reduced. Forget any desserts as they provided only one cooked dessert, no fresh fruit or cheese. All the possible choices I may have had. All down to providing the minimum and minimum costs and bearing in mind it was beginning of last year when things were possibly not as expensive. IF foods were so expensive then they should have increased the cost of the overall course for everyone. Click to expand... Are you going on the course by choice or are you required to by an employer if so then you could complain to them about the poor standard of meals. If they are of such poor quality what do the other on the course feel about them. How many people are they catering for."
360,/boards/forums/stigma.54/,"AleGna68 said: Dairy free I can understand, there’d be a process involved but plain cooked chicken or other meat ‍♀️ Plain cheese, fish ‍♀️ Basically majority of the food provided is highly processed. Click to expand... What about the additional chef time for preparing your seperate meal, the higher cost of ingredients as not bulk buying the foods for your seperate meals?"
361,/boards/forums/stigma.54/,"Leadinglights said: Are you going on the course by choice or are you required to by an employer if so then you could complain to them about the poor standard of meals. If they are of such poor quality what do the other on the course feel about them. How many people are they catering for. Click to expand... It is a voluntary course funded by myself and not cheap. This is a similar course to another I had been attending for some years but this is in a conference centre were as the previous venue wasn’t. The conference centre is used by various other groups. There were others on this course with the same issues, T2 diabetic needing low carb reasonable choice to choose from. I wonder if they had to up their drugs to cope. I know as they said to me but, they said nothing to management ‍♀️ a huge thing about the saga IS, they said that they would cater for me as they had been told I needed a low carb diet!!"
362,/boards/forums/stigma.54/,"Lucyr said: What about the additional chef time for preparing your seperate meal, the higher cost of ingredients as not bulk buying the foods for your seperate meals? Click to expand... What about meals for the vegetarian and vegans, gluten frees?"
363,/boards/forums/stigma.54/,"AleGna68 said: It is a voluntary course funded by myself and not cheap. This is a similar course to another I had been attending for some years but this is in a conference centre were as the previous venue wasn’t. The conference centre is used by various other groups. There were others on this course with the same issues, T2 diabetic needing low carb reasonable choice to choose from. I wonder if they had to up their drugs to cope. I know as they said to me but, they said nothing to management ‍♀️ a huge thing about the saga IS, they said that they would cater for me as they had been told I needed a low carb diet!! Click to expand... Unless you had specific discussion with the catering people they may well have thought what they were providing was low enough carb as it might have been for many. Your requirement for carbs seems particularly low compared to most people who follow low carb where they would be tolerant of meals with about 30-40g carbs."
364,/boards/forums/stigma.54/,"AleGna68 said: What about meals for the vegetarian and vegans, gluten frees? Click to expand... Vegetarian and vegan meals are usually cheaper. Moreover, it seems you specified a high protein diet with extra/higher quality meat and fish. Anyone choosing a vegan meal wouldn’t be specifying what they wanted. I eat vegan meals quite often and I’m very confident the vegan meals provided by your venue with the low quality food would be nothing like I eat at home. They would, however, be vegan. If I then specified the precise type and quantities of high quality vegan food I wanted, I would expect to be refused or asked to pay a surcharge."
365,/boards/forums/stigma.54/,I’m locking this thread at the OP’s request. Thanks for all your contributions.
366,/boards/forums/stigma.54/,"AleGna68 said: The EASS - Equality Advisory Support Service - Government department - this was in connection with the advice I had asked for about my experiences. I believe what I have read does not say T2’s with serious medical requirements. I take only Empagliflozin in the morning. No one has mentioned LCD can cause keto acidosis with this. I am wearing a Libre so see how I react to carbs. I have tested for keto in past and perfectly ok. I had recently consulted a Consultant Endocrinologist who is well known in my area who said I was controlled majority of the time and wouldn’t have a Hypo. So what I am doing is obviously working for me until there’s a change in regime. I just do not eat trashy bread……. I cannot abide it, I have made my own in a bread baker using quality flour for years, even before TD2. I just do not eat and never have eaten the type of mains  ‘food’ that was served on various days. I see how I react to foods via the Libra. Yes it is indeed a balancing act which of course is challenging, of course and everyone is totally different to how they are effected. I understood the NICE guidelines said obviously T1 is considered a disability and T2 medicated, which I am, not on insulin but it said Medicated. The point was that other dietary wants are considered and yet those who need to eat low carb to control diabetes are not even mentioned let alone considered.  In effect Low Carb is plain food, no pasty, no cakes, pasta, rice OR if your body can tolerate these then thats ok for them. I see from my monitors how I am affected. I have just seen my lovely GP and it’s been suggested I try another medication to go with the Empagliflozin, Sitagliptin 25mg for a month - I react horribly to Metformin……. So I am yet to find out how that helps or not when I get it. NOTE Your legal rights when you have diabetes Is diabetes a disability? If you have type 1 diabetes, type 2 diabetes or another type of diabetes and need to take insulin or other medication for your diabetes, it's generally seen as a disability under the Equality Act 2010, or if you live in Northern Ireland — the Disability Discrimination... www.diabetes.org.uk Click to expand... Whilst ""wants"" may be considered at the goodwill of the provider, I don't believe they have to do anything about it. If you were a peanut allergy sufferer, having had anaphalaxis as a result, the provider is still not obliged to feed you non-peanut or non-peanut contaminated foods.  They are merely required to warn you of the reality with peanut containing dishes and the potential for cross contamination where that risk exists. If wants had to be heeded, I'm be mainlining smoked salmon with cream cheese, followed by fillet steak on my 14 hour flights to Bangkok, whereas, I pick the best out of the menus on hand, from the gluten free section.  That is no less carby than the other options available. I never ask for a diabetic friendly meal as it will be based upon the Eat Well Plate for flights from the UK, and similar guidelines from Asia."
367,/boards/forums/stigma.54/,"If flozins are your only medication, then they work by causing you to excrete sugar in your urine at lower levels than would be 'normal'.  As such, your body's mechanisms for avoiding hypos are not affected by these drugs, unless combined with other meds such as insulin or sulphonylureas.  So you are likely at no more risk of a hypo than any non-diabetic."
368,/boards/forums/stigma.54/,"Lucyr said: Should be in the leaflet in the box that you must always read before starting a new medication or leading lights posted it above Not just me that had it, we’ve had at least 2 other posts where someone has been hospitalised with DKA due to flozins and one where a relative had died due to DKA caused by a flozin.  I’m sure the vast majority of people take them no problems so I don’t call this out to scare anyone just to say that whilst it’s a small risk it’s not no risk so need to know what to look for What have you set the target range to? For a type 2 the aim is not to stay in the green all the time. It's very confusing that you say at various points in this thread that you need protein to avoid hypoglycaemia, that you got someone to get you food and it sounded like you were telling them it’s an emergency for low blood sugar but then turned out your blood sugar was fine. If you like your blood sugar above a certain number or are concerned about hypos then it’s your responsibility to carry fast acting carbs at all times everywhere. Click to expand... The lady who helped me on the week was very well aware of diabetes care, her job was a senior in her area authority. I was not wanting her to fuss, but she was very insistent in taking me to the shop to get foods. She would not take no… ‍♀️ “It's very confusing that you say at various points in this thread that you need protein to avoid hypoglycaemia, that you got someone to get you food and it sounded like you were telling them it’s an emergency for low blood sugar but then turned out your blood sugar was fine. If you like your blood sugar above a certain number or are concerned about hypos then it’s your responsibility to carry fast acting carbs at all times everywhere.”              “Tone” One has not had this experience before and as I have not had specific training instructing me I ‘have’ to take supplies of foods, substances to counter low blood sugars. I did have a part full bag jelly babies but have not encountered the need to use them before. The whole situation was new to me. I have found that if I have a meal that is without much carb and protein my readings go lower, which is ok if its in the green, however if it is an evening meal my stomach can start rumbling and I don’t get to sleep and have to have some cheese and crackers ‘carbs’ to assuage it so I can sleep. The targets numbers when I first became diabetic were stated by my nurse. My readings from the Libre are sent to the surgery and my nurse can read them, perfectly acceptable by her. I note the DKA, I have a testing liquid that I had to ask for, I’ll need to check to see if its still in date….. But I have not been instructed to test."
369,/boards/forums/stigma.54/,"AndBreathe said: Whilst ""wants"" may be considered at the goodwill of the provider, I don't believe they have to do anything about it. If you were a peanut allergy sufferer, having had anaphalaxis as a result, the provider is still not obliged to feed you non-peanut or non-peanut contaminated foods.  They are merely required to warn you of the reality with peanut containing dishes and the potential for cross contamination where that risk exists. If wants had to be heeded, I'm be mainlining smoked salmon with cream cheese, followed by fillet steak on my 14 hour flights to Bangkok, whereas, I pick the best out of the menus on hand, from the gluten free section.  That is no less carby than the other options available. I never ask for a diabetic friendly meal as it will be based upon the Eat Well Plate for flights from the UK, and similar guidelines from Asia. Click to expand... This was not on my ‘wants’ as you put it. Without printing the full complaint - the place was saying that I’d have to pay an extra £10 per day on top of a considerable fee for ‘plain foods’, foods that had been in supply in previous years BUT they made exceptions for Vegetarian, vegan, gluten free etc, they had not to pay anything extra…… AND The EASS agreed with my issue! How hard is that to understand, this is a governmental body and it took my issues seriously and agreed. I believe they treated my issues fairly and correctly. I was already paying a considerable sum for the week which included full board, you just could not go out and cater for yourself, the place was in an area that had very little services and there was no appropriate shop. Surely all this arguing is counter productive to getting the consideration that all diabetics need to have their needs considered and assisted ‍♀️"
370,/boards/forums/stigma.54/,"Inka said: I heard about the risk of Euglycaemic Ketoacidosis on this forum @AleGna68 . I think @Lucyr had it. This is copied and pasted from Google AI : “Combining a keto diet with empagliflozin is not recommended because it significantly increases the risk of a serious condition called euglycemic diabetic ketoacidosis (euDKA) . Keto diets are a low-carbohydrate intake, while empagliflozin is an SGLT2 inhibitor . Together, they can disrupt the body's energy metabolism, leading to a dangerous build-up of ketones even when blood glucose levels are not extremely high. Patients should always consult their healthcare provider before starting a keto diet while taking this medication. Risks of combining keto with empagliflozin Increased risk of euDKA : The combination of very low carbohydrate intake and empagliflozin can lead to the dangerous condition of euglycemic diabetic ketoacidosis (euDKA), where there are high levels of ketones in the blood despite normal or only slightly elevated blood glucose levels. Serious side effect : Ketoacidosis is a serious medical emergency that requires immediate medical attention. Need for medical supervision : Patients on empagliflozin should not start a keto diet without discussing it with their doctor, and they should inform their healthcare team of any major dietary changes, such as starting a keto diet or fasting. Safer dietary approach Moderate carbohydrate diet : The safest dietary option while taking empagliflozin is a moderate carbohydrate diet (around 130–225g per day). Follow doctor's advice : It is crucial to follow the advice of a healthcare provider regarding diet and medication management to avoid potential complications.” Click to expand... Well the person I relied on was my diabetes nurse who is well qualified and knowledgeable to a point. As I’ve said, I had had a course run by the diabetesUK around covid time, it was via zoom. I still have the book. But asking GP when often they don’t know as much as a dedicated diabetes nurse ‍♀️  Many don’t get the basics."
371,/boards/forums/stigma.54/,"AleGna68 said: This was not on my ‘wants’ as you put it. Without printing the full complaint - the place was saying that I’d have to pay an extra £10 per day on top of a considerable fee for ‘plain foods’, foods that had been in supply in previous years BUT they made exceptions for Vegetarian, vegan, gluten free etc, they had not to pay anything extra…… AND The EASS agreed with my issue! How hard is that to understand, this is a governmental body and it took my issues seriously and agreed. I believe they treated my issues fairly and correctly. I was already paying a considerable sum for the week which included full board, you just could not go out and cater for yourself, the place was in an area that had very little services and there was no appropriate shop. Surely all this arguing is counter productive to getting the consideration that all diabetics need to have their needs considered and assisted ‍♀️ Click to expand... I specifically used the want as that is what you used in your own post.  I didn't make it up. What are the EASS's next steps following your complaint? My argument is that surely your primary concern in remaining medically safe, yet you expect everyone else to have the actions. Anyway, I'll save you any further replies.  I'm out of this one"
372,/boards/forums/stigma.54/,"AleGna68 said: TILL one night BG gone so low I was frighted to go to bed……. I had a lady who took me to get some foods Click to expand... AleGna68 said: The lady who helped me on the week was very well aware of diabetes care, her job was a senior in her area authority. I was not wanting her to fuss, but she was very insistent in taking me to the shop to get foods. She would not take no… Click to expand... Well if you told someone experienced in diabetes that your blood sugar had gone so low that you were frightened to go to bed then of course they won’t take no for an answer. In reality your bg was perfectly safe at 5, you aren’t at risk of hypos so it’s perfectly safe to go to bed with bg 5, and said you had jelly babies with you so you could have eaten one."
373,/boards/forums/stigma.54/,"Without printing the full complaint - the place was saying that I’d have to pay an extra £10 per day on top of a considerable fee for ‘plain foods’, foods that had been in supply in previous years BUT they made exceptions for Vegetarian, vegan, gluten free etc, they had not to pay anything extra…… That depends what ‘plain foods’ you asked for exactly. If there’s an extra cost, they’re allowed to charge extra to cover it. A common example of this is gluten free food items, say in a bakery or pizza place - because gluten free bread, flour, etc is more expensive than normal ones. That’s not discrimination. The price of food has gone up hugely. You’ve said the food was lower quality than in previous years, and that could be a cost thing. If you then ask for food of the same quality/amount/type as previously, then I presume that would cost them more and they’d pass that cost on to you."
374,/boards/forums/stigma.54/,"Inka said: That depends what ‘plain foods’ you asked for exactly. If there’s an extra cost, they’re allowed to charge extra to cover it. A common example of this is gluten free food items, say in a bakery or pizza place - because gluten free bread, flour, etc is more expensive than normal ones. That’s not discrimination. Click to expand... Same for dairy free milk in some coffee shops, sometimes it can be an extra 30p ish"
375,/boards/forums/stigma.54/,"Lucyr said: Same for dairy free milk in some coffee shops, sometimes it can be an extra 30p ish Click to expand... Dairy free I can understand, there’d be a process involved but plain cooked chicken or other meat ‍♀️ Plain cheese, fish ‍♀️ Basically majority of the food provided is highly processed."
376,/boards/forums/stigma.54/,"AleGna68 said: Dairy free I can understand, there’d be a process involved but plain cooked chicken or other meat ‍♀️ Plain cheese, fish ‍♀️ Basically majority of the food provided is highly processed. Click to expand... But a chicken breast would cost more than cheap mince and potatoes or whatever you were offered, and your meal would have to be prepared separately. You can’t expect everyone else to eat ‘highly processed’, ‘low quality’ food while you have chicken and other meats. You seem fixated on protein to keep your blood sugar at a level you feel comfortable with, but it’s carbs that keep your blood sugar up. More than that, extra/better protein isn’t a requirement of diabetes. People can be discriminated against because they have diabetes - usually in employment - but not being given exactly what you choose to eat isn’t discrimination."
377,/boards/forums/stigma.54/,"Inka said: Without printing the full complaint - the place was saying that I’d have to pay an extra £10 per day on top of a considerable fee for ‘plain foods’, foods that had been in supply in previous years BUT they made exceptions for Vegetarian, vegan, gluten free etc, they had not to pay anything extra…… That depends what ‘plain foods’ you asked for exactly. If there’s an extra cost, they’re allowed to charge extra to cover it. A common example of this is gluten free food items, say in a bakery or pizza place - because gluten free bread, flour, etc is more expensive than normal ones. That’s not discrimination. The price of food has gone up hugely. You’ve said the food was lower quality than in previous years, and that could be a cost thing. If you then ask for food of the same quality/amount/type as previously, then I presume that would cost them more and they’d pass that cost on to you. Click to expand... I said they ‘used’ to have lot of plain unprocessed meat, salad options with cold meats or cheese, tuna, eggs, that was severely reduced. Forget any desserts as they provided only one cooked dessert, no fresh fruit or cheese. All the possible choices I may have had. All down to providing the minimum and minimum costs and bearing in mind it was beginning of last year when things were possibly not as expensive. IF foods were so expensive then they should have increased the cost of the overall course for everyone."
378,/boards/forums/stigma.54/,"AleGna68 said: I said they ‘used’ to have lot of plain unprocessed meat, salad options with cold meats or cheese, tuna, eggs, that was severely reduced. Forget any desserts as they provided only one cooked dessert, no fresh fruit or cheese. All the possible choices I may have had. All down to providing the minimum and minimum costs and bearing in mind it was beginning of last year when things were possibly not as expensive. IF foods were so expensive then they should have increased the cost of the overall course for everyone. Click to expand... But food has gone up in price over two or three years. Yes, they could have provided their previous better quality foods and charged more, but maybe others wouldn’t have been happy about that or couldn’t have afforded it. Theoretically, they could provide both and let people choose which package to have : lower price, lower quality food; or higher price, better food. However, in practice this would probably cause ill feeling and also be hard to police."
379,/boards/forums/stigma.54/,"AleGna68 said: I said they ‘used’ to have lot of plain unprocessed meat, salad options with cold meats or cheese, tuna, eggs, that was severely reduced. Forget any desserts as they provided only one cooked dessert, no fresh fruit or cheese. All the possible choices I may have had. All down to providing the minimum and minimum costs and bearing in mind it was beginning of last year when things were possibly not as expensive. IF foods were so expensive then they should have increased the cost of the overall course for everyone. Click to expand... Are you going on the course by choice or are you required to by an employer if so then you could complain to them about the poor standard of meals. If they are of such poor quality what do the other on the course feel about them. How many people are they catering for."
380,/boards/forums/stigma.54/,"AleGna68 said: Dairy free I can understand, there’d be a process involved but plain cooked chicken or other meat ‍♀️ Plain cheese, fish ‍♀️ Basically majority of the food provided is highly processed. Click to expand... What about the additional chef time for preparing your seperate meal, the higher cost of ingredients as not bulk buying the foods for your seperate meals?"
381,/boards/forums/stigma.54/,"Leadinglights said: Are you going on the course by choice or are you required to by an employer if so then you could complain to them about the poor standard of meals. If they are of such poor quality what do the other on the course feel about them. How many people are they catering for. Click to expand... It is a voluntary course funded by myself and not cheap. This is a similar course to another I had been attending for some years but this is in a conference centre were as the previous venue wasn’t. The conference centre is used by various other groups. There were others on this course with the same issues, T2 diabetic needing low carb reasonable choice to choose from. I wonder if they had to up their drugs to cope. I know as they said to me but, they said nothing to management ‍♀️ a huge thing about the saga IS, they said that they would cater for me as they had been told I needed a low carb diet!!"
382,/boards/forums/stigma.54/,"Lucyr said: What about the additional chef time for preparing your seperate meal, the higher cost of ingredients as not bulk buying the foods for your seperate meals? Click to expand... What about meals for the vegetarian and vegans, gluten frees?"
383,/boards/forums/stigma.54/,"AleGna68 said: It is a voluntary course funded by myself and not cheap. This is a similar course to another I had been attending for some years but this is in a conference centre were as the previous venue wasn’t. The conference centre is used by various other groups. There were others on this course with the same issues, T2 diabetic needing low carb reasonable choice to choose from. I wonder if they had to up their drugs to cope. I know as they said to me but, they said nothing to management ‍♀️ a huge thing about the saga IS, they said that they would cater for me as they had been told I needed a low carb diet!! Click to expand... Unless you had specific discussion with the catering people they may well have thought what they were providing was low enough carb as it might have been for many. Your requirement for carbs seems particularly low compared to most people who follow low carb where they would be tolerant of meals with about 30-40g carbs."
384,/boards/forums/stigma.54/,"AleGna68 said: What about meals for the vegetarian and vegans, gluten frees? Click to expand... Vegetarian and vegan meals are usually cheaper. Moreover, it seems you specified a high protein diet with extra/higher quality meat and fish. Anyone choosing a vegan meal wouldn’t be specifying what they wanted. I eat vegan meals quite often and I’m very confident the vegan meals provided by your venue with the low quality food would be nothing like I eat at home. They would, however, be vegan. If I then specified the precise type and quantities of high quality vegan food I wanted, I would expect to be refused or asked to pay a surcharge."
385,/boards/forums/stigma.54/,I’m locking this thread at the OP’s request. Thanks for all your contributions.
386,/boards/forums/stigma.54/,"AleGna68 said: The EASS - Equality Advisory Support Service - Government department - this was in connection with the advice I had asked for about my experiences. I believe what I have read does not say T2’s with serious medical requirements. I take only Empagliflozin in the morning. No one has mentioned LCD can cause keto acidosis with this. I am wearing a Libre so see how I react to carbs. I have tested for keto in past and perfectly ok. I had recently consulted a Consultant Endocrinologist who is well known in my area who said I was controlled majority of the time and wouldn’t have a Hypo. So what I am doing is obviously working for me until there’s a change in regime. I just do not eat trashy bread……. I cannot abide it, I have made my own in a bread baker using quality flour for years, even before TD2. I just do not eat and never have eaten the type of mains  ‘food’ that was served on various days. I see how I react to foods via the Libra. Yes it is indeed a balancing act which of course is challenging, of course and everyone is totally different to how they are effected. I understood the NICE guidelines said obviously T1 is considered a disability and T2 medicated, which I am, not on insulin but it said Medicated. The point was that other dietary wants are considered and yet those who need to eat low carb to control diabetes are not even mentioned let alone considered.  In effect Low Carb is plain food, no pasty, no cakes, pasta, rice OR if your body can tolerate these then thats ok for them. I see from my monitors how I am affected. I have just seen my lovely GP and it’s been suggested I try another medication to go with the Empagliflozin, Sitagliptin 25mg for a month - I react horribly to Metformin……. So I am yet to find out how that helps or not when I get it. NOTE Your legal rights when you have diabetes Is diabetes a disability? If you have type 1 diabetes, type 2 diabetes or another type of diabetes and need to take insulin or other medication for your diabetes, it's generally seen as a disability under the Equality Act 2010, or if you live in Northern Ireland — the Disability Discrimination... www.diabetes.org.uk Click to expand... Whilst ""wants"" may be considered at the goodwill of the provider, I don't believe they have to do anything about it. If you were a peanut allergy sufferer, having had anaphalaxis as a result, the provider is still not obliged to feed you non-peanut or non-peanut contaminated foods.  They are merely required to warn you of the reality with peanut containing dishes and the potential for cross contamination where that risk exists. If wants had to be heeded, I'm be mainlining smoked salmon with cream cheese, followed by fillet steak on my 14 hour flights to Bangkok, whereas, I pick the best out of the menus on hand, from the gluten free section.  That is no less carby than the other options available. I never ask for a diabetic friendly meal as it will be based upon the Eat Well Plate for flights from the UK, and similar guidelines from Asia."
387,/boards/forums/stigma.54/,"If flozins are your only medication, then they work by causing you to excrete sugar in your urine at lower levels than would be 'normal'.  As such, your body's mechanisms for avoiding hypos are not affected by these drugs, unless combined with other meds such as insulin or sulphonylureas.  So you are likely at no more risk of a hypo than any non-diabetic."
388,/boards/forums/stigma.54/,"Lucyr said: Should be in the leaflet in the box that you must always read before starting a new medication or leading lights posted it above Not just me that had it, we’ve had at least 2 other posts where someone has been hospitalised with DKA due to flozins and one where a relative had died due to DKA caused by a flozin.  I’m sure the vast majority of people take them no problems so I don’t call this out to scare anyone just to say that whilst it’s a small risk it’s not no risk so need to know what to look for What have you set the target range to? For a type 2 the aim is not to stay in the green all the time. It's very confusing that you say at various points in this thread that you need protein to avoid hypoglycaemia, that you got someone to get you food and it sounded like you were telling them it’s an emergency for low blood sugar but then turned out your blood sugar was fine. If you like your blood sugar above a certain number or are concerned about hypos then it’s your responsibility to carry fast acting carbs at all times everywhere. Click to expand... The lady who helped me on the week was very well aware of diabetes care, her job was a senior in her area authority. I was not wanting her to fuss, but she was very insistent in taking me to the shop to get foods. She would not take no… ‍♀️ “It's very confusing that you say at various points in this thread that you need protein to avoid hypoglycaemia, that you got someone to get you food and it sounded like you were telling them it’s an emergency for low blood sugar but then turned out your blood sugar was fine. If you like your blood sugar above a certain number or are concerned about hypos then it’s your responsibility to carry fast acting carbs at all times everywhere.”              “Tone” One has not had this experience before and as I have not had specific training instructing me I ‘have’ to take supplies of foods, substances to counter low blood sugars. I did have a part full bag jelly babies but have not encountered the need to use them before. The whole situation was new to me. I have found that if I have a meal that is without much carb and protein my readings go lower, which is ok if its in the green, however if it is an evening meal my stomach can start rumbling and I don’t get to sleep and have to have some cheese and crackers ‘carbs’ to assuage it so I can sleep. The targets numbers when I first became diabetic were stated by my nurse. My readings from the Libre are sent to the surgery and my nurse can read them, perfectly acceptable by her. I note the DKA, I have a testing liquid that I had to ask for, I’ll need to check to see if its still in date….. But I have not been instructed to test."
389,/boards/forums/stigma.54/,"AndBreathe said: Whilst ""wants"" may be considered at the goodwill of the provider, I don't believe they have to do anything about it. If you were a peanut allergy sufferer, having had anaphalaxis as a result, the provider is still not obliged to feed you non-peanut or non-peanut contaminated foods.  They are merely required to warn you of the reality with peanut containing dishes and the potential for cross contamination where that risk exists. If wants had to be heeded, I'm be mainlining smoked salmon with cream cheese, followed by fillet steak on my 14 hour flights to Bangkok, whereas, I pick the best out of the menus on hand, from the gluten free section.  That is no less carby than the other options available. I never ask for a diabetic friendly meal as it will be based upon the Eat Well Plate for flights from the UK, and similar guidelines from Asia. Click to expand... This was not on my ‘wants’ as you put it. Without printing the full complaint - the place was saying that I’d have to pay an extra £10 per day on top of a considerable fee for ‘plain foods’, foods that had been in supply in previous years BUT they made exceptions for Vegetarian, vegan, gluten free etc, they had not to pay anything extra…… AND The EASS agreed with my issue! How hard is that to understand, this is a governmental body and it took my issues seriously and agreed. I believe they treated my issues fairly and correctly. I was already paying a considerable sum for the week which included full board, you just could not go out and cater for yourself, the place was in an area that had very little services and there was no appropriate shop. Surely all this arguing is counter productive to getting the consideration that all diabetics need to have their needs considered and assisted ‍♀️"
390,/boards/forums/stigma.54/,"Inka said: I heard about the risk of Euglycaemic Ketoacidosis on this forum @AleGna68 . I think @Lucyr had it. This is copied and pasted from Google AI : “Combining a keto diet with empagliflozin is not recommended because it significantly increases the risk of a serious condition called euglycemic diabetic ketoacidosis (euDKA) . Keto diets are a low-carbohydrate intake, while empagliflozin is an SGLT2 inhibitor . Together, they can disrupt the body's energy metabolism, leading to a dangerous build-up of ketones even when blood glucose levels are not extremely high. Patients should always consult their healthcare provider before starting a keto diet while taking this medication. Risks of combining keto with empagliflozin Increased risk of euDKA : The combination of very low carbohydrate intake and empagliflozin can lead to the dangerous condition of euglycemic diabetic ketoacidosis (euDKA), where there are high levels of ketones in the blood despite normal or only slightly elevated blood glucose levels. Serious side effect : Ketoacidosis is a serious medical emergency that requires immediate medical attention. Need for medical supervision : Patients on empagliflozin should not start a keto diet without discussing it with their doctor, and they should inform their healthcare team of any major dietary changes, such as starting a keto diet or fasting. Safer dietary approach Moderate carbohydrate diet : The safest dietary option while taking empagliflozin is a moderate carbohydrate diet (around 130–225g per day). Follow doctor's advice : It is crucial to follow the advice of a healthcare provider regarding diet and medication management to avoid potential complications.” Click to expand... Well the person I relied on was my diabetes nurse who is well qualified and knowledgeable to a point. As I’ve said, I had had a course run by the diabetesUK around covid time, it was via zoom. I still have the book. But asking GP when often they don’t know as much as a dedicated diabetes nurse ‍♀️  Many don’t get the basics."
391,/boards/forums/stigma.54/,"AleGna68 said: This was not on my ‘wants’ as you put it. Without printing the full complaint - the place was saying that I’d have to pay an extra £10 per day on top of a considerable fee for ‘plain foods’, foods that had been in supply in previous years BUT they made exceptions for Vegetarian, vegan, gluten free etc, they had not to pay anything extra…… AND The EASS agreed with my issue! How hard is that to understand, this is a governmental body and it took my issues seriously and agreed. I believe they treated my issues fairly and correctly. I was already paying a considerable sum for the week which included full board, you just could not go out and cater for yourself, the place was in an area that had very little services and there was no appropriate shop. Surely all this arguing is counter productive to getting the consideration that all diabetics need to have their needs considered and assisted ‍♀️ Click to expand... I specifically used the want as that is what you used in your own post.  I didn't make it up. What are the EASS's next steps following your complaint? My argument is that surely your primary concern in remaining medically safe, yet you expect everyone else to have the actions. Anyway, I'll save you any further replies.  I'm out of this one"
392,/boards/forums/stigma.54/,"AleGna68 said: TILL one night BG gone so low I was frighted to go to bed……. I had a lady who took me to get some foods Click to expand... AleGna68 said: The lady who helped me on the week was very well aware of diabetes care, her job was a senior in her area authority. I was not wanting her to fuss, but she was very insistent in taking me to the shop to get foods. She would not take no… Click to expand... Well if you told someone experienced in diabetes that your blood sugar had gone so low that you were frightened to go to bed then of course they won’t take no for an answer. In reality your bg was perfectly safe at 5, you aren’t at risk of hypos so it’s perfectly safe to go to bed with bg 5, and said you had jelly babies with you so you could have eaten one."
393,/boards/forums/stigma.54/,"Without printing the full complaint - the place was saying that I’d have to pay an extra £10 per day on top of a considerable fee for ‘plain foods’, foods that had been in supply in previous years BUT they made exceptions for Vegetarian, vegan, gluten free etc, they had not to pay anything extra…… That depends what ‘plain foods’ you asked for exactly. If there’s an extra cost, they’re allowed to charge extra to cover it. A common example of this is gluten free food items, say in a bakery or pizza place - because gluten free bread, flour, etc is more expensive than normal ones. That’s not discrimination. The price of food has gone up hugely. You’ve said the food was lower quality than in previous years, and that could be a cost thing. If you then ask for food of the same quality/amount/type as previously, then I presume that would cost them more and they’d pass that cost on to you."
394,/boards/forums/stigma.54/,"Inka said: That depends what ‘plain foods’ you asked for exactly. If there’s an extra cost, they’re allowed to charge extra to cover it. A common example of this is gluten free food items, say in a bakery or pizza place - because gluten free bread, flour, etc is more expensive than normal ones. That’s not discrimination. Click to expand... Same for dairy free milk in some coffee shops, sometimes it can be an extra 30p ish"
395,/boards/forums/stigma.54/,"Lucyr said: Same for dairy free milk in some coffee shops, sometimes it can be an extra 30p ish Click to expand... Dairy free I can understand, there’d be a process involved but plain cooked chicken or other meat ‍♀️ Plain cheese, fish ‍♀️ Basically majority of the food provided is highly processed."
396,/boards/forums/stigma.54/,"AleGna68 said: Dairy free I can understand, there’d be a process involved but plain cooked chicken or other meat ‍♀️ Plain cheese, fish ‍♀️ Basically majority of the food provided is highly processed. Click to expand... But a chicken breast would cost more than cheap mince and potatoes or whatever you were offered, and your meal would have to be prepared separately. You can’t expect everyone else to eat ‘highly processed’, ‘low quality’ food while you have chicken and other meats. You seem fixated on protein to keep your blood sugar at a level you feel comfortable with, but it’s carbs that keep your blood sugar up. More than that, extra/better protein isn’t a requirement of diabetes. People can be discriminated against because they have diabetes - usually in employment - but not being given exactly what you choose to eat isn’t discrimination."
397,/boards/forums/stigma.54/,"Inka said: Without printing the full complaint - the place was saying that I’d have to pay an extra £10 per day on top of a considerable fee for ‘plain foods’, foods that had been in supply in previous years BUT they made exceptions for Vegetarian, vegan, gluten free etc, they had not to pay anything extra…… That depends what ‘plain foods’ you asked for exactly. If there’s an extra cost, they’re allowed to charge extra to cover it. A common example of this is gluten free food items, say in a bakery or pizza place - because gluten free bread, flour, etc is more expensive than normal ones. That’s not discrimination. The price of food has gone up hugely. You’ve said the food was lower quality than in previous years, and that could be a cost thing. If you then ask for food of the same quality/amount/type as previously, then I presume that would cost them more and they’d pass that cost on to you. Click to expand... I said they ‘used’ to have lot of plain unprocessed meat, salad options with cold meats or cheese, tuna, eggs, that was severely reduced. Forget any desserts as they provided only one cooked dessert, no fresh fruit or cheese. All the possible choices I may have had. All down to providing the minimum and minimum costs and bearing in mind it was beginning of last year when things were possibly not as expensive. IF foods were so expensive then they should have increased the cost of the overall course for everyone."
398,/boards/forums/stigma.54/,"AleGna68 said: I said they ‘used’ to have lot of plain unprocessed meat, salad options with cold meats or cheese, tuna, eggs, that was severely reduced. Forget any desserts as they provided only one cooked dessert, no fresh fruit or cheese. All the possible choices I may have had. All down to providing the minimum and minimum costs and bearing in mind it was beginning of last year when things were possibly not as expensive. IF foods were so expensive then they should have increased the cost of the overall course for everyone. Click to expand... But food has gone up in price over two or three years. Yes, they could have provided their previous better quality foods and charged more, but maybe others wouldn’t have been happy about that or couldn’t have afforded it. Theoretically, they could provide both and let people choose which package to have : lower price, lower quality food; or higher price, better food. However, in practice this would probably cause ill feeling and also be hard to police."
399,/boards/forums/stigma.54/,"AleGna68 said: I said they ‘used’ to have lot of plain unprocessed meat, salad options with cold meats or cheese, tuna, eggs, that was severely reduced. Forget any desserts as they provided only one cooked dessert, no fresh fruit or cheese. All the possible choices I may have had. All down to providing the minimum and minimum costs and bearing in mind it was beginning of last year when things were possibly not as expensive. IF foods were so expensive then they should have increased the cost of the overall course for everyone. Click to expand... Are you going on the course by choice or are you required to by an employer if so then you could complain to them about the poor standard of meals. If they are of such poor quality what do the other on the course feel about them. How many people are they catering for."
400,/boards/forums/stigma.54/,"AleGna68 said: Dairy free I can understand, there’d be a process involved but plain cooked chicken or other meat ‍♀️ Plain cheese, fish ‍♀️ Basically majority of the food provided is highly processed. Click to expand... What about the additional chef time for preparing your seperate meal, the higher cost of ingredients as not bulk buying the foods for your seperate meals?"
401,/boards/forums/stigma.54/,"Leadinglights said: Are you going on the course by choice or are you required to by an employer if so then you could complain to them about the poor standard of meals. If they are of such poor quality what do the other on the course feel about them. How many people are they catering for. Click to expand... It is a voluntary course funded by myself and not cheap. This is a similar course to another I had been attending for some years but this is in a conference centre were as the previous venue wasn’t. The conference centre is used by various other groups. There were others on this course with the same issues, T2 diabetic needing low carb reasonable choice to choose from. I wonder if they had to up their drugs to cope. I know as they said to me but, they said nothing to management ‍♀️ a huge thing about the saga IS, they said that they would cater for me as they had been told I needed a low carb diet!!"
402,/boards/forums/stigma.54/,"Lucyr said: What about the additional chef time for preparing your seperate meal, the higher cost of ingredients as not bulk buying the foods for your seperate meals? Click to expand... What about meals for the vegetarian and vegans, gluten frees?"
403,/boards/forums/stigma.54/,"AleGna68 said: It is a voluntary course funded by myself and not cheap. This is a similar course to another I had been attending for some years but this is in a conference centre were as the previous venue wasn’t. The conference centre is used by various other groups. There were others on this course with the same issues, T2 diabetic needing low carb reasonable choice to choose from. I wonder if they had to up their drugs to cope. I know as they said to me but, they said nothing to management ‍♀️ a huge thing about the saga IS, they said that they would cater for me as they had been told I needed a low carb diet!! Click to expand... Unless you had specific discussion with the catering people they may well have thought what they were providing was low enough carb as it might have been for many. Your requirement for carbs seems particularly low compared to most people who follow low carb where they would be tolerant of meals with about 30-40g carbs."
404,/boards/forums/stigma.54/,"AleGna68 said: What about meals for the vegetarian and vegans, gluten frees? Click to expand... Vegetarian and vegan meals are usually cheaper. Moreover, it seems you specified a high protein diet with extra/higher quality meat and fish. Anyone choosing a vegan meal wouldn’t be specifying what they wanted. I eat vegan meals quite often and I’m very confident the vegan meals provided by your venue with the low quality food would be nothing like I eat at home. They would, however, be vegan. If I then specified the precise type and quantities of high quality vegan food I wanted, I would expect to be refused or asked to pay a surcharge."
405,/boards/forums/stigma.54/,I’m locking this thread at the OP’s request. Thanks for all your contributions.
406,/boards/forums/stigma.54/,"So i   jyst eating something in frount of some(then again pherherps it wasn't the best idea for certain reasons) I got  variation of  ""can you eat that""  i then variation of ""yes I just need to take insulin"". I then i get ""are you sure"". I say ""yes"" ""Can you tell you the type of your diabetes"". ""Type 1"" ""But how does that effect your body"" ""It means my body doesn't make any insulin so I have to give it myself"". ""oh okay"". The oddest thing about was this was someone I used to live with who I'm  pretty sure I have spoke about mu diabetes with before  and who has offered me cake an things(perhaps she's beening hearing things between the time i moved out and now )"
407,/boards/forums/stigma.54/,Sounds like you handled it well @rayray119
408,/boards/forums/stigma.54/,Had this many times and only 3.5 years in to diagnosis! Well dealt with @rayray119
409,/boards/forums/stigma.54/,"Thanks the can you eat that  or variition of it ive had manny times this time it.was ""are you allowed to eat sugary things"" aftervadling if the thing imwad eatimg was suggery(athough need work.om things really) It was the the are you sure and the interagation thst followed(epasillply with who it was coming from) that baffled me a bit."
410,/boards/forums/stigma.54/,"rayray119 said: Thanks the can you eat that  or variition of it ive had manny times this time it.was ""are you allowed to eat sugary things"" aftervadling if the thing imwad eatimg was suggery(athough need work.om things really) It was the the are you sure and the interagation thst followed(epasillply with who it was coming from) that baffled me a bit. Click to expand... I once explained patiently to a cousin, in a cafe, why I was able to eat a pastry with my coffee, at the end of which, she said, 'well, that’s what you’ve convinced yourself anyway'"
411,/boards/forums/stigma.54/,"Robin said: I once explained patiently to a cousin, in a cafe, why I was able to eat a pastry with my coffee, at the end of which, she said, 'well, that’s what you’ve convinced yourself anyway' Click to expand... People.  It's like ""are you sure you know you're own condition"" yeah pretty sure thanks.  The ""can you tell me the type of your diabetes"" and ""But how does it affect your body"" was differently not said in more in "" i think you should put that down""   way.  Even though she had offen me cake   wiredl.."
412,/boards/forums/stigma.54/,"So i   jyst eating something in frount of some(then again pherherps it wasn't the best idea for certain reasons) I got  variation of  ""can you eat that""  i then variation of ""yes I just need to take insulin"". I then i get ""are you sure"". I say ""yes"" ""Can you tell you the type of your diabetes"". ""Type 1"" ""But how does that effect your body"" ""It means my body doesn't make any insulin so I have to give it myself"". ""oh okay"". The oddest thing about was this was someone I used to live with who I'm  pretty sure I have spoke about mu diabetes with before  and who has offered me cake an things(perhaps she's beening hearing things between the time i moved out and now )"
413,/boards/forums/stigma.54/,Sounds like you handled it well @rayray119
414,/boards/forums/stigma.54/,Had this many times and only 3.5 years in to diagnosis! Well dealt with @rayray119
415,/boards/forums/stigma.54/,"Thanks the can you eat that  or variition of it ive had manny times this time it.was ""are you allowed to eat sugary things"" aftervadling if the thing imwad eatimg was suggery(athough need work.om things really) It was the the are you sure and the interagation thst followed(epasillply with who it was coming from) that baffled me a bit."
416,/boards/forums/stigma.54/,"rayray119 said: Thanks the can you eat that  or variition of it ive had manny times this time it.was ""are you allowed to eat sugary things"" aftervadling if the thing imwad eatimg was suggery(athough need work.om things really) It was the the are you sure and the interagation thst followed(epasillply with who it was coming from) that baffled me a bit. Click to expand... I once explained patiently to a cousin, in a cafe, why I was able to eat a pastry with my coffee, at the end of which, she said, 'well, that’s what you’ve convinced yourself anyway'"
417,/boards/forums/stigma.54/,"Robin said: I once explained patiently to a cousin, in a cafe, why I was able to eat a pastry with my coffee, at the end of which, she said, 'well, that’s what you’ve convinced yourself anyway' Click to expand... People.  It's like ""are you sure you know you're own condition"" yeah pretty sure thanks.  The ""can you tell me the type of your diabetes"" and ""But how does it affect your body"" was differently not said in more in "" i think you should put that down""   way.  Even though she had offen me cake   wiredl.."
418,/boards/forums/stigma.54/,"I'm watching the US medical drama New Amsterdam on Netflix at the moment, a lady in her sixties is diagnosed with diabetes after a fall at home (due to neuropathy) Not only is she immediately put on a basal bolus routine and given a bedside tutorial on how to count carbs, she's given a 10ml vial of insulin, what looks like a 10ml syringe and a needle that must be around 2 inches long!"
419,/boards/forums/stigma.54/,"Lisa65 said: I'm watching the US medical drama New Amsterdam on Netflix at the moment, a lady in her sixties is diagnosed with diabetes after a fall at home (due to neuropathy) Not only is she immediately put on a basal bolus routine and given a bedside tutorial on how to count carbs, she's given a 10ml vial of insulin, what looks like a 10ml syringe and a needle that must be around 2 inches long! Click to expand... I watched the whole of it, quite some time ago now, it was OK. I used to like House, Hugh Laurie was the most unlikely actor to play that character but it worked well."
420,/boards/forums/stigma.54/,"Lisa65 said: I'm watching the US medical drama New Amsterdam on Netflix at the moment, a lady in her sixties is diagnosed with diabetes after a fall at home (due to neuropathy) Not only is she immediately put on a basal bolus routine and given a bedside tutorial on how to count carbs, she's given a 10ml vial of insulin, what looks like a 10ml syringe and a needle that must be around 2 inches long! Click to expand... I have watched it x"
421,/boards/forums/stigma.54/,"Leadinglights said: I watched the whole of it, quite some time ago now, it was OK. I used to like House, Hugh Laurie was the most unlikely actor to play that character but it worked well. Click to expand... I loved House!"
422,/boards/forums/stigma.54/,"Ah scriptwriters! Second only to journalists for their unerring ability to get the basics of diabetes and its management relentlessly wrong! I wrote this 30 second guide many years ago, after one or other irritating journalistic faux pas! Type 1 Diabetes - a 30 second guide for busy journalists and scriptwriters I realise that journalists and scriptwriters are busy people, so I've put together this 30-second guide to Type 1 Diabetes. That's a full five seconds per bullet point and five seconds to rest at the end. www.everydayupsanddowns.co.uk"
423,/boards/forums/stigma.54/,"I'm watching the US medical drama New Amsterdam on Netflix at the moment, a lady in her sixties is diagnosed with diabetes after a fall at home (due to neuropathy) Not only is she immediately put on a basal bolus routine and given a bedside tutorial on how to count carbs, she's given a 10ml vial of insulin, what looks like a 10ml syringe and a needle that must be around 2 inches long!"
424,/boards/forums/stigma.54/,"Lisa65 said: I'm watching the US medical drama New Amsterdam on Netflix at the moment, a lady in her sixties is diagnosed with diabetes after a fall at home (due to neuropathy) Not only is she immediately put on a basal bolus routine and given a bedside tutorial on how to count carbs, she's given a 10ml vial of insulin, what looks like a 10ml syringe and a needle that must be around 2 inches long! Click to expand... I watched the whole of it, quite some time ago now, it was OK. I used to like House, Hugh Laurie was the most unlikely actor to play that character but it worked well."
425,/boards/forums/stigma.54/,"Lisa65 said: I'm watching the US medical drama New Amsterdam on Netflix at the moment, a lady in her sixties is diagnosed with diabetes after a fall at home (due to neuropathy) Not only is she immediately put on a basal bolus routine and given a bedside tutorial on how to count carbs, she's given a 10ml vial of insulin, what looks like a 10ml syringe and a needle that must be around 2 inches long! Click to expand... I have watched it x"
426,/boards/forums/stigma.54/,"Leadinglights said: I watched the whole of it, quite some time ago now, it was OK. I used to like House, Hugh Laurie was the most unlikely actor to play that character but it worked well. Click to expand... I loved House!"
427,/boards/forums/stigma.54/,"Ah scriptwriters! Second only to journalists for their unerring ability to get the basics of diabetes and its management relentlessly wrong! I wrote this 30 second guide many years ago, after one or other irritating journalistic faux pas! Type 1 Diabetes - a 30 second guide for busy journalists and scriptwriters I realise that journalists and scriptwriters are busy people, so I've put together this 30-second guide to Type 1 Diabetes. That's a full five seconds per bullet point and five seconds to rest at the end. www.everydayupsanddowns.co.uk"
428,/boards/forums/stigma.54/,"Just been thinking, anyone had any negative experiences injecting in public? Can't say i've done it that much, but no one has mistaken me for an opium fiend yet."
429,/boards/forums/stigma.54/,"yes a now ex boyfriend when out for a meal when i said i need to take my insulin said ""cant you do it in toilet people will think you are a junkie"" Needless to say that relationship was ended after that"
430,/boards/forums/stigma.54/,There is a difference between what we do & the practices regarding the public interpretation on what & where an abuser injects.
431,/boards/forums/stigma.54/,Once in France I had the needle in my abdomen and I looked over at the table next on the banquette to see a chap doing exactly the same!  We smiled at each other!  Been on a pump now for years so it is easy peasy.. just press a few buttons on a handset.
432,/boards/forums/stigma.54/,"I’ve honestly never noticed anyone else injecting at the table (apart from when eating with my T1 brother!), so I assume that no-one else has noticed me!"
433,/boards/forums/stigma.54/,Like @Satan’s little helper the only notice taken of me injecting when on MDI was from someone on the next table doing the same.  We smiled and also conferred on carbs as we had the same meal.  People rarely noticed me inject as I just did it and got on with meal.
434,/boards/forums/stigma.54/,"Just the one I remember while out with my student hall group when someone (a middle aged woman) at another table in a restaurant told me they had a needle phobia to which I responded that I had a phobia of dying and that she could always avert her eyes for 1min. I was injecting in my shoulder so it was pretty obvious, but really I was quite amused that she felt she needed to say anything at all and especially that she needed to get my attention to tell me what I was doing to offend her. I hope she enjoyed her meal"
435,/boards/forums/stigma.54/,"Not had any jip as such personally, but if I'm with people I don't know so well, will always ask if anyone is scared of needles just in case it upsets them"
436,/boards/forums/stigma.54/,"We have had some members very occasionally report negative reactions in public places, but it seems to be horrified looks rather than anything more significant (or people simply being worried about a negative reaction, rather than actually experiencing one). I *think* there may have been one or two cases of workplaces mking a fuss, and having to be made aware of the Equality Act. Forum members always counsel those newly diagnosed to simply discretely inject where they are, and never being made to feel like they have to go somewhere else (and certainly not into a toilet!). There are a few more dramatic cases in the media from time to time, which are usually reported with varying degrees of terrible and/or hilarious errors/inaccuracies “blah has to inject with an epipen to prevent glucose levels going too low after food” etc etc."
437,/boards/forums/stigma.54/,"That’s one advantage of being on a pump, people don’t know what you are doing!"
438,/boards/forums/stigma.54/,"I think there is a huge difference between injecting in public and injecting publicly. I sat opposite a colleague for years, injecting at my desk and he didn't know I had diabetes because I didn't make a scene when injecting. No one has ever given me jip although there are times when I have to be careful such as injecting near boisterous kids who may knock my pen, or when wearing a dress, I couldn't inject discretely."
439,/boards/forums/stigma.54/,"Never had any negative experiences.  Like others I don’t make a fuss of it and inject discretely at the restaurant (or wherever) table.  Only ever had a comment “Oh, you’re diabetic?” from someone at the same table when in a group of friends.  I have never felt forced to go into the toilet to inject and would never entertain doing so."
440,/boards/forums/stigma.54/,"helli said: No one has ever given me jip although there are times when I have to be careful such as injecting near boisterous kids who may knock my pen, or when wearing a dress, I couldn't inject discretely. Click to expand... A couple of times at things like work events that have been standing up nibbling and drinking type things I’ve just said to someone could you stand there a minute and not move, to create a barrier to do my jab without worrying about being knocked etc. no one ever minds doing that for me."
441,/boards/forums/stigma.54/,"I only had to inject for about eight months after my diagnosis. While out and about I would inject in my tum and it was easy to be discreet. I also had a nice case for my pens and finger prick testing stuff, I don't expect that your average junkie is so well organised. This thread suggests that people are both better informed and less judgmental than everyone was assuming."
442,/boards/forums/stigma.54/,I got hassle in a restaurant once I got the novorapid out and a needle and put it on the table.  Idiot on next table called me a bleeping junkie. So I just discretely did my bolus through my shirt (not going to argue its a no no) and put the kit away.  Idiot complained to a waiter he got the manager and idiot asked to leave.  Manager has a type 1 chef so understood.  Once on a train I did a bolus and explained it is a hormone not drugs he was OK after.
443,/boards/forums/stigma.54/,Tezzz said: I got hassle in a restaurant once I got the novorapid out and a needle and put it on the table.  Idiot on next table called me a bleeping junkie. So I just discretely did my bolus through my shirt (not going to argue its a no no) and put the kit away.  Idiot complained to a waiter he got the manager and idiot asked to leave.  Manager has a type 1 chef so understood.  Once on a train I did a bolus and explained it is a hormone not drugs he was OK after. Click to expand... Sorry you experienced that incident.  Most people don’t even notice us injecting (and yes I suspect a lot of us have gone through tights/shirts/… when we have no access to bare flesh).
444,/boards/forums/stigma.54/,"That's so bad . I was at a company dinner, discreetly and quickly injected into my thigh when I noticed the woman on the next seat was staring and announced that I had made her feel very queasy.  I ended up apologising when I really wanted to say 'you shouldn't have been watching me!'"
445,/boards/forums/stigma.54/,I've never had any bother injecting in public and this is after 58 years. I suppose the most unlikely place is injecting just over the finish line at Parkrun! To explain. I can start at less than 5 and 5k and 23 minutes later it can be as high as 13 and going up rapidly.
446,/boards/forums/stigma.54/,I had a problem once in a cafe.  Very irritating woman who shouted “do you have to do that at the table?”.  Very easily fixed I simply said yes and carried on.  She continued to make a fuss for a bit then ran out of steam.  Not a single other issue in 11 years. I do have a friend who feels like she has to mention the word insulin a lot.  I think she’s scared someone will think I’m a junkie.  Makes me chuckle mostly. If I’m ever worried that there might be a needle phobe at the table I generally announce that an injection is about to happen so now is the time to look away.  Then I sound the all clear when it’s done (I have a needle phobe in my close circle of friends).
447,/boards/forums/stigma.54/,"I know my dad is squeamish about seeing the injections (I can't blame him, I used to be the same), so sometimes if there is not much to block the view I warn him in case he wants to look away. A couple of times when we have been eating out he's made some comment and said it's not about him, but it may bother other people I point out I don't care if they see me, and generally,  no one is even looking. Love my dad but that's a little thing that irritates me. I never had any issues with strangers. One time I was having dinner with friends of a friend and started doing my injection as discreetly as I could. The girl sitting by my side realised and said out loud ""wow, you are just injecting, you didn't say nothing!"" (not in a complain or judgy tone but more as a surprise) and the girl on the other side ""ooh, I didn't even realise!"". I was like ""well, yeah, I didn't mean to bring attention to it "". Obviously all the table was aware after that!"
448,/boards/forums/stigma.54/,"When my daughter had just been diagnosed, a friend came to visit her while she was still in hospital. It just happened to be dinner time, the friend watched me give daughter an injection and then said “ooh I don’t know how you can do that!”.  Um, well, I don’t have much choice do I, she’d be dead without it, when faced with that as the only option you’ve just got to get on with it and you find that you can cope pretty quickly!"
449,/boards/forums/stigma.54/,"Sally71 said: Um, well, I don’t have much choice do I, she’d be dead without it, when faced with that as the only option you’ve just got to get on with it and you find that you can cope pretty quickly! Click to expand... Yeah, same with injecting yourself! I used to think I wouldn't be able to because I couldn't even look when I saw an injection on TV. Turns out you can when the alternative is...you know. And I had been unwell for months, I was glad to have an effective treatment, intimidating as it was!"
450,/boards/forums/stigma.54/,"I still don't like people giving me an injection though or especially having blood drawn, perhaps it's a control thing! Tho thinking about it, I'd not be keen on drawing my own blood either!"
451,/boards/forums/stigma.54/,"SimonP said: I still don't like people giving me an injection though or especially having blood drawn, perhaps it's a control thing! Tho thinking about it, I'd not be keen on drawing my own blood either! Click to expand... Oh, I keep looking away when I get bloods taken. One of the last times I thought, I'm more used to it now, maybe I can watch. Nope I am less anxious about the blood appointments nowadays, at least."
452,/boards/forums/stigma.54/,"Still amuses me when anyone taking my bloods says “are you ok with needles?” Er, I don’t have a lot of choice!"
453,/boards/forums/stigma.54/,"I wouldn't say I ""mind"" having blood taken or an injection but I prefer not to look. There is something very disconcerting to see a needle hanging out of my arm. I am partaking in a vaccine trial at the moment. Next week, I need to go to the clinic for two vaccine injections (one in each arm) and a blood draw. I will be looking directly forward for all of these."
454,/boards/forums/stigma.54/,"I inject in my abdomen in restaurants, pulling down waistband or pulling up skirt. it’s kind of under the table, and I do it quickly so I don’t think anyone’s noticed. I would certainly tell anyone who had a go at me, where to go!"
455,/boards/forums/stigma.54/,I hate giving blood.....hate having a needle stuck in my arm or back of my hand.....have to look the other way And yet i have no problem with accupunture......and on friday im getting a tattoo done thats going to take 4 hours and i cant wait! Go figure I have a little side story..........im type 2 so dont need to inject but years ago we had a cat who became diabetic........i had to be trained to give her injections twice a day.....wife said she just couldnt do it so left the job to me........first time i gave her a jab i cried my eyes out thro fear that i had hurt her or done it wrong.....she was the Special Little Cat that turned me into a catdad ..shes the kitty in my current avatar...didnt take long and she would come to me when it was time and sit as good as gold til i did the jab so she must have known it did her good......miss her even after all these years........but i think id have no problem injecting myself if i had to cos of this experience.....wouldnt like it but i could do it
456,/boards/forums/stigma.54/,"Elenka_HM said: I know my dad is squeamish about seeing the injections (I can't blame him, I used to be the same), so sometimes if there is not much to block the view I warn him in case he wants to look away. A couple of times when we have been eating out he's made some comment and said it's not about him, but it may bother other people I point out I don't care if they see me, and generally,  no one is even looking. Love my dad but that's a little thing that irritates me. I never had any issues with strangers. One time I was having dinner with friends of a friend and started doing my injection as discreetly as I could. The girl sitting by my side realised and said out loud ""wow, you are just injecting, you didn't say nothing!"" (not in a complain or judgy tone but more as a surprise) and the girl on the other side ""ooh, I didn't even realise!"". I was like ""well, yeah, I didn't mean to bring attention to it "". Obviously all the table was aware after that! Click to expand..."
457,/boards/forums/stigma.54/,what tattoo are you having done @paultrose ?
458,/boards/forums/stigma.54/,"My daughter also used to find it highly amusing whenever she had to have vaccinations at school, everyone else would be making a big fuss and she was just completely un-bothered, the nurses couldn’t understand why she was so calm and were expecting her to start crying at any moment (you’d think it might occur to them that maybe this one has a medical condition that requires injections and therefore she’s used to it?) @paultrose many a time nurses have said to us that the people most likely to faint when requiring an injection are big beefy men who are absolutely covered in tattoos… maybe you don’t see the needles when you’re getting a tattoo done?  Or is it because they only go just below the skin and not in very far?"
459,/boards/forums/stigma.54/,Sally71 said: big beefy men Click to expand... I might be big but deffo not beefy My aversion to needles is from watching my late wife go thro all her treatments.....just turned me off them.....i dont go faint just dont like seeing them go in Was giving blood sample at doctors few weeks ago....the nurse commented on the cancer tattoo on my wrist and said she could never have one cos she didnt like needles......i said but you stick big needles in people all day long 5 days a week!!......she said but thats different
460,/boards/forums/stigma.54/,HayleyR said: what tattoo are you having done @paultrose ? Click to expand... Wait and see
461,/boards/forums/stigma.54/,"paultrose said: I might be big but deffo not beefy My aversion to needles is from watching my late wife go thro all her treatments.....just turned me off them.....i dont go faint just dont like seeing them go in Was giving blood sample at doctors few weeks ago....the nurse commented on the cancer tattoo on my wrist and said she could never have one cos she didnt like needles......i said but you stick big needles in people all day long 5 days a week!!......she said but thats different Click to expand... My mum used to work as a phlebotomist and was quite happy to stick huge needles into people, but was horrified when I got a tattoo!"
462,/boards/forums/stigma.54/,"Lisa65 said: My mum used to work as a phlebotomist Click to expand... Legalised vampires, the lot of them"
463,/boards/forums/stigma.54/,"paultrose said: Legalised vampires, the lot of them Click to expand... I think she secretly enjoyed inflicting pain"
464,/boards/forums/stigma.54/,Lisa65 said: I think she secretly enjoyed inflicting pain Click to expand... hehehe!
465,/boards/forums/stigma.54/,"Lisa65 said: My mum used to work as a phlebotomist and was quite happy to stick huge needles into people, but was horrified when I got a tattoo! Click to expand... That might be more to do with what it looks like rather than what you had to go through to get it.  I don’t really like tattoos, when I was young only certain types of people had them.  I realise now that they are much more fashionable than they once were, and I have developed a certain fascination for them, and there’s no doubt that some of the artwork is amazing; I still wouldn’t want it on my skin though, I think some of them are downright ugly and can create completely the wrong impression of the wearer. Or is that just me?!  And even if I did get one, I’d probably get bored of it and want to change it, which you can’t do! Apologies to those of you who do like your tattoos - each to his own, I don’t mean to offend anyone, it’s just something that I don’t particularly like.  The same as we don’t all like the same clothes, hairstyles etc."
466,/boards/forums/stigma.54/,"Sally71 said: I have developed a certain fascination for them, and there’s no doubt that some of the artwork is amazing; Click to expand... There you go then...that was 4 1/2 hours work today......subject matter has a lot of meaning for me"
467,/boards/forums/stigma.54/,That’s definitely one of the nicer ones I’ve seen!
468,/boards/forums/stigma.54/,"Lisa65 said: I'm slightly worried because I'm flying to Turkey in a couple of weeks and my insulin will be due mid flight. I've got a window seat so I guess I can just turn away from the person next to me to do it, but I'm wondering if I should mention it first, so they don't think I'm a drug addict or something? I don't really want to go to a disgusting aeroplane toilet to inject. Click to expand... Absolutely don’t need to go into toilet, and it’s easy enough to inject discreetly. And you don’t need to say anything, unless you want to."
469,/boards/forums/stigma.54/,"I do wonder if ozempic is going to mean the general public gets morefamiliar with seeing pens, and used to the idea of injecting being ok?"
470,/boards/forums/stigma.54/,"Isn't Ozempic a once a week jab, in which case why would you even bring it out of the house?"
471,/boards/forums/stigma.54/,"trophywench said: Isn't Ozempic a once a week jab, in which case why would you even bring it out of the house? Click to expand... I think @Tdm means because more people are injecting, and therefore become familiar.... perhaps along with family members too,  with medical injector pens and also these drugs are very high profile, so lots of social media about them making more people aware of injecting medication."
472,/boards/forums/stigma.54/,"trophywench said: Isn't Ozempic a once a week jab, in which case why would you even bring it out of the house? Click to expand... That's what I was thinking. Maybe more people become aware of injectors like insulin pens. However, will the number of people ""publicly"" (as in raising awareness) taking Ozempic be more than the number of people publicly taking insulin. I would expect Ozempic-takers to be at least as private if not more so than insulin-takers, even within their families and close friends."
473,/boards/forums/stigma.54/,"louisew said: Absolutely don’t need to go into toilet, and it’s easy enough to inject discreetly. And you don’t need to say anything, unless you want to. Click to expand... Flight is tomorrow and I intend to inject in my seat without a fanfare"
474,/boards/forums/stigma.54/,Lisa65 said: Flight is tomorrow and I intend to inject in my seat without a fanfare Click to expand... Enjoy Turkey.
475,/boards/forums/stigma.54/,"Lisa65 said: I'm slightly worried because I'm flying to Turkey in a couple of weeks and my insulin will be due mid flight. I've got a window seat so I guess I can just turn away from the person next to me to do it, but I'm wondering if I should mention it first, so they don't think I'm a drug addict or something? I don't really want to go to a disgusting aeroplane toilet to inject. Click to expand... When I fly I tell the cabin crew and ask for their sharps box.  They are really helpful and won't make you use the toilet.  One flight I had a young child next to me.  I asked the steward and he let me do my injection in the galley."
476,/boards/forums/stigma.54/,"Tezzz said: When I fly I tell the cabin crew and ask for their sharps box.  They are really helpful and won't make you use the toilet.  One flight I had a young child next to me.  I asked the steward and he let me do my injection in the galley. Click to expand... Do you not carry something to store your sharps when you go away? I use a ""cosmetics bottle"" so can remain independent and private when injecting in public  I decant into my sharps bin when I get home."
477,/boards/forums/stigma.54/,"Tezzz said: When I fly I tell the cabin crew and ask for their sharps box. They are really helpful and won't make you use the toilet. One flight I had a young child next to me. I asked the steward and he let me do my injection in the galley. Click to expand... That seems a bizarre approach. If a small child next to me id say to the adult with them something just to let them know im going to do my medication which is injected, if they could just watch their child doesn’t come too close for a moment. Id put my used sharps in my little screw on tub that lives in my diabetes kit, it’s one of those tiny round pots you’d use for dips or something. No need to involve cabin crew whatsoever."
478,/boards/forums/stigma.54/,Depends on the kid and the parent...some are unpredictable and start screaming for no reason...and that's just the parents
479,/boards/forums/stigma.54/,Tdm said: Depends on the kid and the parent...some are unpredictable and start screaming for no reason...and that's just the parents Click to expand... Can’t see why screaming means you can’t inject. If you’ve told the parent to make sure they don’t get in the way they’ll be holding them.
480,/boards/forums/stigma.54/,"Lucyr said: That seems a bizarre approach. If a small child next to me id say to the adult with them something just to let them know im going to do my medication which is injected, if they could just watch their child doesn’t come too close for a moment. Id put my used sharps in my little screw on tub that lives in my diabetes kit, it’s one of those tiny round pots you’d use for dips or something. No need to involve cabin crew whatsoever. Click to expand... I did not speak the child’s or parents language so it was easier to ask the cabin crew nicely."
481,/boards/forums/stigma.54/,"helli said: Do you not carry something to store your sharps when you go away? I use a ""cosmetics bottle"" so can remain independent and private when injecting in public  I decant into my sharps bin when I get home. Click to expand... My sharps bin was in the hold luggage as instructed by the airline who said the crew have sharps bins for this reason."
482,/boards/forums/stigma.54/,"Tezzz said: My sharps bin was in the hold luggage as instructed by the airline who said the crew have sharps bins for this reason. Click to expand... I am not asking about ""official"" sharps bottles. What do you do with your sharps when you are not at home e.g. when you go out for meals? Restaurants are unlikely to have a sharps bin. And, if you are flying with only hands luggage, you cannot rely on others to have them. I am surprised you do not have a small bottle that fits with your diabetes kit for such occasions. I use one of the bottles from a set like this for such purpose and decant it into my yellow bin when I get home."
483,/boards/forums/stigma.54/,"helli said: I am surprised you do not have a small bottle that fits with your diabetes kit for such occasions. Click to expand... I’d have thought every household has some kind of small Tupperware tub or empty water bottle or something that can be used. I use an empty dressings pot in my diabetes kit as that fits the few needles you’d be using on a single day, but use a slightly larger pot with screw on lid, originally from a moisturiser I think, for holidays. Everyone will most likely have something they can repurpose and not need to ask cabinet crew or restaurants for a sharps bin!"
484,/boards/forums/stigma.54/,"Lucyr said: I’d have thought every household has some kind of small Tupperware tub or empty water bottle or something that can be used. I use an empty dressings pot in my diabetes kit as that fits the few needles you’d be using on a single day, but use a slightly larger pot with screw on lid, originally from a moisturiser I think, for holidays. Everyone will most likely have something they can repurpose and not need to ask cabinet crew or restaurants for a sharps bin! Click to expand... Anyone who feels the need for a ""proper"" sharps bin while travelling could always get something like this Mini Sharps Bins I have 3 similar ones which I decant into my big bin when I get home"
485,/boards/forums/stigma.54/,"JJay said: Anyone who feels the need for a ""proper"" sharps bin while travelling could always get something like this Mini Sharps Bins I have 3 similar ones which I decant into my big bin when I get home Click to expand... These look useful but more expensive than generic containers. Like diabetes bags/cases, I think adding a medical condition to the name of something is like telling a catering business you are planning a wedding. You get a good service but for inflated prices."
486,/boards/forums/stigma.54/,JJay said: I have 3 similar ones which I decant into my big bin when I get home Click to expand... They don’t look designed to empty the needles out of them to decant into a big sharps bin and reuse?
487,/boards/forums/stigma.54/,"Lucyr said: They don’t look designed to empty the needles out of them to decant into a big sharps bin and reuse? Click to expand... These aren’t my actual ones but I couldn’t find those, though I did get them from Amazon some time ago. Mine shake pretty easily into the bin with the odd encouraging tap on the side!"
488,/boards/forums/stigma.54/,"helli said: These look useful but more expensive than generic containers. Like diabetes bags/cases, I think adding a medical condition to the name of something is like telling a catering business you are planning a wedding. You get a good service but for inflated prices. Click to expand... I feel putting them in a dedicated container is just a bit safer, particularly when there are children around one’s holiday home! But each to their own."
489,/boards/forums/stigma.54/,"Seems strange to tell someone to ""go inject in the toilet to not look like a junky""... From the needles you often see in certain toilets, that seems the go to junky injecting destination... Seems like it would be more incriminating?"
490,/boards/forums/stigma.54/,I've left jobs because of it
491,/boards/forums/stigma.54/,"Reruru said: Seems strange to tell someone to ""go inject in the toilet to not look like a junky""... From the needles you often see in certain toilets, that seems the go to junky injecting destination... Seems like it would be more incriminating? Click to expand... Sadly, people in general are quite stupid. More and more generally, they cannot, or choose not to, perceive an action from the viewpoint and circumstance of another. I've countered with 'why do i need to do a clean and hygienic thing in a filthy room' followed by 'mind your own damn business'"
492,/boards/forums/stigma.54/,"Never had any problems, I don’t think people really notice. If I’m at a restaurant, I just pull my waistband down or lift my skirt, under the table, quick jab and done."
493,/boards/forums/stigma.54/,"louisew said: I don’t think people really notice. If I’m at a restaurant, I just pull my waistband down or lift my skirt, under the table, quick jab and done. Click to expand... Most folks don't, so if you try to be discreet, it's not on their radar. Of those that do notice, I think they are tremendously ill-mannered if they feel the right to disparage."
494,/boards/forums/stigma.54/,"void said: Most folks don't so if you try to be discreet, it's not on their radar. Of those that do notice, I think they are tremendously ill-mannered if they feel the right to disparage. Click to expand... Yes i’ve been injecting for 3 years and no one’s ever said anything"
495,/boards/forums/stigma.54/,"louisew said: Yes i’ve been injecting for 3 years and no one’s ever said anything Click to expand... Only once, from a lady I've known for a while and who simply didn't know I was someone with diabetes. Her daughter had been T1 from young childhood and was now a middle aged adult,no longer living at home; this friend had got out of the habit of thinking about insulin taking and taken slightly by surprise. She was curious about T3c, never previously come across this. We'd sat on the same dinner table from time to time at other events;  so proves an earlier point that most people really don't notice."
496,/boards/forums/stigma.54/,"A bit late here.     But I injected  for some left over food at work.   Someone was staring(pherherps she was looking at bit looking a bit worried i was busy doing it so I'm not sure)  another person was saw this and said ""it's okay she's diabetic"" the person who then said ""oh it wasn't sure what it was"""
497,/boards/forums/stigma.54/,"Tdm said: Just been thinking, anyone had any negative experiences injecting in public? Can't say i've done it that much, but no one has mistaken me for an opium fiend yet. Click to expand... Yeah I have ages ago I was in KFC after my food I went to Inject my NovoRapid and the worker went crazy thinking I was taking drugs, I rarely Inject in public anyway but on this occasion thought I would."
498,/boards/forums/stigma.54/,"Proud to be erratic said: Only once, from a lady I've known for a while and who simply didn't know I was someone with diabetes. Her daughter had been T1 from young childhood and was now a middle aged adult,no longer living at home; this friend had got out of the habit of thinking about insulin taking and taken slightly by surprise. She was curious about T3c, never previously come across this. We'd sat on the same dinner table from time to time at other events;  so proves an earlier point that most people really don't notice. Click to expand... Hello is Diabetes Type 3c a rare condition then because I have not come across that it much, hope you don't mind me asking you this question."
499,/boards/forums/stigma.54/,"Elenka_HM said: I know my dad is squeamish about seeing the injections (I can't blame him, I used to be the same), so sometimes if there is not much to block the view I warn him in case he wants to look away. A couple of times when we have been eating out he's made some comment and said it's not about him, but it may bother other people I point out I don't care if they see me, and generally,  no one is even looking. Love my dad but that's a little thing that irritates me. I never had any issues with strangers. One time I was having dinner with friends of a friend and started doing my injection as discreetly as I could. The girl sitting by my side realised and said out loud ""wow, you are just injecting, you didn't say nothing!"" (not in a complain or judgy tone but more as a surprise) and the girl on the other side ""ooh, I didn't even realise!"". I was like ""well, yeah, I didn't mean to bring attention to it "". Obviously all the table was aware after that! Click to expand... Hello is Levemir your Night time Insulin I am a Type 1 as well,  I have NovoRapid for the Day and Tresiba Night time.  Also have the Libra and OneTouch Test Stripes."
500,/boards/forums/stigma.54/,"Celtic38 said: Hello is Levemir your Night time Insulin I am a Type 1 as well,  I have NovoRapid for the Day and Tresiba Night time.  Also have the Libra and OneTouch Test Stripes. Click to expand... Levemir is a basal (background) insulin, so similar to the Tresiba you use but Levemir is shorter acting and more flexible and is usually injected twice a day, morning and evening. Sadly for those using it, it is being discontinued by the manufacturer. Tresiba would not suit some of us because it is so long acting, as we need to adjust our basal doses for exercise and hormonal changes etc. For example I need a lot more Levemir in the morning (22u) than at night (about 3u) and if I have done exercise during the day then I need to reduce my small evening dose accordingly or I have nocturnal hypos. I would not be able to do this with Tresiba because it lasts about 36hours and each dose tops up the previous one and any adjustment you do affects the day and night and takes about 3 days to have it's full effect whereas I need to change my evening dose much more regularly and sometimes consecutive nights for several nights, either down or up if I haven't exercised."
501,/boards/forums/stigma.54/,"rebrascora said: Levemir is a basal (background) insulin, so similar to the Tresiba you use but Levemir is shorter acting and more flexible and is usually injected twice a day, morning and evening. Sadly for those using it, it is being discontinued by the manufacturer. Tresiba would not suit some of us because it is so long acting, as we need to adjust our basal doses for exercise and hormonal changes etc. For example I need a lot more Levemir in the morning (22u) than at night (about 3u) and if I have done exercise during the day then I need to reduce my small evening dose accordingly or I have nocturnal hypos. I would not be able to do this with Tresiba because it lasts about 36hours and each dose tops up the previous one and any adjustment you do affects the day and night and takes about 3 days to have it's full effect whereas I need to change my evening dose much more regularly and sometimes consecutive nights for several nights, either down or up if I haven't exercised. Click to expand... rebrascora said: Levemir is a basal (background) insulin, so similar to the Tresiba you use but Levemir is shorter acting and more flexible and is usually injected twice a day, morning and evening. Sadly for those using it, it is being discontinued by the manufacturer. Tresiba would not suit some of us because it is so long acting, as we need to adjust our basal doses for exercise and hormonal changes etc. For example I need a lot more Levemir in the morning (22u) than at night (about 3u) and if I have done exercise during the day then I need to reduce my small evening dose accordingly or I have nocturnal hypos. I would not be able to do this with Tresiba because it lasts about 36hours and each dose tops up the previous one and any adjustment you do affects the day and night and takes about 3 days to have it's full effect whereas I need to change my evening dose much more regularly and sometimes consecutive nights for several nights, either down or up if I haven't exercised. Click to expand... Thanks for your reply,  complicated ain't it being a Type 1 I struggle with a lot of glucose lows I have that many I can't tell when I am low I go as low as 2.9, 2.7 and once 1.9 I struggle still managing my Type 1 Diabetes."
502,/boards/forums/stigma.54/,"Celtic38 said: Hello is Diabetes Type 3c a rare condition then because I have not come across that it much, hope you don't mind me asking you this question. Click to expand... No problem, @Celtic 38. Yes a T3c diagnosis is still pretty infrequent and comes from damage to the pancreas leading to elevated BG - other than the formally recognised auto-immune conditions for T1. Consequently treatment paths can vary from ""as if T2"" and treat with oral meds; ""as if T2"" and treat with some insulin as well as oral meds; or ""as if T1"" and treat with full MDI or a pump. The panc'y damage can be from a physical accident, alcohol excess, steroid excess, pancreatitis, partial panc'y surgery, and in my case a full pancreatectomy to deal with pancreatic cancer. Until recent years T3c was barely recognised by the NHS or Health Care Professionals (HCPs) and I suspect a no of people with panc'y damage were misdiagnosed as T2 or T1. After my surgery I was discharged as T1 (but clearly didn't have the autoimmune condition). The poor recognition of T3c continues, but is improving. The relevance is that most T3c patients are managing a seperate ailment from their panc'y damage, which often needs precedence over their diabetes treatment plan. In my case I can't estimate my insulin doses sufficiently well IF I'm not digesting fully what I eat; gastro probs post surgery 5+ yrs ago continue to interfere with my digestion. I also need a Pancreatic Enzyme Replacement Therapy (PERT) because I no longer create any significant digestive enzymes. My medication for that is Creon capsules; there are other similar capsules. PERT is not unique to those with D from panc'y damage; it's also a remedy for other gastro problems. But many T3cs need PERT. With an ailment such as pancreatitis flare ups can be quite isolated, treated and managed for a while afterwards then a repeat flare up. Gradual worsening may continue until a more abrupt failure of their panc'y - but without the medical recognition that their recent D diagnosis has a fundamentally different cause of pancreatitis: neither high insulin resistance nor an autoimmune status. Overall T1s are c. 10% of the D community, T2s are c. 90% and less than 1% are all of the rest, including gestational D. Those %s are possibly now slightly out of date, with the recent increased acceptance that T3c is real. Over 30 x T3cs have registered on this forum which is probably unrepresentative of the UK wide D community and many arrived here because they had or still have problems with getting the right diagnosis or a poorly provided treatment path. The Forum has provided somewhere to reach out to for help. In the final analysis a diagnosis of D Type comes from the cause of that D."
503,/boards/forums/stigma.54/,"Proud to be erratic said: No problem, @Celtic 38. Yes a T3c diagnosis is still pretty infrequent and comes from damage to the pancreas leading to elevated BG - other than the formally recognised auto-immune conditions for T1. Consequently treatment paths can vary from ""as if T2"" and treat with oral meds; ""as if T2"" and treat with some insulin as well as oral meds; or ""as if T1"" and treat with full MDI or a pump. The panc'y damage can be from a physical accident, alcohol excess, steroid excess, pancreatitis, partial panc'y surgery, and in my case a full pancreatectomy to deal with pancreatic cancer. Until recent years T3c was barely recognised by the NHS or Health Care Professionals (HCPs) and I suspect a no of people with panc'y damage were misdiagnosed as T2 or T1. After my surgery I was discharged as T1 (but clearly didn't have the autoimmune condition). The poor recognition of T3c continues, but is improving. The relevance is that most T3c patients are managing a seperate ailment from their panc'y damage, which often needs precedence over their diabetes treatment plan. In my case I can't estimate my insulin doses sufficiently well IF I'm not digesting fully what I eat; gastro probs post surgery 5+ yrs ago continue to interfere with my digestion. I also need a Pancreatic Enzyme Replacement Therapy (PERT) because I no longer create any significant digestive enzymes. My medication for that is Creon capsules; there are other similar capsules. PERT is not unique to those with D from panc'y damage; it's also a remedy for other gastro problems. But many T3cs need PERT. With an ailment such as pancreatitis flare ups can be quite isolated, treated and managed for a while afterwards then a repeat flare up. Gradual worsening may continue until a more abrupt failure of their panc'y - but without the medical recognition that their recent D diagnosis has a fundamentally different cause of pancreatitis: neither high insulin resistance nor an autoimmune status. Overall T1s are c. 10% of the D community, T2s are c. 90% and less than 1% are all of the rest, including gestational D. Those %s are possibly now slightly out of date, with the recent increased acceptance that T3c is real. Over 30 x T3cs have registered on this forum which is probably unrepresentative of the UK wide D community and many arrived here because they had or still have problems with getting the right diagnosis or a poorly provided treatment path. The Forum has provided somewhere to reach out to for help. In the final analysis a diagnosis of D Type comes from the cause of that D. Click to expand... Thank you for that interesting to read that is I hope you are doing ok, you no when a Healthcare person refers to you in a letter do they say your condition you have which is Type 3c or do they just say Diabetes because all the healthcare people I see nerver say Type 1 Diabetes I was diagnosed Type 1 July 2003,  but they just put down has Diabetes. I thought they should be saying exactly which form of Diabetes you have, I have struggled for years with mine."
504,/boards/forums/stigma.54/,"Matty80 said: Thank you for that interesting to read that is I hope you are doing ok, you no when a Healthcare person refers to you in a letter do they say your condition you have which is Type 3c or do they just say Diabetes because all the healthcare people I see nerver say Type 1 Diabetes I was diagnosed Type 1 July 2003,  but they just put down has Diabetes. I thought they should be saying exactly which form of Diabetes you have, I have struggled for years with mine. Click to expand... Hopefully you will pick up some tips for managing your condition better, there is a lot of experience here from people who have learnt over the years by experimentation and adjustment to be in a better place. Do fire away with any questions and I'm sure people will try to help."
505,/boards/forums/stigma.54/,"Matty80 said: .....   complicated ain't it being a Type 1 I struggle with a lot of glucose lows I have that many I can't tell when I am low I go as low as 2.9, 2.7 and once 1.9 I struggle still managing my Type 1 Diabetes. Click to expand... Hello @Matty80 . Yes, being insulin dependent is complicated. Indeed in his book ""Think Like a Pancreas"" the author Gary Scheiner tells his readers early on that Diabetes is Complicated, Confusing and Contradictory. This is so true and frequently encountered. Have you considered raising your own post (rather than getting tangled up in this stigma thread) asking forum members if they can share their experiences to help you with your struggle. Or even ask the moderators to reopen your thread about unstable thyroid glands and see if others can today add to that dialogue. Are you still under a Hospital based Diabetes Team? Matty80 said: Thank you for that interesting to read that is I hope you are doing ok, you no when a Healthcare person refers to you in a letter do they say your condition you have which is Type 3c or do they just say Diabetes because all the healthcare people I see nerver say Type 1 Diabetes I was diagnosed Type 1 July 2003,  but they just put down has Diabetes. I thought they should be saying exactly which form of Diabetes you have, I have struggled for years with mine. Click to expand... Thanks @Matty80 , I'm doing fine, in the wider scheme of things. Regarding my medical notes, I got my diagnosis changed to T3c nearly 5 yrs ago. Coincidentally, yesterday during an Oncology phone consult I asked the Consultant why my notes still show me as ""Diabetes Mellitus - Provisional"". She politely chuckled and explained once an inaccurate status is on your records, most HCPs skip straight on, but patients find it pretty exasperating. Because she was on a Hospital network where that entry had originated, (the Hospital that did my Surgery and raised my discharge paperwork with that silly remark) she was able to change the Provisional into Confirmed. To a large extent these sort of comments are driven by the computer generated questions and only quite constrictive answers can be given. Also different Hospital Trusts don't seem to have exactly the same software - so some questions (thus answers) don't appear on different networks! The joy of Trusts don't trust, so different, non standard, software."
506,/boards/forums/stigma.54/,"Proud to be erratic said: Hello @Matty80 . Yes, being insulin dependent is complicated. Indeed in his book ""Think Like a Pancreas"" the author Gary Scheiner tells his readers early on that Diabetes is Complicated, Confusing and Contradictory. This is so true and frequently encountered. Have you considered raising your own post (rather than getting tangled up in this stigma thread) asking forum members if they can share their experiences to help you with your struggle. Or even ask the moderators to reopen your thread about unstable thyroid glands and see if others can today add to that dialogue. Are you still under a Hospital based Diabetes Team? Thanks @Matty80 , I'm doing fine, in the wider scheme of things. Regarding my medical notes, I got my diagnosis changed to T3c nearly 5 yrs ago. Coincidentally, yesterday during an Oncology phone consult I asked the Consultant why my notes still show me as ""Diabetes Mellitus - Provisional"". She politely chuckled and explained once an inaccurate status is on your records, most HCPs skip straight on, but patients find it pretty exasperating. Because she was on a Hospital network where that entry had originated, (the Hospital that did my Surgery and raised my discharge paperwork with that silly remark) she was able to change the Provisional into Confirmed. To a large extent these sort of comments are driven by the computer generated questions and only quite constrictive answers can be given. Also different Hospital Trusts don't seem to have exactly the same software - so some questions (thus answers) don't appear on different networks! The joy of Trusts don't trust, so different, non standard, software. Click to expand... 2 moderators helped me on here few Months back gave me good advice not sure if they contacted the Diabetes Nurses for me but they are nice people the moderators on here, I just feel like i am banging my head against a brick wall all the time,   I don't want attention or to take up loads of Diabetes or doctors time I just want to be helped the correct way but last few years has been a Nightmare been a few helpful people but its like 1 step forward 2 steps back.  You had to have Surgery as well wow bet that was scary for you, glad you got it changed to Confirmed.It dose annoy me though when they never say type 1 and just say Diabetes,  all diabetes is difficult to live with so I am not comparing them just my individual Diagnoses is Type 1,  on my Medical notes confirmed and diagnosed in July 2003 a lot of years half my life that is I think i'm 45."
507,/boards/forums/stigma.54/,"Matty80 said: 2 moderators helped me on here few Months back gave me good advice not sure if they contacted the Diabetes Nurses for me but they are nice people the moderators on here, I just feel like i am banging my head against a brick wall all the time,   I don't want attention or to take up loads of Diabetes or doctors time I just want to be helped the correct way but last few years has been a Nightmare been a few helpful people but its like 1 step forward 2 steps back.  You had to have Surgery as well wow bet that was scary for you, glad you got it changed to Confirmed.It dose annoy me though when they never say type 1 and just say Diabetes,  all diabetes is difficult to live with so I am not comparing them just my individual Diagnoses is Type 1,  on my Medical notes confirmed and diagnosed in July 2003 a lot of years half my life that is I think i'm 45. Click to expand... Understood, @Matty80 . But unless the NHS makes its software ask appropriate questions and there is standard software across all Trusts your medical summary won't change. Overall the medical summaries are usable by HCPs and make sense to them. However there are, in my opinion, bigger problems in the NHS that need resolving. Starting, perhaps, with Patient Safety during surgery. In the last 30 yrs the NHS has fallen behind other western countries for this particular aspect and the problem lies with the culture and habits of existing staff along with underfunding for refresher training and underfunding preventing staff being released for such training when it is offered. There has been great medical progress in certain areas, eg the recognition of sepsis is greatly improved, but the response and treatment less so. So the overall outcome of potential improvement can be hindered by a mental culture of narrow minded resistance. If by help from ""the correct way"" you mean from DSNs and Consultants, that is an admirable aspiration. But without a better patient/Nurse ratio along with better training for Nurses or Consultants - then your aspiration is probably not going to be achieved. Meanwhile help this week/month for your T1 management might be achieved by tapping into somewhere like this Forum or DUK central office. Shared experiences between T1s can go a long way. Reach out to Forum members you have little to lose and perhaps a lot to gain."
508,/boards/forums/stigma.54/,"helli said: These look useful but more expensive than generic containers. Like diabetes bags/cases, I think adding a medical condition to the name of something is like telling a catering business you are planning a wedding. You get a good service but for inflated prices. Click to expand... I feel putting them in a dedicated container is just a bit safer, particularly when there are children around one’s holiday home! But each to their own."
509,/boards/forums/stigma.54/,"Seems strange to tell someone to ""go inject in the toilet to not look like a junky""... From the needles you often see in certain toilets, that seems the go to junky injecting destination... Seems like it would be more incriminating?"
510,/boards/forums/stigma.54/,I've left jobs because of it
511,/boards/forums/stigma.54/,"Reruru said: Seems strange to tell someone to ""go inject in the toilet to not look like a junky""... From the needles you often see in certain toilets, that seems the go to junky injecting destination... Seems like it would be more incriminating? Click to expand... Sadly, people in general are quite stupid. More and more generally, they cannot, or choose not to, perceive an action from the viewpoint and circumstance of another. I've countered with 'why do i need to do a clean and hygienic thing in a filthy room' followed by 'mind your own damn business'"
512,/boards/forums/stigma.54/,"Never had any problems, I don’t think people really notice. If I’m at a restaurant, I just pull my waistband down or lift my skirt, under the table, quick jab and done."
513,/boards/forums/stigma.54/,"louisew said: I don’t think people really notice. If I’m at a restaurant, I just pull my waistband down or lift my skirt, under the table, quick jab and done. Click to expand... Most folks don't, so if you try to be discreet, it's not on their radar. Of those that do notice, I think they are tremendously ill-mannered if they feel the right to disparage."
514,/boards/forums/stigma.54/,"void said: Most folks don't so if you try to be discreet, it's not on their radar. Of those that do notice, I think they are tremendously ill-mannered if they feel the right to disparage. Click to expand... Yes i’ve been injecting for 3 years and no one’s ever said anything"
515,/boards/forums/stigma.54/,"louisew said: Yes i’ve been injecting for 3 years and no one’s ever said anything Click to expand... Only once, from a lady I've known for a while and who simply didn't know I was someone with diabetes. Her daughter had been T1 from young childhood and was now a middle aged adult,no longer living at home; this friend had got out of the habit of thinking about insulin taking and taken slightly by surprise. She was curious about T3c, never previously come across this. We'd sat on the same dinner table from time to time at other events;  so proves an earlier point that most people really don't notice."
516,/boards/forums/stigma.54/,"A bit late here.     But I injected  for some left over food at work.   Someone was staring(pherherps she was looking at bit looking a bit worried i was busy doing it so I'm not sure)  another person was saw this and said ""it's okay she's diabetic"" the person who then said ""oh it wasn't sure what it was"""
517,/boards/forums/stigma.54/,"Tdm said: Just been thinking, anyone had any negative experiences injecting in public? Can't say i've done it that much, but no one has mistaken me for an opium fiend yet. Click to expand... Yeah I have ages ago I was in KFC after my food I went to Inject my NovoRapid and the worker went crazy thinking I was taking drugs, I rarely Inject in public anyway but on this occasion thought I would."
518,/boards/forums/stigma.54/,"Proud to be erratic said: Only once, from a lady I've known for a while and who simply didn't know I was someone with diabetes. Her daughter had been T1 from young childhood and was now a middle aged adult,no longer living at home; this friend had got out of the habit of thinking about insulin taking and taken slightly by surprise. She was curious about T3c, never previously come across this. We'd sat on the same dinner table from time to time at other events;  so proves an earlier point that most people really don't notice. Click to expand... Hello is Diabetes Type 3c a rare condition then because I have not come across that it much, hope you don't mind me asking you this question."
519,/boards/forums/stigma.54/,"Elenka_HM said: I know my dad is squeamish about seeing the injections (I can't blame him, I used to be the same), so sometimes if there is not much to block the view I warn him in case he wants to look away. A couple of times when we have been eating out he's made some comment and said it's not about him, but it may bother other people I point out I don't care if they see me, and generally,  no one is even looking. Love my dad but that's a little thing that irritates me. I never had any issues with strangers. One time I was having dinner with friends of a friend and started doing my injection as discreetly as I could. The girl sitting by my side realised and said out loud ""wow, you are just injecting, you didn't say nothing!"" (not in a complain or judgy tone but more as a surprise) and the girl on the other side ""ooh, I didn't even realise!"". I was like ""well, yeah, I didn't mean to bring attention to it "". Obviously all the table was aware after that! Click to expand... Hello is Levemir your Night time Insulin I am a Type 1 as well,  I have NovoRapid for the Day and Tresiba Night time.  Also have the Libra and OneTouch Test Stripes."
520,/boards/forums/stigma.54/,"Celtic38 said: Hello is Levemir your Night time Insulin I am a Type 1 as well,  I have NovoRapid for the Day and Tresiba Night time.  Also have the Libra and OneTouch Test Stripes. Click to expand... Levemir is a basal (background) insulin, so similar to the Tresiba you use but Levemir is shorter acting and more flexible and is usually injected twice a day, morning and evening. Sadly for those using it, it is being discontinued by the manufacturer. Tresiba would not suit some of us because it is so long acting, as we need to adjust our basal doses for exercise and hormonal changes etc. For example I need a lot more Levemir in the morning (22u) than at night (about 3u) and if I have done exercise during the day then I need to reduce my small evening dose accordingly or I have nocturnal hypos. I would not be able to do this with Tresiba because it lasts about 36hours and each dose tops up the previous one and any adjustment you do affects the day and night and takes about 3 days to have it's full effect whereas I need to change my evening dose much more regularly and sometimes consecutive nights for several nights, either down or up if I haven't exercised."
521,/boards/forums/stigma.54/,"rebrascora said: Levemir is a basal (background) insulin, so similar to the Tresiba you use but Levemir is shorter acting and more flexible and is usually injected twice a day, morning and evening. Sadly for those using it, it is being discontinued by the manufacturer. Tresiba would not suit some of us because it is so long acting, as we need to adjust our basal doses for exercise and hormonal changes etc. For example I need a lot more Levemir in the morning (22u) than at night (about 3u) and if I have done exercise during the day then I need to reduce my small evening dose accordingly or I have nocturnal hypos. I would not be able to do this with Tresiba because it lasts about 36hours and each dose tops up the previous one and any adjustment you do affects the day and night and takes about 3 days to have it's full effect whereas I need to change my evening dose much more regularly and sometimes consecutive nights for several nights, either down or up if I haven't exercised. Click to expand... rebrascora said: Levemir is a basal (background) insulin, so similar to the Tresiba you use but Levemir is shorter acting and more flexible and is usually injected twice a day, morning and evening. Sadly for those using it, it is being discontinued by the manufacturer. Tresiba would not suit some of us because it is so long acting, as we need to adjust our basal doses for exercise and hormonal changes etc. For example I need a lot more Levemir in the morning (22u) than at night (about 3u) and if I have done exercise during the day then I need to reduce my small evening dose accordingly or I have nocturnal hypos. I would not be able to do this with Tresiba because it lasts about 36hours and each dose tops up the previous one and any adjustment you do affects the day and night and takes about 3 days to have it's full effect whereas I need to change my evening dose much more regularly and sometimes consecutive nights for several nights, either down or up if I haven't exercised. Click to expand... Thanks for your reply,  complicated ain't it being a Type 1 I struggle with a lot of glucose lows I have that many I can't tell when I am low I go as low as 2.9, 2.7 and once 1.9 I struggle still managing my Type 1 Diabetes."
522,/boards/forums/stigma.54/,"Celtic38 said: Hello is Diabetes Type 3c a rare condition then because I have not come across that it much, hope you don't mind me asking you this question. Click to expand... No problem, @Celtic 38. Yes a T3c diagnosis is still pretty infrequent and comes from damage to the pancreas leading to elevated BG - other than the formally recognised auto-immune conditions for T1. Consequently treatment paths can vary from ""as if T2"" and treat with oral meds; ""as if T2"" and treat with some insulin as well as oral meds; or ""as if T1"" and treat with full MDI or a pump. The panc'y damage can be from a physical accident, alcohol excess, steroid excess, pancreatitis, partial panc'y surgery, and in my case a full pancreatectomy to deal with pancreatic cancer. Until recent years T3c was barely recognised by the NHS or Health Care Professionals (HCPs) and I suspect a no of people with panc'y damage were misdiagnosed as T2 or T1. After my surgery I was discharged as T1 (but clearly didn't have the autoimmune condition). The poor recognition of T3c continues, but is improving. The relevance is that most T3c patients are managing a seperate ailment from their panc'y damage, which often needs precedence over their diabetes treatment plan. In my case I can't estimate my insulin doses sufficiently well IF I'm not digesting fully what I eat; gastro probs post surgery 5+ yrs ago continue to interfere with my digestion. I also need a Pancreatic Enzyme Replacement Therapy (PERT) because I no longer create any significant digestive enzymes. My medication for that is Creon capsules; there are other similar capsules. PERT is not unique to those with D from panc'y damage; it's also a remedy for other gastro problems. But many T3cs need PERT. With an ailment such as pancreatitis flare ups can be quite isolated, treated and managed for a while afterwards then a repeat flare up. Gradual worsening may continue until a more abrupt failure of their panc'y - but without the medical recognition that their recent D diagnosis has a fundamentally different cause of pancreatitis: neither high insulin resistance nor an autoimmune status. Overall T1s are c. 10% of the D community, T2s are c. 90% and less than 1% are all of the rest, including gestational D. Those %s are possibly now slightly out of date, with the recent increased acceptance that T3c is real. Over 30 x T3cs have registered on this forum which is probably unrepresentative of the UK wide D community and many arrived here because they had or still have problems with getting the right diagnosis or a poorly provided treatment path. The Forum has provided somewhere to reach out to for help. In the final analysis a diagnosis of D Type comes from the cause of that D."
523,/boards/forums/stigma.54/,"Proud to be erratic said: No problem, @Celtic 38. Yes a T3c diagnosis is still pretty infrequent and comes from damage to the pancreas leading to elevated BG - other than the formally recognised auto-immune conditions for T1. Consequently treatment paths can vary from ""as if T2"" and treat with oral meds; ""as if T2"" and treat with some insulin as well as oral meds; or ""as if T1"" and treat with full MDI or a pump. The panc'y damage can be from a physical accident, alcohol excess, steroid excess, pancreatitis, partial panc'y surgery, and in my case a full pancreatectomy to deal with pancreatic cancer. Until recent years T3c was barely recognised by the NHS or Health Care Professionals (HCPs) and I suspect a no of people with panc'y damage were misdiagnosed as T2 or T1. After my surgery I was discharged as T1 (but clearly didn't have the autoimmune condition). The poor recognition of T3c continues, but is improving. The relevance is that most T3c patients are managing a seperate ailment from their panc'y damage, which often needs precedence over their diabetes treatment plan. In my case I can't estimate my insulin doses sufficiently well IF I'm not digesting fully what I eat; gastro probs post surgery 5+ yrs ago continue to interfere with my digestion. I also need a Pancreatic Enzyme Replacement Therapy (PERT) because I no longer create any significant digestive enzymes. My medication for that is Creon capsules; there are other similar capsules. PERT is not unique to those with D from panc'y damage; it's also a remedy for other gastro problems. But many T3cs need PERT. With an ailment such as pancreatitis flare ups can be quite isolated, treated and managed for a while afterwards then a repeat flare up. Gradual worsening may continue until a more abrupt failure of their panc'y - but without the medical recognition that their recent D diagnosis has a fundamentally different cause of pancreatitis: neither high insulin resistance nor an autoimmune status. Overall T1s are c. 10% of the D community, T2s are c. 90% and less than 1% are all of the rest, including gestational D. Those %s are possibly now slightly out of date, with the recent increased acceptance that T3c is real. Over 30 x T3cs have registered on this forum which is probably unrepresentative of the UK wide D community and many arrived here because they had or still have problems with getting the right diagnosis or a poorly provided treatment path. The Forum has provided somewhere to reach out to for help. In the final analysis a diagnosis of D Type comes from the cause of that D. Click to expand... Thank you for that interesting to read that is I hope you are doing ok, you no when a Healthcare person refers to you in a letter do they say your condition you have which is Type 3c or do they just say Diabetes because all the healthcare people I see nerver say Type 1 Diabetes I was diagnosed Type 1 July 2003,  but they just put down has Diabetes. I thought they should be saying exactly which form of Diabetes you have, I have struggled for years with mine."
524,/boards/forums/stigma.54/,"Matty80 said: Thank you for that interesting to read that is I hope you are doing ok, you no when a Healthcare person refers to you in a letter do they say your condition you have which is Type 3c or do they just say Diabetes because all the healthcare people I see nerver say Type 1 Diabetes I was diagnosed Type 1 July 2003,  but they just put down has Diabetes. I thought they should be saying exactly which form of Diabetes you have, I have struggled for years with mine. Click to expand... Hopefully you will pick up some tips for managing your condition better, there is a lot of experience here from people who have learnt over the years by experimentation and adjustment to be in a better place. Do fire away with any questions and I'm sure people will try to help."
525,/boards/forums/stigma.54/,"Matty80 said: .....   complicated ain't it being a Type 1 I struggle with a lot of glucose lows I have that many I can't tell when I am low I go as low as 2.9, 2.7 and once 1.9 I struggle still managing my Type 1 Diabetes. Click to expand... Hello @Matty80 . Yes, being insulin dependent is complicated. Indeed in his book ""Think Like a Pancreas"" the author Gary Scheiner tells his readers early on that Diabetes is Complicated, Confusing and Contradictory. This is so true and frequently encountered. Have you considered raising your own post (rather than getting tangled up in this stigma thread) asking forum members if they can share their experiences to help you with your struggle. Or even ask the moderators to reopen your thread about unstable thyroid glands and see if others can today add to that dialogue. Are you still under a Hospital based Diabetes Team? Matty80 said: Thank you for that interesting to read that is I hope you are doing ok, you no when a Healthcare person refers to you in a letter do they say your condition you have which is Type 3c or do they just say Diabetes because all the healthcare people I see nerver say Type 1 Diabetes I was diagnosed Type 1 July 2003,  but they just put down has Diabetes. I thought they should be saying exactly which form of Diabetes you have, I have struggled for years with mine. Click to expand... Thanks @Matty80 , I'm doing fine, in the wider scheme of things. Regarding my medical notes, I got my diagnosis changed to T3c nearly 5 yrs ago. Coincidentally, yesterday during an Oncology phone consult I asked the Consultant why my notes still show me as ""Diabetes Mellitus - Provisional"". She politely chuckled and explained once an inaccurate status is on your records, most HCPs skip straight on, but patients find it pretty exasperating. Because she was on a Hospital network where that entry had originated, (the Hospital that did my Surgery and raised my discharge paperwork with that silly remark) she was able to change the Provisional into Confirmed. To a large extent these sort of comments are driven by the computer generated questions and only quite constrictive answers can be given. Also different Hospital Trusts don't seem to have exactly the same software - so some questions (thus answers) don't appear on different networks! The joy of Trusts don't trust, so different, non standard, software."
526,/boards/forums/stigma.54/,"Proud to be erratic said: Hello @Matty80 . Yes, being insulin dependent is complicated. Indeed in his book ""Think Like a Pancreas"" the author Gary Scheiner tells his readers early on that Diabetes is Complicated, Confusing and Contradictory. This is so true and frequently encountered. Have you considered raising your own post (rather than getting tangled up in this stigma thread) asking forum members if they can share their experiences to help you with your struggle. Or even ask the moderators to reopen your thread about unstable thyroid glands and see if others can today add to that dialogue. Are you still under a Hospital based Diabetes Team? Thanks @Matty80 , I'm doing fine, in the wider scheme of things. Regarding my medical notes, I got my diagnosis changed to T3c nearly 5 yrs ago. Coincidentally, yesterday during an Oncology phone consult I asked the Consultant why my notes still show me as ""Diabetes Mellitus - Provisional"". She politely chuckled and explained once an inaccurate status is on your records, most HCPs skip straight on, but patients find it pretty exasperating. Because she was on a Hospital network where that entry had originated, (the Hospital that did my Surgery and raised my discharge paperwork with that silly remark) she was able to change the Provisional into Confirmed. To a large extent these sort of comments are driven by the computer generated questions and only quite constrictive answers can be given. Also different Hospital Trusts don't seem to have exactly the same software - so some questions (thus answers) don't appear on different networks! The joy of Trusts don't trust, so different, non standard, software. Click to expand... 2 moderators helped me on here few Months back gave me good advice not sure if they contacted the Diabetes Nurses for me but they are nice people the moderators on here, I just feel like i am banging my head against a brick wall all the time,   I don't want attention or to take up loads of Diabetes or doctors time I just want to be helped the correct way but last few years has been a Nightmare been a few helpful people but its like 1 step forward 2 steps back.  You had to have Surgery as well wow bet that was scary for you, glad you got it changed to Confirmed.It dose annoy me though when they never say type 1 and just say Diabetes,  all diabetes is difficult to live with so I am not comparing them just my individual Diagnoses is Type 1,  on my Medical notes confirmed and diagnosed in July 2003 a lot of years half my life that is I think i'm 45."
527,/boards/forums/stigma.54/,"Matty80 said: 2 moderators helped me on here few Months back gave me good advice not sure if they contacted the Diabetes Nurses for me but they are nice people the moderators on here, I just feel like i am banging my head against a brick wall all the time,   I don't want attention or to take up loads of Diabetes or doctors time I just want to be helped the correct way but last few years has been a Nightmare been a few helpful people but its like 1 step forward 2 steps back.  You had to have Surgery as well wow bet that was scary for you, glad you got it changed to Confirmed.It dose annoy me though when they never say type 1 and just say Diabetes,  all diabetes is difficult to live with so I am not comparing them just my individual Diagnoses is Type 1,  on my Medical notes confirmed and diagnosed in July 2003 a lot of years half my life that is I think i'm 45. Click to expand... Understood, @Matty80 . But unless the NHS makes its software ask appropriate questions and there is standard software across all Trusts your medical summary won't change. Overall the medical summaries are usable by HCPs and make sense to them. However there are, in my opinion, bigger problems in the NHS that need resolving. Starting, perhaps, with Patient Safety during surgery. In the last 30 yrs the NHS has fallen behind other western countries for this particular aspect and the problem lies with the culture and habits of existing staff along with underfunding for refresher training and underfunding preventing staff being released for such training when it is offered. There has been great medical progress in certain areas, eg the recognition of sepsis is greatly improved, but the response and treatment less so. So the overall outcome of potential improvement can be hindered by a mental culture of narrow minded resistance. If by help from ""the correct way"" you mean from DSNs and Consultants, that is an admirable aspiration. But without a better patient/Nurse ratio along with better training for Nurses or Consultants - then your aspiration is probably not going to be achieved. Meanwhile help this week/month for your T1 management might be achieved by tapping into somewhere like this Forum or DUK central office. Shared experiences between T1s can go a long way. Reach out to Forum members you have little to lose and perhaps a lot to gain."
528,/boards/forums/stigma.54/,"Matty80 said: Hello is Levemir your Night time Insulin I am a Type 1 as well,  I have NovoRapid for the Day and Tresiba Night time.  Also have the Libra and OneTouch Test Stripes. Click to expand... Hi! @rebrascora already explained but yes, Levemir is my basal insulin, so it does the same function as Tresiba does for you. It wouldn't be accurate for me to call it a ""Night time"" insulin because I take it in the morning! But I get what you mean. As Barbara mentioned, Levemir is being discontinued, so I will have it changed to a different type of insulin soon. In fact I have an appointment next week to discuss the matter. I'll certainly come to the forum for advice if I find myself struggling with the change"
529,/boards/forums/stigma.54/,"Proud to be erratic said: Understood, @Matty80 . But unless the NHS makes its software ask appropriate questions and there is standard software across all Trusts your medical summary won't change. Overall the medical summaries are usable by HCPs and make sense to them. However there are, in my opinion, bigger problems in the NHS that need resolving. Starting, perhaps, with Patient Safety during surgery. In the last 30 yrs the NHS has fallen behind other western countries for this particular aspect and the problem lies with the culture and habits of existing staff along with underfunding for refresher training and underfunding preventing staff being released for such training when it is offered. There has been great medical progress in certain areas, eg the recognition of sepsis is greatly improved, but the response and treatment less so. So the overall outcome of potential improvement can be hindered by a mental culture of narrow minded resistance. If by help from ""the correct way"" you mean from DSNs and Consultants, that is an admirable aspiration. But without a better patient/Nurse ratio along with better training for Nurses or Consultants - then your aspiration is probably not going to be achieved. Meanwhile help this week/month for your T1 management might be achieved by tapping into somewhere like this Forum or DUK central office. Shared experiences between T1s can go a long way. Reach out to Forum members you have little to lose and perhaps a lot to gain. Click to expand... Everything you say there I agree with."
530,/boards/forums/stigma.54/,Another thing I will say.  I occasionally haven't injected in public when out and about when people but that was more about what I was wearing made it impossible rather then other reasons
531,/boards/forums/stigma.54/,"rayray119 said: Another thing I will say.  I occasionally haven't injected in public when out and about when people but that was more about what I was wearing made it impossible rather then other reasons Click to expand... I find it hard to imagine a situation where I wouldn't have access to at least one site to inject in due to clothing and if it was impossible, I might consider injecting through clothing for that one very rare occasion provided it was reasonably thin. I have resorted to injecting bolus into thighs if I was wearing a long sleeved dress or arms with a short sleeve dress."
532,/boards/forums/stigma.54/,"rebrascora said: I find it hard to imagine a situation where I wouldn't have access to at least one site to inject in due to clothing and if it was impossible, I might consider injecting through clothing for that one very rare occasion provided it was reasonably thin. I have resorted to injecting bolus into thighs if I was wearing a long sleeved dress or arms with a short sleeve dress. Click to expand... It seems I would have to leeave up dress in any circumstance Which to me didn't seem appropriate epppisally when I was at a wedding(had tights as well)(just to say this isn't aurgement Just personal)"
533,/boards/forums/stigma.54/,"rayray119 said: It seems I would have to leaf up dress in any cushion. Which to me didn't seem appropriate epppisally when I was at a wedding(had tights as well)(just to say this isn't aurgement Just personal) Click to expand... I am not sure what the ""cushion"" is supposed to mean  but you can very discretely raise your hem and expose a thigh under the table and jab it and no-one be any the wiser and I would not worry about injecting through tights. Done that before. I have read of some men who regularly inject through their trousers! Not saying that is a good idea but as a one off, injecting through tights is no big deal and really just trying to offer you solutions for the future if you find yourself in that situation again. Injecting your insulin is more important than issues of etiquette in my opinion."
534,/boards/forums/stigma.54/,"rebrascora said: I find it hard to imagine a situation where I wouldn't have access to at least one site to inject in due to clothing and if it was impossible, I might consider injecting through clothing for that one very rare occasion provided it was reasonably thin. I have resorted to injecting bolus into thighs if I was wearing a long sleeved dress or arms with a short sleeve dress. Click to expand... It's interesting because for some reason my clinic have also told me to avoid arms(it was even metoned in danffee)"
535,/boards/forums/stigma.54/,"rebrascora said: I am not sure what the ""cushion"" is supposed to mean  but you can very discretely raise your hem and expose a thigh under the table and jab it and no-one be any the wiser and I would not worry about injecting through tights. Done that before. I have read of some men who regularly inject through their trousers! Not saying that is a good idea but as a one off, injecting through tights is no big deal and really just trying to offer you solutions for the future if you find yourself in that situation again. Injecting your insulin is more important than issues of etiquette in my opinion. Click to expand... I don't skip out on injections I meant ive gone somewhere else where.  Unfortunately I'm not really abble to do that without exposing myslef(i don't see as a huge problem even if might a little inconvenienct as its only a very rare occasion) most of the time I just take it out and inject where ever I am). The other times I moved away from the table is when ive been next to nephew and I didn't want them to try and grab it and hurt themselves(especially when my nephew was 1) but there getting older now"
536,/boards/forums/stigma.54/,"rayray119 said: It's interesting because for some reason my clinic have also told me to avoid arms(it was even metoned in danffee) Click to expand... I am not sure why they are discouraging you from using arms but as a one off solution, when other sites are not accessible, then injecting in your arm has to be preferable to not injecting at all. Arms are a documented injection site although if you are very slim then it may be suggested to avoid them because you obviously can't pinch up to inject into. That said, pinching up is discouraged these days too!! I like to know a nice logical reason why I should or should not do something. Blindly following rules that don't make sense is not in my nature."
537,/boards/forums/stigma.54/,"rebrascora said: I am not sure why they are discouraging you from using arms but as a one off solution, when other sites are not accessible, then injecting in your arm has to be preferable to not injecting at all. Arms are a documented injection site although if you are very slim then it may be suggested to avoid them because you obviously can't pinch up to inject into. That said, pinching up is discouraged these days too!! I like to know a nice logical reason why I should or should not do something. Blindly following rules that don't make sense is not in my nature. Click to expand... As i said I do inject sorry if I made it sound like I was skipping injections that's not what I meant"
538,/boards/forums/stigma.54/,"rebrascora said: I am not sure why they are discouraging you from using arms but as a one off solution, when other sites are not accessible, then injecting in your arm has to be preferable to not injecting at all. Arms are a documented injection site although if you are very slim then it may be suggested to avoid them because you obviously can't pinch up to inject into. That said, pinching up is discouraged these days too!! I like to know a nice logical reason why I should or should not do something. Blindly following rules that don't make sense is not in my nature. Click to expand... The reason they gave on danfee as there genuinely not a very fatt area i think(where you can easily catch a mussld)"
539,/boards/forums/stigma.54/,"rayray119 said: The reason they gave on danfee as there genuinely not a very fatt area i think(where you can easily catch a mussld) Click to expand... But Libre is applied to the arm and the filament is no shorter than an injection needle and should not go into muscle, so I am not sure that reason stands up."
540,/boards/forums/stigma.54/,"rebrascora said: But Libre is applied to the arm and the filament is no shorter than an injection needle and should not go into muscle, so I am not sure that reason stands up. Click to expand... You need more fat to inject than for a sensor. Although, I have not been told to avoid arms, the reasons given make sense to me. It may depend upon your body shape. I certainly do not have enough fat on my arms for injecting. I need to pinch when injecting into my abdomen where I have more (but still not much) fat. But I am not double jointed so unable to pinch and inject into my arm. I don’t need to do this for a sensor. I also understand the point about the challenges injecting when wearing a dress, especially if it is quite tight and not easy to lift. Even doing it under the table, it is not easy to discretely lift such a dress."
541,/boards/forums/stigma.54/,"rebrascora said: But Libre is applied to the arm and the filament is no shorter than an injection needle and should not go into muscle, so I am not sure that reason stands up. Click to expand... Yeah that's true"
542,/boards/forums/stigma.54/,"helli said: You need more fat to inject than for a sensor. Although, I have nit been told to avoid arms, the reasons given make sense to me. It may depend upon your body shape. I certainly do not have enough fat on my arms for injecting. My upper arms are too muscular which is less of a problem for a CGM. I also understand the point about the challenges injecting when wearing a dress, especially if it is quite tight and not easy to lift. Even doing it under the table, it is not easy to discretely lift such a dress. Click to expand... I think the concern was she thought i was skipping out on injections as I might have not been clear enough"
543,/boards/forums/stigma.54/,"helli said: You need more fat to inject than for a sensor. Although, I have not been told to avoid arms, the reasons given make sense to me. It may depend upon your body shape. I certainly do not have enough fat on my arms for injecting. Click to expand... I completely agree. I used to inject mixtard-50 into my shoulder when out (when using syringes + mixing my own for normal use). Back in those days I'm sure insulin was marked as intramuscular or subcutaneous, the former has disappeared now, probably because it generates very fast absorption, but the major problem I had was that it really hurt injecting straight into muscle with a 7mm needle!"
544,/boards/forums/stigma.54/,"Matty80 said: Hello is Levemir your Night time Insulin I am a Type 1 as well,  I have NovoRapid for the Day and Tresiba Night time.  Also have the Libra and OneTouch Test Stripes. Click to expand... Hi! @rebrascora already explained but yes, Levemir is my basal insulin, so it does the same function as Tresiba does for you. It wouldn't be accurate for me to call it a ""Night time"" insulin because I take it in the morning! But I get what you mean. As Barbara mentioned, Levemir is being discontinued, so I will have it changed to a different type of insulin soon. In fact I have an appointment next week to discuss the matter. I'll certainly come to the forum for advice if I find myself struggling with the change"
545,/boards/forums/stigma.54/,"Proud to be erratic said: Understood, @Matty80 . But unless the NHS makes its software ask appropriate questions and there is standard software across all Trusts your medical summary won't change. Overall the medical summaries are usable by HCPs and make sense to them. However there are, in my opinion, bigger problems in the NHS that need resolving. Starting, perhaps, with Patient Safety during surgery. In the last 30 yrs the NHS has fallen behind other western countries for this particular aspect and the problem lies with the culture and habits of existing staff along with underfunding for refresher training and underfunding preventing staff being released for such training when it is offered. There has been great medical progress in certain areas, eg the recognition of sepsis is greatly improved, but the response and treatment less so. So the overall outcome of potential improvement can be hindered by a mental culture of narrow minded resistance. If by help from ""the correct way"" you mean from DSNs and Consultants, that is an admirable aspiration. But without a better patient/Nurse ratio along with better training for Nurses or Consultants - then your aspiration is probably not going to be achieved. Meanwhile help this week/month for your T1 management might be achieved by tapping into somewhere like this Forum or DUK central office. Shared experiences between T1s can go a long way. Reach out to Forum members you have little to lose and perhaps a lot to gain. Click to expand... Everything you say there I agree with."
546,/boards/forums/stigma.54/,Another thing I will say.  I occasionally haven't injected in public when out and about when people but that was more about what I was wearing made it impossible rather then other reasons
547,/boards/forums/stigma.54/,"rayray119 said: Another thing I will say.  I occasionally haven't injected in public when out and about when people but that was more about what I was wearing made it impossible rather then other reasons Click to expand... I find it hard to imagine a situation where I wouldn't have access to at least one site to inject in due to clothing and if it was impossible, I might consider injecting through clothing for that one very rare occasion provided it was reasonably thin. I have resorted to injecting bolus into thighs if I was wearing a long sleeved dress or arms with a short sleeve dress."
548,/boards/forums/stigma.54/,"rebrascora said: I find it hard to imagine a situation where I wouldn't have access to at least one site to inject in due to clothing and if it was impossible, I might consider injecting through clothing for that one very rare occasion provided it was reasonably thin. I have resorted to injecting bolus into thighs if I was wearing a long sleeved dress or arms with a short sleeve dress. Click to expand... It seems I would have to leeave up dress in any circumstance Which to me didn't seem appropriate epppisally when I was at a wedding(had tights as well)(just to say this isn't aurgement Just personal)"
549,/boards/forums/stigma.54/,"rayray119 said: It seems I would have to leaf up dress in any cushion. Which to me didn't seem appropriate epppisally when I was at a wedding(had tights as well)(just to say this isn't aurgement Just personal) Click to expand... I am not sure what the ""cushion"" is supposed to mean  but you can very discretely raise your hem and expose a thigh under the table and jab it and no-one be any the wiser and I would not worry about injecting through tights. Done that before. I have read of some men who regularly inject through their trousers! Not saying that is a good idea but as a one off, injecting through tights is no big deal and really just trying to offer you solutions for the future if you find yourself in that situation again. Injecting your insulin is more important than issues of etiquette in my opinion."
550,/boards/forums/stigma.54/,"rebrascora said: I find it hard to imagine a situation where I wouldn't have access to at least one site to inject in due to clothing and if it was impossible, I might consider injecting through clothing for that one very rare occasion provided it was reasonably thin. I have resorted to injecting bolus into thighs if I was wearing a long sleeved dress or arms with a short sleeve dress. Click to expand... It's interesting because for some reason my clinic have also told me to avoid arms(it was even metoned in danffee)"
551,/boards/forums/stigma.54/,"rebrascora said: I am not sure what the ""cushion"" is supposed to mean  but you can very discretely raise your hem and expose a thigh under the table and jab it and no-one be any the wiser and I would not worry about injecting through tights. Done that before. I have read of some men who regularly inject through their trousers! Not saying that is a good idea but as a one off, injecting through tights is no big deal and really just trying to offer you solutions for the future if you find yourself in that situation again. Injecting your insulin is more important than issues of etiquette in my opinion. Click to expand... I don't skip out on injections I meant ive gone somewhere else where.  Unfortunately I'm not really abble to do that without exposing myslef(i don't see as a huge problem even if might a little inconvenienct as its only a very rare occasion) most of the time I just take it out and inject where ever I am). The other times I moved away from the table is when ive been next to nephew and I didn't want them to try and grab it and hurt themselves(especially when my nephew was 1) but there getting older now"
552,/boards/forums/stigma.54/,"rayray119 said: It's interesting because for some reason my clinic have also told me to avoid arms(it was even metoned in danffee) Click to expand... I am not sure why they are discouraging you from using arms but as a one off solution, when other sites are not accessible, then injecting in your arm has to be preferable to not injecting at all. Arms are a documented injection site although if you are very slim then it may be suggested to avoid them because you obviously can't pinch up to inject into. That said, pinching up is discouraged these days too!! I like to know a nice logical reason why I should or should not do something. Blindly following rules that don't make sense is not in my nature."
553,/boards/forums/stigma.54/,"rebrascora said: I am not sure why they are discouraging you from using arms but as a one off solution, when other sites are not accessible, then injecting in your arm has to be preferable to not injecting at all. Arms are a documented injection site although if you are very slim then it may be suggested to avoid them because you obviously can't pinch up to inject into. That said, pinching up is discouraged these days too!! I like to know a nice logical reason why I should or should not do something. Blindly following rules that don't make sense is not in my nature. Click to expand... As i said I do inject sorry if I made it sound like I was skipping injections that's not what I meant"
554,/boards/forums/stigma.54/,"rebrascora said: I am not sure why they are discouraging you from using arms but as a one off solution, when other sites are not accessible, then injecting in your arm has to be preferable to not injecting at all. Arms are a documented injection site although if you are very slim then it may be suggested to avoid them because you obviously can't pinch up to inject into. That said, pinching up is discouraged these days too!! I like to know a nice logical reason why I should or should not do something. Blindly following rules that don't make sense is not in my nature. Click to expand... The reason they gave on danfee as there genuinely not a very fatt area i think(where you can easily catch a mussld)"
555,/boards/forums/stigma.54/,"rayray119 said: The reason they gave on danfee as there genuinely not a very fatt area i think(where you can easily catch a mussld) Click to expand... But Libre is applied to the arm and the filament is no shorter than an injection needle and should not go into muscle, so I am not sure that reason stands up."
556,/boards/forums/stigma.54/,"rebrascora said: But Libre is applied to the arm and the filament is no shorter than an injection needle and should not go into muscle, so I am not sure that reason stands up. Click to expand... You need more fat to inject than for a sensor. Although, I have not been told to avoid arms, the reasons given make sense to me. It may depend upon your body shape. I certainly do not have enough fat on my arms for injecting. I need to pinch when injecting into my abdomen where I have more (but still not much) fat. But I am not double jointed so unable to pinch and inject into my arm. I don’t need to do this for a sensor. I also understand the point about the challenges injecting when wearing a dress, especially if it is quite tight and not easy to lift. Even doing it under the table, it is not easy to discretely lift such a dress."
557,/boards/forums/stigma.54/,"rebrascora said: But Libre is applied to the arm and the filament is no shorter than an injection needle and should not go into muscle, so I am not sure that reason stands up. Click to expand... Yeah that's true"
558,/boards/forums/stigma.54/,"helli said: You need more fat to inject than for a sensor. Although, I have nit been told to avoid arms, the reasons given make sense to me. It may depend upon your body shape. I certainly do not have enough fat on my arms for injecting. My upper arms are too muscular which is less of a problem for a CGM. I also understand the point about the challenges injecting when wearing a dress, especially if it is quite tight and not easy to lift. Even doing it under the table, it is not easy to discretely lift such a dress. Click to expand... I think the concern was she thought i was skipping out on injections as I might have not been clear enough"
559,/boards/forums/stigma.54/,"helli said: You need more fat to inject than for a sensor. Although, I have not been told to avoid arms, the reasons given make sense to me. It may depend upon your body shape. I certainly do not have enough fat on my arms for injecting. Click to expand... I completely agree. I used to inject mixtard-50 into my shoulder when out (when using syringes + mixing my own for normal use). Back in those days I'm sure insulin was marked as intramuscular or subcutaneous, the former has disappeared now, probably because it generates very fast absorption, but the major problem I had was that it really hurt injecting straight into muscle with a 7mm needle!"
560,/boards/forums/stigma.54/,"Matty80 said: Hello is Levemir your Night time Insulin I am a Type 1 as well,  I have NovoRapid for the Day and Tresiba Night time.  Also have the Libra and OneTouch Test Stripes. Click to expand... Hi! @rebrascora already explained but yes, Levemir is my basal insulin, so it does the same function as Tresiba does for you. It wouldn't be accurate for me to call it a ""Night time"" insulin because I take it in the morning! But I get what you mean. As Barbara mentioned, Levemir is being discontinued, so I will have it changed to a different type of insulin soon. In fact I have an appointment next week to discuss the matter. I'll certainly come to the forum for advice if I find myself struggling with the change"
561,/boards/forums/stigma.54/,"Proud to be erratic said: Understood, @Matty80 . But unless the NHS makes its software ask appropriate questions and there is standard software across all Trusts your medical summary won't change. Overall the medical summaries are usable by HCPs and make sense to them. However there are, in my opinion, bigger problems in the NHS that need resolving. Starting, perhaps, with Patient Safety during surgery. In the last 30 yrs the NHS has fallen behind other western countries for this particular aspect and the problem lies with the culture and habits of existing staff along with underfunding for refresher training and underfunding preventing staff being released for such training when it is offered. There has been great medical progress in certain areas, eg the recognition of sepsis is greatly improved, but the response and treatment less so. So the overall outcome of potential improvement can be hindered by a mental culture of narrow minded resistance. If by help from ""the correct way"" you mean from DSNs and Consultants, that is an admirable aspiration. But without a better patient/Nurse ratio along with better training for Nurses or Consultants - then your aspiration is probably not going to be achieved. Meanwhile help this week/month for your T1 management might be achieved by tapping into somewhere like this Forum or DUK central office. Shared experiences between T1s can go a long way. Reach out to Forum members you have little to lose and perhaps a lot to gain. Click to expand... Everything you say there I agree with."
562,/boards/forums/stigma.54/,Another thing I will say.  I occasionally haven't injected in public when out and about when people but that was more about what I was wearing made it impossible rather then other reasons
563,/boards/forums/stigma.54/,"rayray119 said: Another thing I will say.  I occasionally haven't injected in public when out and about when people but that was more about what I was wearing made it impossible rather then other reasons Click to expand... I find it hard to imagine a situation where I wouldn't have access to at least one site to inject in due to clothing and if it was impossible, I might consider injecting through clothing for that one very rare occasion provided it was reasonably thin. I have resorted to injecting bolus into thighs if I was wearing a long sleeved dress or arms with a short sleeve dress."
564,/boards/forums/stigma.54/,"rebrascora said: I find it hard to imagine a situation where I wouldn't have access to at least one site to inject in due to clothing and if it was impossible, I might consider injecting through clothing for that one very rare occasion provided it was reasonably thin. I have resorted to injecting bolus into thighs if I was wearing a long sleeved dress or arms with a short sleeve dress. Click to expand... It seems I would have to leeave up dress in any circumstance Which to me didn't seem appropriate epppisally when I was at a wedding(had tights as well)(just to say this isn't aurgement Just personal)"
565,/boards/forums/stigma.54/,"rayray119 said: It seems I would have to leaf up dress in any cushion. Which to me didn't seem appropriate epppisally when I was at a wedding(had tights as well)(just to say this isn't aurgement Just personal) Click to expand... I am not sure what the ""cushion"" is supposed to mean  but you can very discretely raise your hem and expose a thigh under the table and jab it and no-one be any the wiser and I would not worry about injecting through tights. Done that before. I have read of some men who regularly inject through their trousers! Not saying that is a good idea but as a one off, injecting through tights is no big deal and really just trying to offer you solutions for the future if you find yourself in that situation again. Injecting your insulin is more important than issues of etiquette in my opinion."
566,/boards/forums/stigma.54/,"rebrascora said: I find it hard to imagine a situation where I wouldn't have access to at least one site to inject in due to clothing and if it was impossible, I might consider injecting through clothing for that one very rare occasion provided it was reasonably thin. I have resorted to injecting bolus into thighs if I was wearing a long sleeved dress or arms with a short sleeve dress. Click to expand... It's interesting because for some reason my clinic have also told me to avoid arms(it was even metoned in danffee)"
567,/boards/forums/stigma.54/,"rebrascora said: I am not sure what the ""cushion"" is supposed to mean  but you can very discretely raise your hem and expose a thigh under the table and jab it and no-one be any the wiser and I would not worry about injecting through tights. Done that before. I have read of some men who regularly inject through their trousers! Not saying that is a good idea but as a one off, injecting through tights is no big deal and really just trying to offer you solutions for the future if you find yourself in that situation again. Injecting your insulin is more important than issues of etiquette in my opinion. Click to expand... I don't skip out on injections I meant ive gone somewhere else where.  Unfortunately I'm not really abble to do that without exposing myslef(i don't see as a huge problem even if might a little inconvenienct as its only a very rare occasion) most of the time I just take it out and inject where ever I am). The other times I moved away from the table is when ive been next to nephew and I didn't want them to try and grab it and hurt themselves(especially when my nephew was 1) but there getting older now"
568,/boards/forums/stigma.54/,"rayray119 said: It's interesting because for some reason my clinic have also told me to avoid arms(it was even metoned in danffee) Click to expand... I am not sure why they are discouraging you from using arms but as a one off solution, when other sites are not accessible, then injecting in your arm has to be preferable to not injecting at all. Arms are a documented injection site although if you are very slim then it may be suggested to avoid them because you obviously can't pinch up to inject into. That said, pinching up is discouraged these days too!! I like to know a nice logical reason why I should or should not do something. Blindly following rules that don't make sense is not in my nature."
569,/boards/forums/stigma.54/,"rebrascora said: I am not sure why they are discouraging you from using arms but as a one off solution, when other sites are not accessible, then injecting in your arm has to be preferable to not injecting at all. Arms are a documented injection site although if you are very slim then it may be suggested to avoid them because you obviously can't pinch up to inject into. That said, pinching up is discouraged these days too!! I like to know a nice logical reason why I should or should not do something. Blindly following rules that don't make sense is not in my nature. Click to expand... As i said I do inject sorry if I made it sound like I was skipping injections that's not what I meant"
570,/boards/forums/stigma.54/,"rebrascora said: I am not sure why they are discouraging you from using arms but as a one off solution, when other sites are not accessible, then injecting in your arm has to be preferable to not injecting at all. Arms are a documented injection site although if you are very slim then it may be suggested to avoid them because you obviously can't pinch up to inject into. That said, pinching up is discouraged these days too!! I like to know a nice logical reason why I should or should not do something. Blindly following rules that don't make sense is not in my nature. Click to expand... The reason they gave on danfee as there genuinely not a very fatt area i think(where you can easily catch a mussld)"
571,/boards/forums/stigma.54/,"rayray119 said: The reason they gave on danfee as there genuinely not a very fatt area i think(where you can easily catch a mussld) Click to expand... But Libre is applied to the arm and the filament is no shorter than an injection needle and should not go into muscle, so I am not sure that reason stands up."
572,/boards/forums/stigma.54/,"rebrascora said: But Libre is applied to the arm and the filament is no shorter than an injection needle and should not go into muscle, so I am not sure that reason stands up. Click to expand... You need more fat to inject than for a sensor. Although, I have not been told to avoid arms, the reasons given make sense to me. It may depend upon your body shape. I certainly do not have enough fat on my arms for injecting. I need to pinch when injecting into my abdomen where I have more (but still not much) fat. But I am not double jointed so unable to pinch and inject into my arm. I don’t need to do this for a sensor. I also understand the point about the challenges injecting when wearing a dress, especially if it is quite tight and not easy to lift. Even doing it under the table, it is not easy to discretely lift such a dress."
573,/boards/forums/stigma.54/,"rebrascora said: But Libre is applied to the arm and the filament is no shorter than an injection needle and should not go into muscle, so I am not sure that reason stands up. Click to expand... Yeah that's true"
574,/boards/forums/stigma.54/,"helli said: You need more fat to inject than for a sensor. Although, I have nit been told to avoid arms, the reasons given make sense to me. It may depend upon your body shape. I certainly do not have enough fat on my arms for injecting. My upper arms are too muscular which is less of a problem for a CGM. I also understand the point about the challenges injecting when wearing a dress, especially if it is quite tight and not easy to lift. Even doing it under the table, it is not easy to discretely lift such a dress. Click to expand... I think the concern was she thought i was skipping out on injections as I might have not been clear enough"
575,/boards/forums/stigma.54/,"helli said: You need more fat to inject than for a sensor. Although, I have not been told to avoid arms, the reasons given make sense to me. It may depend upon your body shape. I certainly do not have enough fat on my arms for injecting. Click to expand... I completely agree. I used to inject mixtard-50 into my shoulder when out (when using syringes + mixing my own for normal use). Back in those days I'm sure insulin was marked as intramuscular or subcutaneous, the former has disappeared now, probably because it generates very fast absorption, but the major problem I had was that it really hurt injecting straight into muscle with a 7mm needle!"
576,/boards/forums/general-message-board.2/,"The mods, hosts and DUK staff have been discussing AI recently. And how it fits into the ethos of the forum. The forum is a space for peer support, the sharing of lived human experiences, and encouragement. However we recognise that AI can be helpful for some members for a number of reasons - perhaps particularly those with neurodiversity or langauge difficulties, or to summarise a long document. Consequently an outright ban on use of AI does not seem appropriate. However AI-generated posts can feel cold and impersonal, lack the authenticity of lived experience, and are prone to factual errors. As a result a new user guideline has been added (please do check the user guidelines), requiring that members clearly identify posts which have been written with the assistance (or entirely) by AI. Our recommendation is to use AI as sparingly as possible to keep the human-interaction of the forum paramount. ALL AI generated posts must now be clearly identified. For example: “I asked [AI engine] for a summary of [prompt], and this was the result: [AI generated text] ” Or “[Paste of AI Text in italics]” AI Generated Important Note: Posts which are or appear to be AI Generated which are not clearly marked as such may be deleted or quarantined. Consistent violations of forum rules may lead to your user account being limited or banned - see forum rules for details. Thanks for your cooperation in keeping the forum a friendly, supportive, and above all human-centred place."
577,/boards/forums/general-message-board.2/,"Whatever next, never thought peeps would copy & paste from A1. There was a fellow student at Uni who would just copy work from a book knowing very well that plagiarism, if caught would get you kicked off course, annoyingly he never did."
578,/boards/forums/general-message-board.2/,"nonethewiser said: Whatever next, never thought peeps would copy & paste from A1 Click to expand... And what is more, without fact checking it. I was struck by something someone had put on this forum the other day, can’t remember what now, and Googled it. There was the full quote they had posted, in the AI summary at the top, including the bit I thought was incorrect. I visited half a dozen of the sites that Google threw up, and found several reputable ones that didn’t mention this claim at all, then about the 5th hit, there was an unsupported claim by an unqualified nutritionist on their website selling their services, and this is what AI had lifted for the overview."
579,/boards/forums/general-message-board.2/,"Robin said: And what is more, without fact checking it. I was struck by something someone had put on this forum the other day, can’t remember what now, and Googled it. There was the full quote they had posted, in the AI summary at the top, including the bit I thought was incorrect. I visited half a dozen of the sites that Google threw up, and found several reputable ones that didn’t mention this claim at all, then about the 5th hit, there was an unsupported claim by an unqualified nutritionist on their website selling their services, and this is what AI had lifted for the overview. Click to expand... And therein lies one of the problems @Robin .  It will not be long before the clever bods work out how to ensure that their sites get higher ratings when it comes to LLM summaries and commercial interests will dictate the answer to a question rather than accurate appraisal. Like every technological advance you have got to learn how to live with it."
580,/boards/forums/general-message-board.2/,"After my recent TIA last year, there were several ECGs taken. The one done in Hospital immediately before I saw the follow-up Consultant (the next day) had some AI generated interpretations written in. Including that I had Atrial Fibulation (AF). I expressed mild surprise, the Consultant (to his credit) looked further and after a few minutes decided this was incorrect; I did not have AF. However that printout saying I did, is now in my records and the Consultant's written report doesn't mention or correct this anomaly. It seems there is no clear mechanism, nor Consultant time, to get this AI generated remark retrospectively corrected."
581,/boards/forums/general-message-board.2/,"Robin said: And what is more, without fact checking it. I was struck by something someone had put on this forum the other day, can’t remember what now, and Googled it. There was the full quote they had posted, in the AI summary at the top, including the bit I thought was incorrect. I visited half a dozen of the sites that Google threw up, and found several reputable ones that didn’t mention this claim at all, then about the 5th hit, there was an unsupported claim by an unqualified nutritionist on their website selling their services, and this is what AI had lifted for the overview. Click to expand... That is frightening,that AI had used some unqualified source."
582,/boards/forums/general-message-board.2/,"nonethewiser said: That is frightening,that AI had used some unqualified source. Click to expand... I remembered what it was now, it was the allegation that all ‘Greek Style’ yogurt contains thickener, which is not the case. Not a big deal…unless you’re a British farmer and people start eating protected status Greek yogurt which is sent across Europe in a refrigerated lorry rather than locally produced milk, because of it."
583,/boards/forums/general-message-board.2/,"Robin said: I remembered what it was now, it was the allegation that all ‘Greek Style’ yogurt contains thickener, which is not the case. Not a big deal…unless you’re a British farmer and people start eating protected status Greek yogurt which is sent across Europe in a refrigerated lorry rather than locally produced milk, because of it. Click to expand... I've only ever come across one Greek Style that contains anything other than milk and live cultures and that's the plant-based Alpro one, ie Water Hulled soya beans (15.7%) Sugar Stabiliser (Pectins) Calcium (Tri-calcium citrate) Acidity regulators (Sodium citrates, Citric acid) Sea salt Natural flavouring, Antioxidants (Tocopherol-rich extract, Fatty acid esters of ascorbic acid) Vitamins B6 B12 D2 Live cultures (S. thermophilus, L. bulgaricus). I think that would class it as UPF."
584,/boards/forums/general-message-board.2/,"everydayupsanddowns said: However AI-generated posts can feel cold and impersonal, lack the authenticity of lived experience, and are prone to factual errors. As a result a new user guideline has been added (please do check the user guidelines), requiring that members clearly identify posts which have been written with the assistance (or entirely) by AI. Click to expand... Suggestion in bold: 2.4.12: Post AI created posts or summaries without clearly acknowledging the content is AI generated/supported at the end of their post, and stating how it relates to their experience/knowledge . ... or wording to that effect?"
585,/boards/forums/general-message-board.2/,"nonethewiser said: There was a fellow student at Uni who would just copy work from a book knowing very well that plagiarism, if caught would get you kicked off course, annoyingly he never did. Click to expand... My wife is a lecturer with the OU and she now has a tool that reviews all essays to see what level of plagiarism it might contain. In the main it is pretty low but you do get the odd one which is quite material. AI is not the only source that people use on the web, some sites sell essays from the last year of the course she teaches or worse students share their essays to help others. Being an educator is slowly turning into a nightmare. And my wife is has also been given training to spot the AI written essays. Normally these are easy, question requires student to reference course material, AI references everything but the course material."
586,/boards/forums/general-message-board.2/,"JimmyBlue said: My wife is a lecturer with the OU and she now has a tool that reviews all essays to see what level of plagiarism it might contain. In the main it is pretty low but you do get the odd one which is quite material. AI is not the only source that people use on the web, some sites sell essays from the last year of the course she teaches or worse students share their essays to help others. Being an educator is slowly turning into a nightmare. And my wife is has also been given training to spot the AI written essays. Normally these are easy, question requires student to reference course material, AI references everything but the course material. Click to expand... Universities have for a long time used plagiarism detection for submitted work but a dead give away was when people had made the same spelling mistakes. We had a case where someone swore blind they had not plagiarised from someone else but true enough they hadn't but they had from someone else who had done it from the the other person. The problem was in some cultures it was considered respectful to quote authoritative work."
587,/boards/forums/general-message-board.2/,"Leadinglights said: a dead give away was when people had made the same spelling mistakes. Click to expand... I believe OS maps used to do something like this to be able to prove when their maps were copied. They would deliberately include an error like a spelling mistake or mark an imaginary Boundary Post in a random location. (I say ""I believe"" because I don't know whether that is true or just a piece of folklore that was passed down through the generations.)"
588,/boards/forums/general-message-board.2/,"helli said: I believe OS maps used to do something like this to be able to prove when their maps were copied. They would deliberately include an error like a spelling mistake or mark an imaginary Boundary Post in a random location. (I say ""I believe"" because I don't know whether that is true or just a piece of folklore that was passed down through the generations.) Click to expand... It is true. The usual indicator is something unimportant, such as a small lane beside a pub named the white swan being labelled as White lane rather than Swan lane. My OU degree is from the 1970s, and I think I can put hand on heart and swear that it contains zero plagiarised materials."
589,/boards/forums/general-message-board.2/,I believe that certain sensitive documents shared amongst government audiences are also treated to a similar process to allow them to track leaks.
590,/boards/forums/general-message-board.2/,"JimmyBlue said: My wife is a lecturer with the OU and she now has a tool that reviews all essays to see what level of plagiarism it might contain. In the main it is pretty low but you do get the odd one which is quite material. AI is not the only source that people use on the web, some sites sell essays from the last year of the course she teaches or worse students share their essays to help others. Being an educator is slowly turning into a nightmare. And my wife is has also been given training to spot the AI written essays. Normally these are easy, question requires student to reference course material, AI references everything but the course material. Click to expand... Many uni courses now & even back then use continuous assessment much like OU do over a final written exam on site in combination with continuous assessment. In a classroom setting its hard to plagiarise work when your overseen by invigilators thats for sure."
591,/boards/forums/general-message-board.2/,"Proud to be erratic said: After my recent TIA last year, there were several ECGs taken. The one done in Hospital immediately before I saw the follow-up Consultant (the next day) had some AI generated interpretations written in. Including that I had Atrial Fibulation (AF). I expressed mild surprise, the Consultant (to his credit) looked further and after a few minutes decided this was incorrect; I did not have AF. However that printout saying I did, is now in my records and the Consultant's written report doesn't mention or correct this anomaly. It seems there is no clear mechanism, nor Consultant time, to get this AI generated remark retrospectively corrected. Click to expand... You can invoke your Data Protection rights to get that corrected. This link might be of assistance."
592,/boards/forums/general-message-board.2/,"nonethewiser said: That is frightening,that AI had used some unqualified source. Click to expand... That’s what AI does. It doesn’t ‘think’, it just trawls the internet for, basically, what lots of people say. It doesn’t matter if it’s true or not. It also mixes up conditions (eg diabetes types) and conflates information. Some people seem to see it as some divine information provider, but it’s only as good as the information it trawls and is quite happy to post inaccuracies because it’s not sentient, doesn’t actually know and doesn’t care."
593,/boards/forums/general-message-board.2/,"JITR said: Suggestion in bold: 2.4.12: Post AI created posts or summaries without clearly acknowledging the content is AI generated/supported at the end of their post, and stating how it relates to their experience/knowledge . ... or wording to that effect? Click to expand... Thanks for the suggestion @JITR . I'm happy to update the user guideline with this."
594,/boards/forums/general-message-board.2/,"Inka said: That’s what AI does. It doesn’t ‘think’, it just trawls the internet for, basically, what lots of people say. It doesn’t matter if it’s true or not. It also mixes up conditions (eg diabetes types) and conflates information. Some people seem to see it as some divine information provider, but it’s only as good as the information it trawls and is quite happy to post inaccuracies because it’s not sentient, doesn’t actually know and doesn’t care. Click to expand... This is why the way the user prompt is structured is crucial.  It has to set a clear context and objective, tell the AI what position it is expected to take, and what constraints and conditions are required on the output.  It has to do all of that using precise and unambiguous language. Even then there should always be a subject knowledgeable human checking the output for inconsistences, errors, and 'hallucination'.  There should always be transparency about the use of the technology as well. It's a marvellous technology and extremely useful if it's used properly and you understand the limitations."
595,/boards/forums/general-message-board.2/,"When some new technology is developed people are often suspicious, AI will revolutionise medical diagnosis and will greatly benefit diabetics such as analysing CGM data. If it's used intelligently, asking questions, looking at academic sources rather than blind copy and paste it is a great tool."
596,/boards/forums/general-message-board.2/,"Hardly the same Marc7/MarcR. Internet banking is different from AI. People don’t distrust AI because it’s new, but because it can be inaccurate."
597,/boards/forums/general-message-board.2/,"Inka said: Hardly the same Marc7/MarcR. Internet banking is different from AI. People don’t distrust AI because it’s new, but because it can be inaccurate. Click to expand... True but the way I use it is to ask questions, verify, check sources, compare answers etc. I don't just accept everything it says blindly."
598,/boards/forums/general-message-board.2/,"@Marc7 you appear to be trying to be a good user of AI and everything you are doing is a good idea, unfortunately AI can still have issues, for example providing a relevant reference which unfortunately is out of date. I also recently watched a TED talk as part of free OU AI introduction that is available on the OpenLearn website. The speaker described how having referenced thousands of ice cream flavours, an AI was asked to come up with some new ones. Unfortunately, the AI came up with things like Trashback and Mint Slime which appear rather unappetising. When we as individuals use AI we need to go beyond telling AI to do x where x is the goal and to actually specify the method to achieve x (i.e. the parameters and constraints that the AI must comply with in order to deliver x). And that is my issue with generative AI, which is the most prevalent, a lot of people who use it are regrettably lazy and fail to do the hard work get the right result. As for medical AI, well at the start of this thread I believe that Proud to be Erratic highlighted that AI had called out his arterial fibulation issue, which he doesn't actually have. AI will get better in time and the biases and issues that beset it today will hopefully be addressed to remove them and improve the accuracy along with more education for those that use it to stop being lazy and actually give it appropriate responses."
599,/boards/forums/general-message-board.2/,"Inka said: People don’t distrust AI because it’s new, but because it can be inaccurate. Click to expand... Worse, they're tuned to be confident and to sound helpful. We've created these machines from vast amounts of language (so they can produce language very much like ours) and tuned them to be good improv-engines. It's possible to prompt them to be critical (when that's what you want) but the default is they're going to agree with you and add something, continuing the improvised story. Even when they should often be telling you you're starting wrong."
600,/boards/forums/general-message-board.2/,"JimmyBlue said: @Marc7 you appear to be trying to be a good user of AI and everything you are doing is a good idea, unfortunately AI can still have issues, for example providing a relevant reference which unfortunately is out of date. I also recently watched a TED talk as part of free OU AI introduction that is available on the OpenLearn website. The speaker described how having referenced thousands of ice cream flavours, an AI was asked to come up with some new ones. Unfortunately, the AI came up with things like Trashback and Mint Slime which appear rather unappetising. When we as individuals use AI we need to go beyond telling AI to do x where x is the goal and to actually specify the method to achieve x (i.e. the parameters and constraints that the AI must comply with in order to deliver x). And that is my issue with generative AI, which is the most prevalent, a lot of people who use it are regrettably lazy and fail to do the hard work get the right result. As for medical AI, well at the start of this thread I believe that Proud to be Erratic highlighted that AI had called out his arterial fibulation issue, which he doesn't actually have. AI will get better in time and the biases and issues that beset it today will hopefully be addressed to remove them and improve the accuracy along with more education for those that use it to stop being lazy and actually give it appropriate responses. Click to expand... AI isn't really that good at general intelligence, where it excels it taking large data sets and finding patterns that a human being would miss or take too long to find. If there was a large data set of anonymous patients with diabetes with their consent, their CGM data, what complications they had, type of diabetes etc. it could learn from that and spot patterns and when a new user uploaded their CGM data help with diagnosis or provide useful insights. Where AI makes mistakes, it's usually more to do with a poor data set, or asking it to do something it's not really good at."
601,/boards/forums/general-message-board.2/,"Marc7 said: True but the way I use it is to ask questions, verify, check sources, compare answers etc. I don't just accept everything it says blindly. Click to expand... Which is great, but it’s still best to give a personal response even if that reply contains less facts. Anyone can Google, but a forum is a place where people seek input, experience and empathy from people not AI."
602,/boards/forums/general-message-board.2/,"Marc7 said: AI isn't really that good at general intelligence, where it excels it taking large data sets and finding patterns that a human being would miss or take too long to find. If there was a large data set of anonymous patients with diabetes with their consent, their CGM data, what complications they had, type of diabetes etc. it could learn from that and spot patterns and when a new user uploaded their CGM data help with diagnosis or provide useful insights. Where AI makes mistakes, it's usually more to do with a poor data set, or asking it to do something it's not really good at. Click to expand... AI has its uses but is no substitute for lived experiences good or bad from people who have diabetes.  I can interrogate Google and other internet sources for information. I choose to use this forum as a far better resource for advice, information and support.  It has not let me down. I value the input of all those members who have kindly given their time and encouragement to manage my diabetes as best as I can."
603,/boards/forums/general-message-board.2/,"There is a misnomer that Artificial Intelligence is ... intelligent. It isn't. It is just good at parsing lots of data quickly but has no idea whether this data is accurate, correct or helpful. All data is the same unless you give it some pointers in the prompt. And, even then, it can ""hallucinate"" (make things up). I have seen AI tell me 1+1 = 3"
604,/boards/forums/general-message-board.2/,"My experience of AI, namely the ""helpful"" AI suggestion one now gets at the top of a Google search, is that the blurb that is produced contains portions that are correct, but only when not combined with other portions. The statements that the AI tool makes may be true individually for certain cases, but when joined together without context are simply not correct and often completely wrong. It can sometime turn up an interesting paper to have a look at if you look at the sources it has tried to combine, but that's about the only use I find. I find this is the case both for day job Mechanical Engineering queries but also for biochem related to diabetes. YMMV, but I don't trust the answers at all without reading the sources."
605,/boards/forums/general-message-board.2/,"I think we need to be careful about assuming what experience people have. Someone members may come to the forum who does not want to share what type of diabetes or medication they are on, or they may support someone with diabetes and not wish to reveal their medical details. While some people are happy to share their experiences not everyone may wish to do that. I understand that certain parts of the forum are there primarily to support people and to share experiences, but at the same time I don't think we should stop discussion of important topics and there are others who may want to discuss topics, so perhaps there should be a section of the forum such as the news section where people can discuss something they have read, a publication, report, something from AI, even from a theoretical perspective. If I limit myself to discussions about remission I would not be able to participate in 99.9% of the conversations in the forum. So I don't think we should prevent people from discussion based on their diabetes status or assumptions about what experiences they have or don't have. Member's shouldn't be excluded from discussion based on their diabetes status. I don't think its healthy if we divide up into groups type A only discusses with type A and type B only discussed with type B etc. Shouldn't we all be one group of diabetics free to discuss with one another?"
606,/boards/forums/general-message-board.2/,"Martin.A said: I've only ever come across one Greek Style that contains anything other than milk and live cultures and that's the plant-based Alpro one, ie Water Hulled soya beans (15.7%) Sugar Stabiliser (Pectins) Calcium (Tri-calcium citrate) Acidity regulators (Sodium citrates, Citric acid) Sea salt Natural flavouring, Antioxidants (Tocopherol-rich extract, Fatty acid esters of ascorbic acid) Vitamins B6 B12 D2 Live cultures (S. thermophilus, L. bulgaricus). I think that would class it as UPF Click to expand... I wonder if it takes this info from US sites."
607,/boards/forums/general-message-board.2/,"As a life long hardened cynic, I never take anything as read. I do my own research, for important things, but even that’s not as easy as it was. I’m not a lover of AI I must admit, I said right at the start it would end in tears!"
608,/boards/forums/general-message-board.2/,"nonethewiser said: That is frightening,that AI had used some unqualified source. Click to expand... this is the rule rather than the exception, I've used AI to research health and nutrition topics and that happened a lot. I would never use it for things I'm not familiar with and I can't tell when it's making things up. Sometimes it uses random blogs instead of official sources, or uses information from the US that doesn't apply to the UK."
609,/boards/forums/general-message-board.2/,"medidia said: this is the rule rather than the exception, I've used AI to research health and nutrition topics and that happened a lot. I would never use it for things I'm not familiar with and I can't tell when it's making things up. Sometimes it uses random blogs instead of official sources, or uses information from the US that doesn't apply to the UK. Click to expand... But Google searches can also be biased and you can't always trust the content to be accurate. It's wise to double check anything online, as results can be biased."
610,/boards/forums/general-message-board.2/,medidia said: I wonder if it takes this info from US sites. Click to expand... I took it from Alpro's own website:- GREEK - Greek style Plain (400g) Get creative in the kitchen with Alpro Greek Style; our plant-based alternative to yogurt. www.alpro.com
611,/boards/forums/general-message-board.2/,"Marc7 said: If I limit myself to discussions about remission I would not be able to participate in 99.9% of the conversations in the forum. Click to expand... You have a wealth of experience that you could pass on to others. You were in the diabetic range and managed to get into remission, not an easy thing to do. Having got into remission, you have managed to stay there, again, not an easy thing to do We have lots of new members who join the forum who are T2 and are scared, worried and don't know what to do, you have the lived experience of gaining remission and staying there and could impart personal knowledge to help some of our new memebrs. Alan"
612,/boards/forums/general-message-board.2/,"LLM searches are very good when there is one or more exact answers to the question being asked.  They have been invaluable in my amateur forays into writing software, providing code with correct syntax that actually works even if the procedures used might be different. They get to be more of a problem when fuzzy questions are asked on fuzzy topics.  One answer you will never get from an LLM is ..... dunno."
613,/boards/forums/general-message-board.2/,"Marc7 said: If I limit myself to discussions about remission I would not be able to participate in 99.9% of the conversations in the forum. So I don't think we should prevent people from discussion based on their diabetes status or assumptions about what experiences they have or don't have Click to expand... Nobody wants to see a siloed or fragmented forum with everyone limited to their own niche ‘Type’ but there’s a difference in personal and friendly comments, and something like, to take an extreme example, if I were to ask ‘does anybody find when they inject that x happens?’ I don’t want an AI generated reply about injection technique from someone who’s never injected in their life."
614,/boards/forums/general-message-board.2/,"Robin said: Nobody wants to see a siloed or fragmented forum with everyone limited to their own niche ‘Type’ but there’s a difference in personal and friendly comments, and something like, to take an extreme example, if I were to ask ‘does anybody find when they inject that x happens?’ I don’t want an AI generated reply about injection technique from someone who’s never injected in their life. Click to expand... That's fair enough. When I read Dr Bernstein's book there was an interesting section on painless injections. I didn't mention that, but then my mother takes insulin. I mentioned to her about his ideas about doing finger pick tests on the back of the finger. I've not tried it myself but found it interesting. How can you be sure someone has never injected or doesn't support someone who does?"
615,/boards/forums/general-message-board.2/,"Marc7 said: How can you be sure someone has never injected or doesn't support someone who does? Click to expand... Because their reply would probably be a bit more personal and friendly. I also think there’s a difference in giving a reference for a book that someone might not have come across and might want to research for themselves with a ‘I read this, I don’t know what you think about it’  and copy and pasting an AI summary they Googled that at worst might not be correct, or at best is probably a mish mash from various sources, none of which are referenced."
616,/boards/forums/general-message-board.2/,"Marc7 said: This article (got info from CoPilot), clearly says they use AI pre-trained algorithms and CGM data to offer critical predictions about BG: Roche receives CE Mark for its AI-enabled continuous glucose monitoring solution offering critical predictions to people living with diabetes The Accu-Chek® SmartGuide CGM solution provides 14 days of accurate1 real-time glucose values for adults living with type 1 and type 2 diabetes on flexible insulin therapy.The built-in AI-trained... www.roche.com Click to expand... Try thinking for yourself and doing actual research (not a couple of YouTube videos or Social Media articles) on the subject rather than running everything through an LLM.  You're allowing a basically flawed system to do your thinking for you without, as far as I can see from your responses, applying any of the checks and balances necessary to get real value out of the LLM. Whatever happened to critical thinking skills?"
617,/boards/forums/general-message-board.2/,"Robin said: I hope there isn’t a finite stock of facepalm emojis, I think this thread might use up more than its fair share. Click to expand... Nope, your fine, we have ordered plenty of them just to be on the safe side"
618,/boards/forums/general-message-board.2/,"Islander said: Whatever happened to critical thinking skills? Click to expand... I don't see the problem of using AI and then critically evaluating it's responses. The highest level of academic study involves reading everything written on a subject and then coming up with something new, AI is good at gathering source materials. There may be materials it doesn't know about, but for the one's it does it could save a lot of time searching for them. Why spend days or maybe months searching for articles on a subject if the AI can find them in minutes?"
619,/boards/forums/general-message-board.2/,"Marc7 said: I don't see the problem of using AI and then critically evaluating it's responses. The highest level of academic study involves reading everything written on a subject and then coming up with something new, AI is good at gathering source materials. There may be materials it doesn't know about, but for the one's it does it could save a lot of time searching for them. Why spend days or maybe months searching for articles on a subject if the AI can find them in minutes? Click to expand..."
620,/boards/forums/general-message-board.2/,"Marc7 said: Why spend days or maybe months searching for articles on a subject if the AI can find them in minutes? Click to expand... I am just going to gently suggest that perhaps it’s because AI is often confidently and persuasively wrong (as we have found on the forum). And unless you really probe into the answers it offers you, you can end up chasing its hallucinations. I think it’s worth restating at this point from the beginning of this thread: Our recommendation is to use AI as sparingly as possible to keep the human-interaction of the forum paramount."
621,/boards/forums/general-message-board.2/,"Marc7 said: AI pre-trained algorithms and CGM data Click to expand... The device uses the feedback from its sampling of glucose levels for that specific user and other available information and there is no description of this other information. The app then uses this information in its algorithms that have been pre-trained to identify certain patterns but there is no information on what data was used for that training. Finally, the device is for a subset of diabetics i.e. 18 and over using flexible insulin. This rules out people like me who don't use insulin or those on a fixed insulin regime (not sure how common that type of regime is). What Roche has not said is whether they did their clinical testing on women, pregnant women, people over 70, people who have no or little mobility, people who are morbidly obese, etc. without knowing this, there are potential risks for some users of the Roche device. Looking through available studies, I found one from the European Journal of Cardio Vascular Medicine . Whilst overall supportive of the use of predictive AI based on Machine Learning, the final paragraph of the Discussion section does make interesting reading, not least because it highlights the issues around the studies that arise when testing these types of machine learning algorithms."
622,/boards/forums/general-message-board.2/,"everydayupsanddowns said: I am just going to gently suggest that perhaps it’s because AI is often confidently and persuasively wrong (as we have found on the forum). And unless you really probe into the answers it offers you, you can end up chasing its hallucinations. I think it’s worth restating at this point from the beginning of this thread: Our recommendation is to use AI as sparingly as possible to keep the human-interaction of the forum paramount. Click to expand... That's a fair point, that people come to the forum for human interactions. Although I would say, humans suffer from hallucinations too in their own way, and the AI learned it from us. The way the war is going in Iran is an example of human hallucinations"
623,/boards/forums/general-message-board.2/,"I think if an LLM had been consulted on whether to go to war with Iran it would have been more cautious and advised against it. One thing I have learned in life is it's good to listen to what others say and take counsel before making a decision, even if you decide to reject that advice. There is a verse in the Bible that says there is safety in a multitude of counsellors. Although AI makes mistakes and needs to be taken with caution, it may improve a decision made by a human being in some circumstances."
624,/boards/forums/general-message-board.2/,"nonethewiser said: That is frightening,that AI had used some unqualified source. Click to expand... Humans in the mainstream news have been doing this for a long, long time. They print a main page, well read, large viewer base story (knowing it's misleading - typically political bias) to their audiences, then a week or a month later print (if we are lucky) a correction in the small unread print. Mission and message already accomplished."
625,/boards/forums/general-message-board.2/,"These are my three thoughts on AI. 1. As with digital and virtual things, they take human interaction and relationships out of the picture. Texting, online gaming, emailing, teams meetings, staying in, shopping online, ordering food online. Digital reduces the possibility of face to face human interaction. Humans are social creatures and it's how societies had been built, how quality relationships, friendships, love, family, community spirit are formed. 2. As with digital and virtual things, they are virtual and not actual. Whether one is religious or not, they take one away from God (or whatever term you use to describe the present and absolute reality). It has been established in quantum science that every living thing is connected across the vastness of space. AI is not living and thus we are not consciously connected to it. Every minute spent on AI is a minute away from the present and your connection to the real world(s). 3. I don't want to be treated by an AI trained professional. I want the real thing, lived experience, someone who read the whole book, not an AI summary of vast texts. Someone who has read the whole book in an informed way using their own discernment, critical thinking and experience. Generally I think, AI/digital/virtual is bad for mankind, bad for mental health and bad for relationships."
626,/boards/forums/general-message-board.2/,"Amity Island said: I want the real thing, lived experience, someone who read the whole book, not an AI summary of vast texts. Someone who has read the whole book in an informed way using their own discernment, critical thinking and experience. Click to expand... So do I. When it comes to T2 few GPs and practice nurses have read the ""whole book"". It's an impossible task for them to keep up to date with the explosion in knowledge about all the diseases they have to diagnose and treat. The books they (and their patients) need summarising the current state of the art on he have not been written. In my case the twin diagnoses were spot on, T2 (HbA1c >100) and Hemochromatosis (Ferritin >1000). The T2 treatment, take Metformin for the rest of your life, was not. My GP and her colleagues knew nothing about remission. Fortunately, Professor Roy Taylor and his team at at Newcastle University had rewritten the book on T2 based on the results of their Counterpoint study in c.2008. They published several papers in scientific journals and Roy Taylor wrote Life without Diabetes Type 2 for the wider audience. I read both. My GP had sensibly arranged an ultrasound scan to see if excessive levels of iron due to hemochromatosis had damaged my liver. The radiologist did not detect any damage but said I had a fatty liver, adding ""treat it by diet"". I knew exactly what she meant as that was the point of the Newcastle research: would eliminating excess fat in the liver and pancreas lead to T2 remission? It did in the majority of cases. All the experts on the DUK funding panel thought Roy Taylor's proposal  for the Counterpoint study was far fetched. Presumably they had ""lived experience"" and had read the ""whole book (2005 edition)"". They agreed to fund the study only when one of them pointed out the far reaching consequences if Roy Taylor's ideas proved correct. A decade later in 2022 the possibility of achieving remission by diet and exercise had not percolated through to our surgery. This forum indicates there is still a long way to go."
627,/boards/forums/general-message-board.2/,"JITR said: So do I. When it comes to T2 few GPs and practice nurses have read the ""whole book"". It's an impossible task for them to keep up to date with the explosion in knowledge about all the diseases they have to diagnose and treat. The books they (and their patients) need summarising the current state of the art on he have not been written. In my case the twin diagnoses were spot on, T2 (HbA1c >100) and Hemochromatosis (Ferritin >1000). The T2 treatment, take Metformin for the rest of your life, was not. My GP and her colleagues knew nothing about remission. Fortunately, Professor Roy Taylor and his team at at Newcastle University had rewritten the  on T2 based on the results of their Counterpoint study in c.2008. They published several papers in scientific journals and Roy Taylor wrote Life without Diabetes Type 2 for the wider audience. I read both. My GP had sensibly arranged an ultrasound scan to see if excessive levels of iron due to hemochromatosis had damaged my liver. The radiologist did not detect any damage but said I had a fatty liver, adding ""treat it by diet"". I knew exactly what she meant as that was the point of the Newcastle research: would eliminating excess fat in the liver and pancreas lead to T2 remission? It did in the majority of cases. All the experts on the DUK funding panel thought Roy Taylor's proposal  for the Counterpoint study was far fetched. Presumably they had ""lived experience"" and had read the ""whole book (2005 edition)"". They agreed to fund the study only when one of them pointed out the far reaching consequences if Roy Taylor's ideas proved correct. A decade later in 2022 the possibility of achieving remission by diet and exercise had not percolated through to our surgery. This forum indicates there is still a long way to go. Click to expand... Hi, After speaking to a number of students recently, by their own admission, they said they have learnt almost nothing at college/university. They don't read anymore (or very very little). They have been literally putting in an assignment question and letting the AI write the answer. This is then put through an un AI app which removes traces of AI ready for submission. This is what I mean by wanting professionals who read the text books. I agree on the incredibly slow adoption of new evidence and findings, this is the result of the inherent human condition. People don't like change nor do they like to be told anything no matter how well founded or truthful the advice may be. I was so grateful when the libre became available, it removed lots of heated arguments, denial by the professionals."
628,/boards/forums/general-message-board.2/,I came across this article about how AI has been used for diabetic retinopathy screening in Thailand and India where there is a shortage of specialists: How AI is making eyesight-saving care more accessible in resource-constrained settings Here’s how our AI model for diabetic retinopathy screening can help improve health outcomes for millions across India and Thailand. blog.google
629,/boards/forums/general-message-board.2/,I'd feel more comfortable to read how medical authorities in India or Thailand had adopted the use of AI to improve their patient outcomes and this was supported by clinical evidence of successful outcomes after a sensible period of time. Reading a Google research paper doesn't fill me with immediate trust. Google is not in business for philanthropic reasons.
630,/boards/forums/general-message-board.2/,"Marc7 said: I came across this article about how AI has been used for diabetic retinopathy screening in Thailand and India where there is a shortage of specialists: How AI is making eyesight-saving care more accessible in resource-constrained settings Here’s how our AI model for diabetic retinopathy screening can help improve health outcomes for millions across India and Thailand. blog.google Click to expand... Sadly there's no journal paper I could see, but I do think AI (which may simply take the form of an algorithm, all the way up to a feature selection neural net) is useful for tasks that require the analysis of e.g. image or numerical data. This is chiefly because they can be trained on known datasets. Sadly, this is not the case with generative AI which is very non-specifically trained on the content of the web. If there were generative AI models trained purely on peer-reviewed medical journal content (for example), I'd be more interested in hearing what they have to say, but with the continual caveat that I'd still need to read the paper in question as words are potentially much more ambiguous than e.g. image data (for say retinopathy or breast cancer, etc.)"
631,/boards/forums/general-message-board.2/,"SimonP said: Sadly there's no journal paper I could see, but I do think AI (which may simply take the form of an algorithm, all the way up to a feature selection neural net) is useful for tasks that require the analysis of e.g. image or numerical data. This is chiefly because they can be trained on known datasets. Sadly, this is not the case with generative AI which is very non-specifically trained on the content of the web. If there were generative AI models trained purely on peer-reviewed medical journal content (for example), I'd be more interested in hearing what they have to say, but with the continual caveat that I'd still need to read the paper in question as words are potentially much more ambiguous than e.g. image data (for say retinopathy or breast cancer, etc.) Click to expand... I asked CoPilot and it said there have been peer reviewed studies done on Google Diabetic Retinopathy AI system such as: https://jamanetwork.com/journals/jama/fullarticle/2588763"
632,/boards/forums/general-message-board.2/,"Marc7 said: I asked CoPilot and it said there have been peer reviewed studies done on Google Diabetic Retinopathy AI system such as: https://jamanetwork.com/journals/jama/fullarticle/2588763 Click to expand... Indeed, and I'm not arguing that it's not an effective process for this usecase (though I've not read the literature). The issue, to my mind, is that it wasn't in the initial post which is the important thing when pointing to the effectiveness of some method or other."
633,/boards/forums/general-message-board.2/,"A few years ago, the guy who took my retinal scans managed the team who reviewed the results. I found this out by asking him what happened with the scans. He explained that, in England, the scans were manually checked by his team looking for abnormalities. I expressed surprise there was no computer algorithm that could do this. And, apparently there was and it was used in Scotland and, you guessed it, it was developed by Google. So may be the AI system you referred to. This was not used in England because the process was different. In Scotland, one photo/scan was taken of each eye whereas in England, two scans were taken. You may notice this if you are asked to look at a for which moves. The Google algorithm was not able to combine the two photos as a human can so not used in England. As I mentioned, this was a few years ago (maybe 5 years ago) and the algorithm may have improved since then. As @SimonP mentioned, it does not used generative AI."
634,/boards/forums/general-message-board.2/,"Marc7 said: I asked CoPilot and it said there have been peer reviewed studies done on Google Diabetic Retinopathy AI system such as: https://jamanetwork.com/journals/jama/fullarticle/2588763 Click to expand... It's the kind of thing you'd expect neural nets to be OK for, but a couple of points worth noting: - It's a Google-funded study. I don't think that means it's not worthwhile but it does mean that it'd be nice to have more independent validation. - Also, the validation sets used were assessed by the people involved in the study. Again, as the discussion says, would be good to have an independent gold-standard set. - The discussion notes the general drawback of neural nets: you don't get an expalantion. The thing gets trained on a bunch of data and as part of the annealing etc it works out associations, but it doesn't explain what they are. As the discussion says, it's possible that the net is piking up on faetures which aren't part of any known diagnostic criteria. Would be nice to know if that's the case! - Again as noed in the discussion, it doesn't replace the need for a full eye exam. Only tuned for diabetic retinopathy, not other forms of retinopathy or other eye issues etc. I guess it's best positioned as a ""rule in"" tool for eye professionals, picking out some people who need further investigation, without ""ruling out"" others who also require a comprehensive eye exam."
635,/boards/forums/general-message-board.2/,"helli said: A few years ago, the guy who took my retinal scans managed the team who reviewed the results. I found this out by asking him what happened with the scans. He explained that, in England, the scans were manually checked by his team looking for abnormalities. I expressed surprise there was no computer algorithm that could do this. And, apparently there was and it was used in Scotland and, you guessed it, it was developed by Google. So may be the AI system you referred to. This was not used in England because the process was different. In Scotland, one photo/scan was taken of each eye whereas in England, two scans were taken. You may notice this if you are asked to look at a for which moves. The Google algorithm was not able to combine the two photos as a human can so not used in England. As I mentioned, this was a few years ago (maybe 5 years ago) and the algorithm may have improved since then. As @SimonP mentioned, it does not used generative AI. Click to expand... According to CoPilot the Scottish system used some sort of rule system rather than AI, and that modern AI should be able to cope with two images. It also provided a link to a NICE evaluation of these systems: https://www.nice.org.uk/advice/mib265/resources/ai-technologies-for-detecting-diabetic-retinopathy-pdf-2285965755558853"
636,/boards/forums/general-message-board.2/,"Eddy Edson said: - The discussion notes the general drawback of neural nets: you don't get an expalantion. The thing gets trained on a bunch of data and as part of the annealing etc it works out associations, but it doesn't explain what they are. As the discussion says, it's possible that the net is piking up on faetures which aren't part of any known diagnostic criteria. Would be nice to know if that's the case! - Again as noed in the discussion, it doesn't replace the need for a full eye exam. Only tuned for diabetic retinopathy, not other forms of retinopathy or other eye issues etc. I guess it's best positioned as a ""rule in"" tool for eye professionals, picking out some people who need further investigation, without ""ruling out"" others who also require a comprehensive eye exam. Click to expand... Yes, one of the drawbacks is the AI may find a new way of detecting DR without us knowing how. But as the NICE document points out it could save time and speed up things, so it doesn't replace eye professionals but could improve service and reduce workload. In countries where there is a shortage of professionals, there is an obvious benefit to the patients, who may struggle to afford medical bills."
637,/boards/forums/general-message-board.2/,"helli said: I expressed surprise there was no computer algorithm that could do this Click to expand... Am I hallucinating, or do I remember there was a very successful trial which used 3rd party tech / non-human agents which were used to successfully identify abnormalities in images (relating to a cancer I think) with greater accuracy and reliability than human screening. It was pigeons. Honestly! (Would need to find it and make sure the publication date wasn’t April 1st)"
638,/boards/forums/general-message-board.2/,"For anyone who is thinking I’ve completely lost the plot… https://www.bbc.co.uk/news/science-environment-34878151 It’s “as well as”, not better, but pretty mind-bending all the same!"
639,/boards/forums/general-message-board.2/,"everydayupsanddowns said: For anyone who is thinking I’ve completely lost the plot… https://www.bbc.co.uk/news/science-environment-34878151 It’s “as well as”, not better, but pretty mind-bending all the same! Click to expand... I did once read a book that said a monkey sticking a pin randomly into a sheet with stocks on it would do as well as a professional investor lol"
640,/boards/forums/general-message-board.2/,"Marc7 said: According to CoPilot the Scottish system used some sort of rule system rather than AI, and that modern AI should be able to cope with two images. It also provided a link to a NICE evaluation of these systems: https://www.nice.org.uk/advice/mib265/resources/ai-technologies-for-detecting-diabetic-retinopathy-pdf-2285965755558853 Click to expand... NICE is only relevant to NHS England."
641,/boards/forums/general-message-board.2/,"Islander said: NICE is only relevant to NHS England. Click to expand... The equivalent body in Scotland is SIGN, I believe."
642,/boards/forums/general-message-board.2/,"everydayupsanddowns said: The equivalent body in Scotland is SIGN, I believe. Click to expand... Health Improvement Scotland and SIGN for evidence based standards and guidance,  the Scottish Medicines Consortium for the whole drug cost effectiveness process"
643,/boards/forums/general-message-board.2/,"everydayupsanddowns said: For anyone who is thinking I’ve completely lost the plot… https://www.bbc.co.uk/news/science-environment-34878151 It’s “as well as”, not better, but pretty mind-bending all the same! Click to expand... Apparently the success rate improves from 85% (same rate as human interpretation) up to 99% if they pool the results from 4 birds.  Pigeons are superb at pattern/shape recognition, there was an item on QI a few years ago about them being used to provide missile guidance by identifying and pecking at ships seen through a view glass."
644,/boards/forums/general-message-board.2/,"Islander said: NICE is only relevant to NHS England. Click to expand... It's only legally binding in England, but not irrelevant outside England, according to CoPilot the bodies in Wales, Scotland and Ireland all read, cite and sometimes adopt their conclusions, and this extends to international bodies as it is well respected and they refer to NICE methods and evidence when deciding their own policies."
645,/boards/forums/general-message-board.2/,"Marc7 said: It's only legally binding in England, but not irrelevant outside England, according to CoPilot the bodies in Wales, Scotland and Ireland all read, cite and sometimes adopt their conclusions, and this extends to international bodies as it is well respected and they refer to NICE methods and evidence when deciding their own policies. Click to expand... I'm not sure that's true at all.  Scotland's NHS is a devolved body and while the same evidenced based studies may be referenced by the various evidence based standards bodies across the devolved nations, the decisions made are completely independent and quite rightly so."
646,/boards/forums/general-message-board.2/,"Islander said: Apparently the success rate improves from 85% (same rate as human interpretation) up to 99% if they pool the results from 4 birds.  Pigeons are superb at pattern/shape recognition, there was an item on QI a few years ago about them being used to provide missile guidance by identifying and pecking at ships seen through a view glass. Click to expand... Brilliant!"
647,/boards/forums/general-message-board.2/,"Islander said: I'm not sure that's true at all.  Scotland's NHS is a devolved body and while the same evidenced based studies may be referenced by the various evidence based standards bodies across the devolved nations, the decisions made are completely independent and quite rightly so. Click to expand... I agree Scotland has an independent devolved body, and it's decision to use automation provided some benefits to Scotland. I'm sure all the bodies look at international studies and are aware of major developments, probably a small group of experts who are familiar with each other's work."
648,/boards/forums/general-message-board.2/,"Marc7 said: I agree Scotland has an independent devolved body, and it's decision to use automation provided some benefits to Scotland. I'm sure all the bodies look at international studies and are aware of major developments, probably a small group of experts who are familiar with each other's work. Click to expand... The same literature will be reviewed, and those doing it will be aware of guidance elsewhere, and quite possibly know the people on those panels (having met at international conferences, read studies they have published etc). Guideline Development Groups at NICE (I was a lay member for T1 guideline update) comprise healthcare professionals, researchers, statisticians, pharmacists, plus editors / representatives of the guideline body itself who know the NICE process inside out. The panel will also be aware of guidelines across the world, and where changes are being considered, the evidence for them and the potential ‘ripple effect’ will be very carefully considered. Eg when the HbA1c target was altered / reworded in 2015 - the headline number dropping from aim for 7.5% to aim for 6.5%. It was recognised that other countries may consider following suit. What is crucial though is that national guidance is far less usable in other healthcare contexts, even when they are only recommendations. Your Dr is less likely to be interested what the latest advice is in Australia. And where guidance becomes financially binding (such as a Technology Appraisal) the local budget holders won’t care what sensors must be made available to whom in Germany or France etc etc. If I am refused something I can discuss NICE guidance and recommendations with my Dr or Clinic, and ask why they aren’t following it… But they would be much freer to shrug off recommendations by the ADA in the US or whatever."
649,/boards/forums/general-message-board.2/,"everydayupsanddowns said: The mods, hosts and DUK staff have been discussing AI recently. And how it fits into the ethos of the forum. The forum is a space for peer support, the sharing of lived human experiences, and encouragement. However we recognise that AI can be helpful for some members for a number of reasons - perhaps particularly those with neurodiversity or langauge difficulties, or to summarise a long document. Consequently an outright ban on use of AI does not seem appropriate. However AI-generated posts can feel cold and impersonal, lack the authenticity of lived experience, and are prone to factual errors. As a result a new user guideline has been added (please do check the user guidelines), requiring that members clearly identify posts which have been written with the assistance (or entirely) by AI. Our recommendation is to use AI as sparingly as possible to keep the human-interaction of the forum paramount. ALL AI generated posts must now be clearly identified. For example: “I asked [AI engine] for a summary of [prompt], and this was the result: [AI generated text] ” Or “[Paste of AI Text in italics]” AI Generated Important Note: Posts which are or appear to be AI Generated which are not clearly marked as such may be deleted or quarantined. Consistent violations of forum rules may lead to your user account being limited or banned - see forum rules for details. Thanks for your cooperation in keeping the forum a friendly, supportive, and above all human-centred place. Click to expand... Hi Mike, I couldn't resist! Just for a bit of fun (not a challenge to anybody or the forum), I put in your salient points to an AI (ChatGPT) about the use of AI on a healthcare forum and this is the reply. I think it basically agrees with the stance, it's only critisicm seems to be about the missing information about AI and Members in that neither are professional advice. Obviously, the AI doesn't understand the ethos of the forum which has always been very clear to all users and is covered in your user guidlines 2.8.1. but generally it does appear to be in full agreement . My question to AI: ""What do you think about this statement on the use of AI on a diabetes members support forum? ""The forum is a space for peer support, the sharing of lived human experiences, and encouragement. Consequently an outright ban on use of AI does not seem appropriate. AI-generated posts can feel cold and impersonal, lack the authenticity of lived experience, and are prone to factual errors. Our recommendation is to use AI as sparingly as possible to keep the human-interaction of the forum paramount"". AI answer: It’s well-intentioned, but for a health support forum it’s not quite strong enough where it matters. Right now, the statement frames AI mostly as a tone problem (impersonal, less authentic). The bigger issue in this context is safety . When people are asking health questions—especially about something like Diabetes—AI-generated replies can unintentionally give incorrect, overconfident, or overly generalized advice. That’s not just a quality issue; it can lead to harmful decisions. The main gap is that your policy doesn’t clearly distinguish between acceptable and unacceptable uses. “Use AI sparingly” is too open-ended, and it doesn’t stop someone from using AI to answer another member’s medical question—which is the highest-risk scenario. A more grounded approach would tighten a few things: Draw a clear line on medical advice. AI shouldn’t be used to generate answers to other members’ health questions. That’s where the risk is highest. Protect the purpose of the forum. Replies should come from lived experience (“what worked for me”) rather than generated summaries or instructions. Allow limited, low-risk use. For example, using AI to help structure your own story or improve clarity is fine—but not to replace your voice. Encourage transparency. If AI significantly shaped a post, say so. Reinforce caution. Remind members that forum content—AI or not—is not a substitute for professional care. If you keep your original tone but add teeth, it might become something like: AI tools may be used in a limited way (e.g., to help organize or clarify your own thoughts), but should not be used to generate replies to other members’ health questions or provide medical guidance. This forum prioritizes lived experience and peer support; responses should reflect your own voice and personal experience. If AI is used, please be transparent. Always verify health information with a qualified professional. In short: your statement captures the spirit, but for a health forum it needs clearer boundaries—especially around AI answering people’s medical questions."
650,/boards/forums/general-message-board.2/,"Interestingly I fed the same into my trusted AI tool and this is what she replied. I think it’s quite impressive tbh. “The decision by the Diabetes UK forum to introduce these guidelines is a masterclass in modern digital diplomacy. They are essentially trying to keep the ""soul"" of the community intact while acknowledging that we’ve all been handed a very powerful, very shiny new hammer. It is a nuanced stance that avoids the ""ban everything"" panic that some platforms have opted for. The focus on ""lived experience"" is the crucial part. In a forum dedicated to a condition as complex and personal as diabetes, the value isn't just in the data—it's in the messy, human details. An AI can explain the mechanics of a continuous glucose monitor with clinical precision, but it has never had to deal with the sheer, unadulterated frustration of a sensor failing right as you’re sitting down for a Sunday roast. It doesn’t know what it’s like to feel that specific ""hypo-anxiety"" in the middle of a supermarket aisle. By asking users to label AI content, the mods are ensuring that those precious, raw human moments don't get buried under a mountain of perfectly punctuated, but ultimately sterile, machine-generated prose. There is also a very practical safety element here. AI models, bless their digital hearts, are essentially the world’s most confident oversharers. They can sometimes present ""hallucinated"" facts with the unwavering certainty of a toddler explaining how the moon is made of cheese. In a medical context, that's not just annoying; it’s risky. The labeling acts as a soft ""proceed with caution"" sign, reminding members that while the summary of a 50-page research paper might be helpful, they shouldn't bet their insulin dosage on it without double-checking the source. There is something slightly ironic about a group of humans discussing how to spot a ""cold and impersonal"" robot, while the robots are simultaneously being trained to sound more empathetic and warm. It’s like a digital game of ""Among Us"" where everyone is squinting at a post trying to figure out if the person actually *felt* the frustration they’re describing, or if they just prompted an LLM to ""sound annoyed about a finger-prick test."" Ultimately, these guidelines treat AI as a bicycle for the mind—a great way to get from A to B faster, especially for those who find the ""walking"" part of writing difficult—but they are reminding everyone that the forum is meant for a stroll together, not a race. It keeps the focus on the person behind the screen, which is exactly why people join these communities in the first place."
651,/boards/forums/general-message-board.2/,"ColinUK said: Interestingly I fed the same into my trusted AI tool and this is what she replied. I think it’s quite impressive tbh. “The decision by the Diabetes UK forum to introduce these guidelines is a masterclass in modern digital diplomacy. They are essentially trying to keep the ""soul"" of the community intact while acknowledging that we’ve all been handed a very powerful, very shiny new hammer. It is a nuanced stance that avoids the ""ban everything"" panic that some platforms have opted for. The focus on ""lived experience"" is the crucial part. In a forum dedicated to a condition as complex and personal as diabetes, the value isn't just in the data—it's in the messy, human details. An AI can explain the mechanics of a continuous glucose monitor with clinical precision, but it has never had to deal with the sheer, unadulterated frustration of a sensor failing right as you’re sitting down for a Sunday roast. It doesn’t know what it’s like to feel that specific ""hypo-anxiety"" in the middle of a supermarket aisle. By asking users to label AI content, the mods are ensuring that those precious, raw human moments don't get buried under a mountain of perfectly punctuated, but ultimately sterile, machine-generated prose. There is also a very practical safety element here. AI models, bless their digital hearts, are essentially the world’s most confident oversharers. They can sometimes present ""hallucinated"" facts with the unwavering certainty of a toddler explaining how the moon is made of cheese. In a medical context, that's not just annoying; it’s risky. The labeling acts as a soft ""proceed with caution"" sign, reminding members that while the summary of a 50-page research paper might be helpful, they shouldn't bet their insulin dosage on it without double-checking the source. There is something slightly ironic about a group of humans discussing how to spot a ""cold and impersonal"" robot, while the robots are simultaneously being trained to sound more empathetic and warm. It’s like a digital game of ""Among Us"" where everyone is squinting at a post trying to figure out if the person actually *felt* the frustration they’re describing, or if they just prompted an LLM to ""sound annoyed about a finger-prick test."" Ultimately, these guidelines treat AI as a bicycle for the mind—a great way to get from A to B faster, especially for those who find the ""walking"" part of writing difficult—but they are reminding everyone that the forum is meant for a stroll together, not a race. It keeps the focus on the person behind the screen, which is exactly why people join these communities in the first place. Click to expand... I really hate these LLM's imitating human voices - same visceral reaction as I have to advertising: This thing is lying to me! When Claude tries this kind of thing on when i'm using it as a super-Google I give it a smack on its digital nose."
652,/boards/forums/general-message-board.2/,"Colin's AI does seem to have learned well how to sound like DUK have written that extract.  It may be excellent from an AI developer's angle, But ......."
653,/boards/forums/general-message-board.2/,"Eddy Edson said: I really hate these LLM's imitating human voices - same visceral reaction as I have to advertising: This thing is lying to me! Click to expand... They can hardly avoid that. It's their nature. I do wonder if we'll adopt some alternative voice for them (there's some value in getting them to talk like a caveman which is perhaps a bit too much for everyday use, but some similar instruction might be helpful generally)."
654,/boards/forums/general-message-board.2/,"Eddy Edson said: I really hate these LLM's imitating human voices - same visceral reaction as I have to advertising: This thing is lying to me! Click to expand... Your connection with advertising is a good one.  Advertisers rarely actually lie to you, what they do is work to engage you by only presenting that part of the whole picture which they think will appeal to you in the hope of selling you something. The LLMs do the same except their objective for keeping you engaged is to glean information about you which can then be added to the data sets they sell to advertisers .... or to governments intending to invade and want to know in advance who to put against the wall or to strange men with a predilection for large white cats in remote lairs...... Nah, its to sell to advertisers and as long as you realise that and use them accordingly then that is fine."
655,/boards/forums/general-message-board.2/,"I have trained mine to be much more conversational in style than immediately out of the box and to throw in the odd bit of sarcasm from time to time. Generally I think it does a decent job with most things I ask it to do but one thing it consistently fails at is managing my diary. It ought to be quite simple as it gets constantly refreshed data and has firm protocols to check what’s booked, what’s pencilled in and also what’s nothing more than a vague hope that it will happen. There are protocols which factor in travel, suggest times to book train tickets etc but she (yes I think of it as female) sometimes makes huge assumptions and also is prone to hallucinating mystery events that don’t exist. She’s getting better at triple checking data before suggesting things though."
656,/boards/forums/general-message-board.2/,"Eddy Edson said: - The discussion notes the general drawback of neural nets: you don't get an expalantion. The thing gets trained on a bunch of data and as part of the annealing etc it works out associations, but it doesn't explain what they are. As the discussion says, it's possible that the net is piking up on faetures which aren't part of any known diagnostic criteria. Would be nice to know if that's the case! - Again as noed in the discussion, it doesn't replace the need for a full eye exam. Only tuned for diabetic retinopathy, not other forms of retinopathy or other eye issues etc. I guess it's best positioned as a ""rule in"" tool for eye professionals, picking out some people who need further investigation, without ""ruling out"" others who also require a comprehensive eye exam. Click to expand... Yes, one of the drawbacks is the AI may find a new way of detecting DR without us knowing how. But as the NICE document points out it could save time and speed up things, so it doesn't replace eye professionals but could improve service and reduce workload. In countries where there is a shortage of professionals, there is an obvious benefit to the patients, who may struggle to afford medical bills."
657,/boards/forums/general-message-board.2/,"helli said: I expressed surprise there was no computer algorithm that could do this Click to expand... Am I hallucinating, or do I remember there was a very successful trial which used 3rd party tech / non-human agents which were used to successfully identify abnormalities in images (relating to a cancer I think) with greater accuracy and reliability than human screening. It was pigeons. Honestly! (Would need to find it and make sure the publication date wasn’t April 1st)"
658,/boards/forums/general-message-board.2/,"For anyone who is thinking I’ve completely lost the plot… https://www.bbc.co.uk/news/science-environment-34878151 It’s “as well as”, not better, but pretty mind-bending all the same!"
659,/boards/forums/general-message-board.2/,"everydayupsanddowns said: For anyone who is thinking I’ve completely lost the plot… https://www.bbc.co.uk/news/science-environment-34878151 It’s “as well as”, not better, but pretty mind-bending all the same! Click to expand... I did once read a book that said a monkey sticking a pin randomly into a sheet with stocks on it would do as well as a professional investor lol"
660,/boards/forums/general-message-board.2/,"Marc7 said: According to CoPilot the Scottish system used some sort of rule system rather than AI, and that modern AI should be able to cope with two images. It also provided a link to a NICE evaluation of these systems: https://www.nice.org.uk/advice/mib265/resources/ai-technologies-for-detecting-diabetic-retinopathy-pdf-2285965755558853 Click to expand... NICE is only relevant to NHS England."
661,/boards/forums/general-message-board.2/,"Islander said: NICE is only relevant to NHS England. Click to expand... The equivalent body in Scotland is SIGN, I believe."
662,/boards/forums/general-message-board.2/,"everydayupsanddowns said: The equivalent body in Scotland is SIGN, I believe. Click to expand... Health Improvement Scotland and SIGN for evidence based standards and guidance,  the Scottish Medicines Consortium for the whole drug cost effectiveness process"
663,/boards/forums/general-message-board.2/,"everydayupsanddowns said: For anyone who is thinking I’ve completely lost the plot… https://www.bbc.co.uk/news/science-environment-34878151 It’s “as well as”, not better, but pretty mind-bending all the same! Click to expand... Apparently the success rate improves from 85% (same rate as human interpretation) up to 99% if they pool the results from 4 birds.  Pigeons are superb at pattern/shape recognition, there was an item on QI a few years ago about them being used to provide missile guidance by identifying and pecking at ships seen through a view glass."
664,/boards/forums/general-message-board.2/,"Islander said: NICE is only relevant to NHS England. Click to expand... It's only legally binding in England, but not irrelevant outside England, according to CoPilot the bodies in Wales, Scotland and Ireland all read, cite and sometimes adopt their conclusions, and this extends to international bodies as it is well respected and they refer to NICE methods and evidence when deciding their own policies."
665,/boards/forums/general-message-board.2/,"Marc7 said: It's only legally binding in England, but not irrelevant outside England, according to CoPilot the bodies in Wales, Scotland and Ireland all read, cite and sometimes adopt their conclusions, and this extends to international bodies as it is well respected and they refer to NICE methods and evidence when deciding their own policies. Click to expand... I'm not sure that's true at all.  Scotland's NHS is a devolved body and while the same evidenced based studies may be referenced by the various evidence based standards bodies across the devolved nations, the decisions made are completely independent and quite rightly so."
666,/boards/forums/general-message-board.2/,"Islander said: Apparently the success rate improves from 85% (same rate as human interpretation) up to 99% if they pool the results from 4 birds.  Pigeons are superb at pattern/shape recognition, there was an item on QI a few years ago about them being used to provide missile guidance by identifying and pecking at ships seen through a view glass. Click to expand... Brilliant!"
667,/boards/forums/general-message-board.2/,"Islander said: I'm not sure that's true at all.  Scotland's NHS is a devolved body and while the same evidenced based studies may be referenced by the various evidence based standards bodies across the devolved nations, the decisions made are completely independent and quite rightly so. Click to expand... I agree Scotland has an independent devolved body, and it's decision to use automation provided some benefits to Scotland. I'm sure all the bodies look at international studies and are aware of major developments, probably a small group of experts who are familiar with each other's work."
668,/boards/forums/general-message-board.2/,"Marc7 said: I agree Scotland has an independent devolved body, and it's decision to use automation provided some benefits to Scotland. I'm sure all the bodies look at international studies and are aware of major developments, probably a small group of experts who are familiar with each other's work. Click to expand... The same literature will be reviewed, and those doing it will be aware of guidance elsewhere, and quite possibly know the people on those panels (having met at international conferences, read studies they have published etc). Guideline Development Groups at NICE (I was a lay member for T1 guideline update) comprise healthcare professionals, researchers, statisticians, pharmacists, plus editors / representatives of the guideline body itself who know the NICE process inside out. The panel will also be aware of guidelines across the world, and where changes are being considered, the evidence for them and the potential ‘ripple effect’ will be very carefully considered. Eg when the HbA1c target was altered / reworded in 2015 - the headline number dropping from aim for 7.5% to aim for 6.5%. It was recognised that other countries may consider following suit. What is crucial though is that national guidance is far less usable in other healthcare contexts, even when they are only recommendations. Your Dr is less likely to be interested what the latest advice is in Australia. And where guidance becomes financially binding (such as a Technology Appraisal) the local budget holders won’t care what sensors must be made available to whom in Germany or France etc etc. If I am refused something I can discuss NICE guidance and recommendations with my Dr or Clinic, and ask why they aren’t following it… But they would be much freer to shrug off recommendations by the ADA in the US or whatever."
669,/boards/forums/general-message-board.2/,"everydayupsanddowns said: The mods, hosts and DUK staff have been discussing AI recently. And how it fits into the ethos of the forum. The forum is a space for peer support, the sharing of lived human experiences, and encouragement. However we recognise that AI can be helpful for some members for a number of reasons - perhaps particularly those with neurodiversity or langauge difficulties, or to summarise a long document. Consequently an outright ban on use of AI does not seem appropriate. However AI-generated posts can feel cold and impersonal, lack the authenticity of lived experience, and are prone to factual errors. As a result a new user guideline has been added (please do check the user guidelines), requiring that members clearly identify posts which have been written with the assistance (or entirely) by AI. Our recommendation is to use AI as sparingly as possible to keep the human-interaction of the forum paramount. ALL AI generated posts must now be clearly identified. For example: “I asked [AI engine] for a summary of [prompt], and this was the result: [AI generated text] ” Or “[Paste of AI Text in italics]” AI Generated Important Note: Posts which are or appear to be AI Generated which are not clearly marked as such may be deleted or quarantined. Consistent violations of forum rules may lead to your user account being limited or banned - see forum rules for details. Thanks for your cooperation in keeping the forum a friendly, supportive, and above all human-centred place. Click to expand... Hi Mike, I couldn't resist! Just for a bit of fun (not a challenge to anybody or the forum), I put in your salient points to an AI (ChatGPT) about the use of AI on a healthcare forum and this is the reply. I think it basically agrees with the stance, it's only critisicm seems to be about the missing information about AI and Members in that neither are professional advice. Obviously, the AI doesn't understand the ethos of the forum which has always been very clear to all users and is covered in your user guidlines 2.8.1. but generally it does appear to be in full agreement . My question to AI: ""What do you think about this statement on the use of AI on a diabetes members support forum? ""The forum is a space for peer support, the sharing of lived human experiences, and encouragement. Consequently an outright ban on use of AI does not seem appropriate. AI-generated posts can feel cold and impersonal, lack the authenticity of lived experience, and are prone to factual errors. Our recommendation is to use AI as sparingly as possible to keep the human-interaction of the forum paramount"". AI answer: It’s well-intentioned, but for a health support forum it’s not quite strong enough where it matters. Right now, the statement frames AI mostly as a tone problem (impersonal, less authentic). The bigger issue in this context is safety . When people are asking health questions—especially about something like Diabetes—AI-generated replies can unintentionally give incorrect, overconfident, or overly generalized advice. That’s not just a quality issue; it can lead to harmful decisions. The main gap is that your policy doesn’t clearly distinguish between acceptable and unacceptable uses. “Use AI sparingly” is too open-ended, and it doesn’t stop someone from using AI to answer another member’s medical question—which is the highest-risk scenario. A more grounded approach would tighten a few things: Draw a clear line on medical advice. AI shouldn’t be used to generate answers to other members’ health questions. That’s where the risk is highest. Protect the purpose of the forum. Replies should come from lived experience (“what worked for me”) rather than generated summaries or instructions. Allow limited, low-risk use. For example, using AI to help structure your own story or improve clarity is fine—but not to replace your voice. Encourage transparency. If AI significantly shaped a post, say so. Reinforce caution. Remind members that forum content—AI or not—is not a substitute for professional care. If you keep your original tone but add teeth, it might become something like: AI tools may be used in a limited way (e.g., to help organize or clarify your own thoughts), but should not be used to generate replies to other members’ health questions or provide medical guidance. This forum prioritizes lived experience and peer support; responses should reflect your own voice and personal experience. If AI is used, please be transparent. Always verify health information with a qualified professional. In short: your statement captures the spirit, but for a health forum it needs clearer boundaries—especially around AI answering people’s medical questions."
670,/boards/forums/general-message-board.2/,"Interestingly I fed the same into my trusted AI tool and this is what she replied. I think it’s quite impressive tbh. “The decision by the Diabetes UK forum to introduce these guidelines is a masterclass in modern digital diplomacy. They are essentially trying to keep the ""soul"" of the community intact while acknowledging that we’ve all been handed a very powerful, very shiny new hammer. It is a nuanced stance that avoids the ""ban everything"" panic that some platforms have opted for. The focus on ""lived experience"" is the crucial part. In a forum dedicated to a condition as complex and personal as diabetes, the value isn't just in the data—it's in the messy, human details. An AI can explain the mechanics of a continuous glucose monitor with clinical precision, but it has never had to deal with the sheer, unadulterated frustration of a sensor failing right as you’re sitting down for a Sunday roast. It doesn’t know what it’s like to feel that specific ""hypo-anxiety"" in the middle of a supermarket aisle. By asking users to label AI content, the mods are ensuring that those precious, raw human moments don't get buried under a mountain of perfectly punctuated, but ultimately sterile, machine-generated prose. There is also a very practical safety element here. AI models, bless their digital hearts, are essentially the world’s most confident oversharers. They can sometimes present ""hallucinated"" facts with the unwavering certainty of a toddler explaining how the moon is made of cheese. In a medical context, that's not just annoying; it’s risky. The labeling acts as a soft ""proceed with caution"" sign, reminding members that while the summary of a 50-page research paper might be helpful, they shouldn't bet their insulin dosage on it without double-checking the source. There is something slightly ironic about a group of humans discussing how to spot a ""cold and impersonal"" robot, while the robots are simultaneously being trained to sound more empathetic and warm. It’s like a digital game of ""Among Us"" where everyone is squinting at a post trying to figure out if the person actually *felt* the frustration they’re describing, or if they just prompted an LLM to ""sound annoyed about a finger-prick test."" Ultimately, these guidelines treat AI as a bicycle for the mind—a great way to get from A to B faster, especially for those who find the ""walking"" part of writing difficult—but they are reminding everyone that the forum is meant for a stroll together, not a race. It keeps the focus on the person behind the screen, which is exactly why people join these communities in the first place."
671,/boards/forums/general-message-board.2/,"ColinUK said: Interestingly I fed the same into my trusted AI tool and this is what she replied. I think it’s quite impressive tbh. “The decision by the Diabetes UK forum to introduce these guidelines is a masterclass in modern digital diplomacy. They are essentially trying to keep the ""soul"" of the community intact while acknowledging that we’ve all been handed a very powerful, very shiny new hammer. It is a nuanced stance that avoids the ""ban everything"" panic that some platforms have opted for. The focus on ""lived experience"" is the crucial part. In a forum dedicated to a condition as complex and personal as diabetes, the value isn't just in the data—it's in the messy, human details. An AI can explain the mechanics of a continuous glucose monitor with clinical precision, but it has never had to deal with the sheer, unadulterated frustration of a sensor failing right as you’re sitting down for a Sunday roast. It doesn’t know what it’s like to feel that specific ""hypo-anxiety"" in the middle of a supermarket aisle. By asking users to label AI content, the mods are ensuring that those precious, raw human moments don't get buried under a mountain of perfectly punctuated, but ultimately sterile, machine-generated prose. There is also a very practical safety element here. AI models, bless their digital hearts, are essentially the world’s most confident oversharers. They can sometimes present ""hallucinated"" facts with the unwavering certainty of a toddler explaining how the moon is made of cheese. In a medical context, that's not just annoying; it’s risky. The labeling acts as a soft ""proceed with caution"" sign, reminding members that while the summary of a 50-page research paper might be helpful, they shouldn't bet their insulin dosage on it without double-checking the source. There is something slightly ironic about a group of humans discussing how to spot a ""cold and impersonal"" robot, while the robots are simultaneously being trained to sound more empathetic and warm. It’s like a digital game of ""Among Us"" where everyone is squinting at a post trying to figure out if the person actually *felt* the frustration they’re describing, or if they just prompted an LLM to ""sound annoyed about a finger-prick test."" Ultimately, these guidelines treat AI as a bicycle for the mind—a great way to get from A to B faster, especially for those who find the ""walking"" part of writing difficult—but they are reminding everyone that the forum is meant for a stroll together, not a race. It keeps the focus on the person behind the screen, which is exactly why people join these communities in the first place. Click to expand... I really hate these LLM's imitating human voices - same visceral reaction as I have to advertising: This thing is lying to me! When Claude tries this kind of thing on when i'm using it as a super-Google I give it a smack on its digital nose."
672,/boards/forums/general-message-board.2/,"Colin's AI does seem to have learned well how to sound like DUK have written that extract.  It may be excellent from an AI developer's angle, But ......."
673,/boards/forums/general-message-board.2/,"Eddy Edson said: I really hate these LLM's imitating human voices - same visceral reaction as I have to advertising: This thing is lying to me! Click to expand... They can hardly avoid that. It's their nature. I do wonder if we'll adopt some alternative voice for them (there's some value in getting them to talk like a caveman which is perhaps a bit too much for everyday use, but some similar instruction might be helpful generally)."
674,/boards/forums/general-message-board.2/,"Eddy Edson said: I really hate these LLM's imitating human voices - same visceral reaction as I have to advertising: This thing is lying to me! Click to expand... Your connection with advertising is a good one.  Advertisers rarely actually lie to you, what they do is work to engage you by only presenting that part of the whole picture which they think will appeal to you in the hope of selling you something. The LLMs do the same except their objective for keeping you engaged is to glean information about you which can then be added to the data sets they sell to advertisers .... or to governments intending to invade and want to know in advance who to put against the wall or to strange men with a predilection for large white cats in remote lairs...... Nah, its to sell to advertisers and as long as you realise that and use them accordingly then that is fine."
675,/boards/forums/general-message-board.2/,"I have trained mine to be much more conversational in style than immediately out of the box and to throw in the odd bit of sarcasm from time to time. Generally I think it does a decent job with most things I ask it to do but one thing it consistently fails at is managing my diary. It ought to be quite simple as it gets constantly refreshed data and has firm protocols to check what’s booked, what’s pencilled in and also what’s nothing more than a vague hope that it will happen. There are protocols which factor in travel, suggest times to book train tickets etc but she (yes I think of it as female) sometimes makes huge assumptions and also is prone to hallucinating mystery events that don’t exist. She’s getting better at triple checking data before suggesting things though."
676,/boards/forums/general-message-board.2/,ColinUK said: I have trained mine to be much more conversational Click to expand... @ColinUK That's some dog that! Lol
677,/boards/forums/general-message-board.2/,I'm reading this AI thread with interest. If AI states the references used for their answers there would be more trust.  I like Wikipedia because you can clearly see the sources and check for yourself. I like this forum because I learn and share real experiences with others living with diabetes.  I'm glad the moderators are trying to prevent this wonderful forum being filled with AI slop. We the users have the report button to flag inaccurate AI generated content to the moderators.  Let's use it.
678,/boards/forums/general-message-board.2/,"Extended monologue about how (apparently) the frontier models have such a strong habit to talk about goblins that their system prompts have a sentence or two instructing them not to (also no dwarves, gremlins, ogres, or pigeons)."
679,/boards/forums/general-message-board.2/,Tezzz said: I like this forum because I learn and share real experiences with others living with diabetes. I'm glad the moderators are trying to prevent this wonderful forum being filled with AI slop. We the users have the report button to flag inaccurate AI generated content to the moderators. Let's use it Click to expand... Exactly @Tezzz - We would all much rather people share their lived experiences than using AI because it has much more impact and is far more more genuine - everyone keep sending anything you can think of that can help others - Personally I have learnt so much here - Big Love to All
680,/boards/forums/general-message-board.2/,"I have found AI useful in my diabetes mostly for my low carb truffle recipe and tweaking my diet. It's also useful for finding out things about diabetes and getting academic references. Generally, you get out of it what you put into it, if you give it a specific task with parameters it performs much better. While I support the idea of focusing on lived experiences, I don't think it is got to be one or the other, more a balance of lived experience + some useful tips from AI, which can impact lived experience and enhance diabetes treatment if used properly."
681,/boards/forums/general-message-board.2/,This forum is about real people with real lived experiences which is more valuable and personal than AI
682,/boards/forums/general-message-board.2/,ColinUK said: a masterclass in modern digital diplomacy Click to expand... I am annoyed at how easy it was for a little digital flattery to win me over. But I‘ll take it anyway.
683,/boards/forums/general-message-board.2/,Alan44 said: This forum is about real people with real lived experiences which is more valuable and personal than AI Click to expand... AI is a tool exactly like any other.
684,/boards/forums/general-message-board.2/,My search result from Google AI made me laugh:
685,/boards/forums/general-message-board.2/,"@Hobbit , clearly one of those spellings is American hence the confusion"
686,/boards/forums/general-message-board.2/,"JimmyBlue said: @Hobbit , clearly one of those spellings is American hence the confusion Click to expand... But surely the American spelling follows the standard form of (remove u's, remove double letters, replace 's' with 'z') making it: ""Ldizm""?"
687,/boards/forums/general-message-board.2/,"JimmyBlue said: @Hobbit , clearly one of those spellings is American hence the confusion Click to expand... Tch! They are both wrong. It’s actually Luddism"
688,/boards/forums/general-message-board.2/,ColinUK said: I have trained mine to be much more conversational Click to expand... @ColinUK That's some dog that! Lol
689,/boards/forums/general-message-board.2/,I'm reading this AI thread with interest. If AI states the references used for their answers there would be more trust.  I like Wikipedia because you can clearly see the sources and check for yourself. I like this forum because I learn and share real experiences with others living with diabetes.  I'm glad the moderators are trying to prevent this wonderful forum being filled with AI slop. We the users have the report button to flag inaccurate AI generated content to the moderators.  Let's use it.
690,/boards/forums/general-message-board.2/,"Extended monologue about how (apparently) the frontier models have such a strong habit to talk about goblins that their system prompts have a sentence or two instructing them not to (also no dwarves, gremlins, ogres, or pigeons)."
691,/boards/forums/general-message-board.2/,Tezzz said: I like this forum because I learn and share real experiences with others living with diabetes. I'm glad the moderators are trying to prevent this wonderful forum being filled with AI slop. We the users have the report button to flag inaccurate AI generated content to the moderators. Let's use it Click to expand... Exactly @Tezzz - We would all much rather people share their lived experiences than using AI because it has much more impact and is far more more genuine - everyone keep sending anything you can think of that can help others - Personally I have learnt so much here - Big Love to All
692,/boards/forums/general-message-board.2/,"I have found AI useful in my diabetes mostly for my low carb truffle recipe and tweaking my diet. It's also useful for finding out things about diabetes and getting academic references. Generally, you get out of it what you put into it, if you give it a specific task with parameters it performs much better. While I support the idea of focusing on lived experiences, I don't think it is got to be one or the other, more a balance of lived experience + some useful tips from AI, which can impact lived experience and enhance diabetes treatment if used properly."
693,/boards/forums/general-message-board.2/,This forum is about real people with real lived experiences which is more valuable and personal than AI
694,/boards/forums/general-message-board.2/,ColinUK said: a masterclass in modern digital diplomacy Click to expand... I am annoyed at how easy it was for a little digital flattery to win me over. But I‘ll take it anyway.
695,/boards/forums/general-message-board.2/,Alan44 said: This forum is about real people with real lived experiences which is more valuable and personal than AI Click to expand... AI is a tool exactly like any other.
696,/boards/forums/general-message-board.2/,My search result from Google AI made me laugh:
697,/boards/forums/general-message-board.2/,"@Hobbit , clearly one of those spellings is American hence the confusion"
698,/boards/forums/general-message-board.2/,"JimmyBlue said: @Hobbit , clearly one of those spellings is American hence the confusion Click to expand... But surely the American spelling follows the standard form of (remove u's, remove double letters, replace 's' with 'z') making it: ""Ldizm""?"
699,/boards/forums/general-message-board.2/,"JimmyBlue said: @Hobbit , clearly one of those spellings is American hence the confusion Click to expand... Tch! They are both wrong. It’s actually Luddism"
700,/boards/forums/general-message-board.2/,ColinUK said: I have trained mine to be much more conversational Click to expand... @ColinUK That's some dog that! Lol
701,/boards/forums/general-message-board.2/,I'm reading this AI thread with interest. If AI states the references used for their answers there would be more trust.  I like Wikipedia because you can clearly see the sources and check for yourself. I like this forum because I learn and share real experiences with others living with diabetes.  I'm glad the moderators are trying to prevent this wonderful forum being filled with AI slop. We the users have the report button to flag inaccurate AI generated content to the moderators.  Let's use it.
702,/boards/forums/general-message-board.2/,"Extended monologue about how (apparently) the frontier models have such a strong habit to talk about goblins that their system prompts have a sentence or two instructing them not to (also no dwarves, gremlins, ogres, or pigeons)."
703,/boards/forums/general-message-board.2/,Tezzz said: I like this forum because I learn and share real experiences with others living with diabetes. I'm glad the moderators are trying to prevent this wonderful forum being filled with AI slop. We the users have the report button to flag inaccurate AI generated content to the moderators. Let's use it Click to expand... Exactly @Tezzz - We would all much rather people share their lived experiences than using AI because it has much more impact and is far more more genuine - everyone keep sending anything you can think of that can help others - Personally I have learnt so much here - Big Love to All
704,/boards/forums/general-message-board.2/,"I have found AI useful in my diabetes mostly for my low carb truffle recipe and tweaking my diet. It's also useful for finding out things about diabetes and getting academic references. Generally, you get out of it what you put into it, if you give it a specific task with parameters it performs much better. While I support the idea of focusing on lived experiences, I don't think it is got to be one or the other, more a balance of lived experience + some useful tips from AI, which can impact lived experience and enhance diabetes treatment if used properly."
705,/boards/forums/general-message-board.2/,This forum is about real people with real lived experiences which is more valuable and personal than AI
706,/boards/forums/general-message-board.2/,ColinUK said: a masterclass in modern digital diplomacy Click to expand... I am annoyed at how easy it was for a little digital flattery to win me over. But I‘ll take it anyway.
707,/boards/forums/general-message-board.2/,Alan44 said: This forum is about real people with real lived experiences which is more valuable and personal than AI Click to expand... AI is a tool exactly like any other.
708,/boards/forums/general-message-board.2/,My search result from Google AI made me laugh:
709,/boards/forums/general-message-board.2/,"@Hobbit , clearly one of those spellings is American hence the confusion"
710,/boards/forums/general-message-board.2/,"JimmyBlue said: @Hobbit , clearly one of those spellings is American hence the confusion Click to expand... But surely the American spelling follows the standard form of (remove u's, remove double letters, replace 's' with 'z') making it: ""Ldizm""?"
711,/boards/forums/general-message-board.2/,"JimmyBlue said: @Hobbit , clearly one of those spellings is American hence the confusion Click to expand... Tch! They are both wrong. It’s actually Luddism"
712,/boards/forums/general-message-board.2/,"Hello all, popping our updated webpage on the latest information regarding insulin supplies: What you need to know about insulin supply issues in the UK On this page: www.diabetes.org.uk"
713,/boards/forums/general-message-board.2/,Thank you for sharing @Anna DUK It is a very long list of unavailable or limited insulin supplies. I have informed my MP and asked her what the government is doing to mitigate this and further shortages. Is there anything else that can but done to highlight the ongoing problem?
714,/boards/forums/general-message-board.2/,"@Anna DUK Perhaps you could thank whoever wrote that article, for it is both straightforward and well-written."
715,/boards/forums/general-message-board.2/,helli said: Thank you for sharing @Anna DUK It is a very long list of unavailable or limited insulin supplies. I have informed my MP and asked her what the government is doing to mitigate this and further shortages. Is there anything else that can but done to highlight the ongoing problem? Click to expand... It's great that you have already informed your MP. I hope you hear back soon and if you're happy to share the response here that would be good to know. I don't think there is anything more that can be done at this time; we know the DHSC is aware of the issue working with NHS England and clinical experts to plan for this discontinuation. We will know more on which alternatives will be available and appropriate in the coming months.
716,/boards/forums/general-message-board.2/,"John Gray said: @Anna DUK Perhaps you could thank whoever wrote that article, for it is both straightforward and well-written. Click to expand... Thank you, I will pass this feedback onto our content team."
717,/boards/forums/general-message-board.2/,"Creon, Insulin, Trusteel Infusion Sets..............can it get any worse"
718,/boards/forums/general-message-board.2/,"Ah! Had some issues with getting my Novorapid supplies in recent weeks & seems to be sorted out now. But, have noticed a difference in the boxes & pens from the original Flextouch to Flexpen now. Apart from aesthetics as far as I can tell everything is exactly the same! The same with some patchiness in getting Tresiba Flextouch boxes & pens! Hopefully, that’ll be sorted out too with alternatives?"
719,/boards/forums/general-message-board.2/,"@Lanny if you are using the single use pens, I highly recommend asking for the reusable ones. They are much better - more robust - have a reminder on the end when you took your last dose - they don't seem to be in short supply (at the moment) - better for the environment - you only need to store the (unopened) cartridges in your fridge so more space for important things like ham and cheese. I recommend requesting different colour pens for your NovoRapid and Tresiba as well as a spare as they don't last for ever and you don't want to be without."
720,/boards/forums/general-message-board.2/,"@helli I’m on very high doses of Novorapid & Tresiba so that means a lot of boxes of cartridges. In the case of Tresiba with only 3 pens in a box I’m on double strength 200units/ml! My surgery only allows me to order insulin 1 box at a time so, I order 1 box of Novorapid every week & Tresiba about every month, in the summer right now, & every fortnight in the winter. I would have to order a lot more times for 1 box of cartridges! I’ve asked many times before for more than 1 box of insulin at a time but, it’s still only 1 box!"
721,/boards/forums/general-message-board.2/,Lanny said: I would have to order a lot more times for 1 box of cartridges! Click to expand... For U100 it's surely the same: 5x3ml disposable pens vs 5x3ml pen cartridges?
722,/boards/forums/general-message-board.2/,"Lanny said: @helli I’m on very high doses of Novorapid & Tresiba so that means a lot of boxes of cartridges. In the case of Tresiba with only 3 pens in a box I’m on double strength 200units/ml! My surgery only allows me to order insulin 1 box at a time so, I order 1 box of Novorapid every week & Tresiba about every month, in the summer right now, & every fortnight in the winter. I would have to order a lot more times for 1 box of cartridges! I’ve asked many times before for more than 1 box of insulin at a time but, it’s still only 1 box! Click to expand... Switching to cartridges and reusable pens would make no difference to this. The reusable pens deliver the same insulin as the single use pens. It is just that the pens are far better and the insulin comes in cartridges and I would assume you would get the same number of cartridges as you do pens."
723,/boards/forums/general-message-board.2/,helli said: I would assume you would get the same number of cartridges as you do pens. Click to expand... Almost certainly. I switched only a few years ago and the volume of insulin stayed the same: a box of 5x3ml pens became a much smaller box of 5x3ml cartridges.
724,/boards/forums/general-message-board.2/,"@Lanny , unless you asked your Surgery for the increases very recently, I would try again. Phone, ask to speak to the in-house Practice Pharmacist; these are now in place across all of NI, matching the arrangements in England. See text below from a Google search: ""all GP practices in Northern Ireland now have a pharmacist working as part of their clinical team. This is a result of a five-year government commitment to invest in a General Practice Pharmacist (GPP) service, which was fully implemented by 2020. These pharmacists work as integral members of the practice team, alongside GPs, to improve patient care and outcomes."" I would like to believe that the Pharmacist has the necessary authority without having to consult your GP and would happily increase your repeat prescription arrangements, to provide a minimum of a month's resupply on repeat. Also the Pharmacist can arrange for disposable pens to be replaced by reusable pens and disposable cartridges - not least because with your very high dosing requirements there would be far less waste, better for the environment and should be much more cost effective for the NHS. Your ""winning arguments"" should be firstly that requesting weekly is wholly unreasonable and secondly having pens that told you when you last injected is far safer than you accidentally taking a potential major overdose."
725,/boards/forums/general-message-board.2/,"I will try & speak to the pharmacist tomorrow & put in a request for reusable pens & cartridges on the online prescription form just now but, probably won’t be in time for today! Also, requested being able to order a month’s supply as well of 4 boxes of NR & 2 of double strength Tresiba! Thanks to @heli @Proud to be erratic & @Bruce Stephens"
726,/boards/forums/general-message-board.2/,"Lanny said: I will try & speak to the pharmacist tomorrow & put in a request for reusable pens & cartridges on the online prescription form just now but, probably won’t be in time for today! Also, requested being able to order a month’s supply as well of 4 boxes of NR & 2 of double strength Tresiba! Thanks to @heli @Proud to be erratic & @Bruce Stephens Click to expand... It is likely that your prescription will need to be changed so you may need to contact your GP surgery. My surgery has a ""prescribing pharmacist"" who makes such changes. This is different to the dispensing pharmacist who gives you what is on the script."
727,/boards/forums/general-message-board.2/,"helli said: It is likely that your prescription will need to be changed so you may need to contact your GP surgery. My surgery has a ""prescribing pharmacist"" who makes such changes. This is different to the dispensing pharmacist who gives you what is on the script. Click to expand... As I pointed out earlier @Lanny - contact the in house pharmacist, who is that prescribing person."
728,/boards/forums/general-message-board.2/,"helli said: @Lanny if you are using the single use pens, I highly recommend asking for the reusable ones. They are much better Click to expand... You can’t use reusable pens for double strength tresiba. @Lanny is absolutely correct that switching to reusable pens for tresiba would mean more boxes of pens as they’d have to switch to u100 and need twice as many cartridges as they currently do pens."
729,/boards/forums/general-message-board.2/,"I rang my health centre this morning just after 9am. That’s the reusable pens sorted out now as the in house pharmacist rang me back just now: too late for today & it’ll be done on Monday; then, get my chemist to deliver it when they text me to say they have it! Two different reusable pens in a grey & a blue colour so, I don’t mix up the bolus & basal insulins. The only change is the Tresiba cartridges that only come in the normal strength 100 units/ml which I’m fine with as my basal doses have come down, even the winter dose, since my weight loss that I CAN dial up single units to 60, now on 49 in the summer by alternating 50 & 48 on consecutive days, & maybe do two injections later in the winter that could be more than 60, 64 last winter? And I can order 4 boxes of NR & 2 boxes of Tresiba at once! So, it’s a bit more convenient now!"
730,/boards/forums/general-message-board.2/,This was on ITV News (yesterday apparently) https://www.itv.com/news/wales/2025-06-25/i-feel-like-insulin-shortage-is-controlling-me-says-woman-with-type-1-diabetes?fbclid=IwY2xjawLKWydleHRuA2FlbQIxMABicmlkETFwdFhKMEpFNmtSSHhpTDlKAR4jQx4_vINbQFNwUmIgeIyGNjSUmhQqSIrJcvNXTgH0bwq083C_a9bzcAVIeg_aem_Vgh80LG3uiuA-zbFNFvdUw
731,/boards/forums/general-message-board.2/,That's great news @Lanny . You mention you have two pens. Is that all? You must have at least one spare one because insulin pens can break and then you would be left with no method to dispense your insulin. They usually last a good few years but you never know when they may fail.
732,/boards/forums/general-message-board.2/,helli said: That's great news @Lanny . You mention you have two pens. Is that all? You must have at least one spare one because insulin pens can break and then you would be left with no method to dispense your insulin. They usually last a good few years but you never know when they may fail. Click to expand... I asked how long the pens last & pharmacist couldn’t say. I will ask for another 2 pens & say they’re for back ups!
733,/boards/forums/general-message-board.2/,Lanny said: I asked how long the pens last & pharmacist couldn’t say. I will ask for another 2 pens & say they’re for back ups! Click to expand... In-use pens will generally last up to 28 days at ambient (room) temperatures. Extra pens should be stored in a refrigerator (but not allowed to freeze). If properly stored they should last up until their expiry date printed on the box.
734,/boards/forums/general-message-board.2/,"everydayupsanddowns said: In-use pens will generally last up to 28 days at ambient (room) temperatures. Extra pens should be stored in a refrigerator (but not allowed to freeze). If properly stored they should last up until their expiry date printed on the box. Click to expand... I think Lanny means the actual reuseable pens themselves, not the cartridges that go in them. I’ve had mine for about 3 years so far, but I’ve got the old ones to fall back on should I have a breakage, only thing is, I’d have to live without the dosage info, as the batteries have worn out in the old ones."
735,/boards/forums/general-message-board.2/,"Apidra cartridges aren’t on the shortage page but have an unknown duration supply issue at least near me. I’ve now got a prescription for disposable pens to try, if I can’t get those then will switch insulin to anything except humalog. Yes you can check with the pharmacist what they can get hold of but it can change in the time taken to sort the prescription for that item out."
736,/boards/forums/general-message-board.2/,"Robin said: I think Lanny means the actual reuseable pens themselves, not the cartridges that go in them. I’ve had mine for about 3 years so far, but I’ve got the old ones to fall back on should I have a breakage, only thing is, I’d have to live without the dosage info, as the batteries have worn out in the old ones. Click to expand... Ah! Oops. Sorry @Lanny Thanks for clearing that up @Robin Novopen 6’s seem to be guaranteed for 3 years (and the insteuction book seems to suggest it would be the battery that might fail, when reading the disposal instructions. And there doesn’t seem to be an obvious recommendation for lifespan that I could see from a quick scan. https://www.novonordisk.com/content/dam/nncorp/global/en/our-products/pdf/instructions-for-use/novopen-6/Novopen6-IR.pdf I kept my reusable pens for longer than only 3 years when on MDI!"
737,/boards/forums/general-message-board.2/,"everydayupsanddowns said: And there doesn’t seem to be an obvious recommendation for lifespan that I could see from a quick scan. Click to expand... I think the assumption is that you'll replace it as the battery fails if nothing else breaks. (They're not rechargeable or anything.) While the outside is metal there's plenty of plastic bits that could break if you were unlucky and dropped it while changing the cartridge or something. In normal (reasonably careful) use I presume the battery will run out some time before mechanical failure, so assume 3-5 years."
738,/boards/forums/general-message-board.2/,everydayupsanddowns said: In-use pens will generally last up to 28 days at ambient (room) temperatures. Extra pens should be stored in a refrigerator (but not allowed to freeze). If properly stored they should last up until their expiry date printed on the box. Click to expand... In fact reusable pens should not be stored in a fridge. I use Sanofi reusable pens and the instructions specifically state that they shouldn't be stored in a fridge.
739,/boards/forums/general-message-board.2/,Duncan Mackay said: In fact reusable pens should not be stored in a fridge. I use Sanofi reusable pens and the instructions specifically state that they shouldn't be stored in a fridge. Click to expand... If you’re using the reusable pen that it’s clearly in use and not in the fridge. Mikes talking about extra disposable pens.
740,/boards/forums/general-message-board.2/,"Duncan Mackay said: In fact reusable pens should not be stored in a fridge. I use Sanofi reusable pens and the instructions specifically state that they shouldn't be stored in a fridge. Click to expand... Yes in the situation where someone is using penfil cartridges, it’s the in-use penfil cartridge that stays out of the fridge (in the reusable pen), and the spare penfil cartridges which are kept in the fridge. It one of the great things about reusable pens - the penfil cartridges are so much more space-efficient to store in the fridge!"
741,/boards/forums/general-message-board.2/,Hypurin Porcine Isophane Insulin is now unavailable in 10ml vials! The Neutral will disapoear in Febuary and the 30/70 July/August.. Very disappointed in Wockhardt's decision!
742,/boards/forums/general-message-board.2/,"MikeyBikey said: Hypurin Porcine Isophane Insulin is now unavailable in 10ml vials! The Neutral will disapoear in Febuary and the 30/70 July/August.. Very disappointed in Wockhardt's decision! Click to expand... Those insulins will still be available as penfills though I think @MikeyBikey What you need to know about insulin supply issues in the UK On this page: www.diabetes.org.uk I’m not sure which pens the cartridges will fit, but hopefully your DSN / pharmacist / GP will be able to help with the transition."
743,/boards/forums/general-message-board.2/,"helli said: That's great news @Lanny . You mention you have two pens. Is that all? You must have at least one spare one because insulin pens can break and then you would be left with no method to dispense your insulin. They usually last a good few years but you never know when they may fail. Click to expand... I also take ""those"" spare reusable pens if going away. Being abroad and a pen goes missing could be a bit of a problem."
744,/boards/forums/general-message-board.2/,"sarahlauren0471 said: When writing notes or documentation, I sometimes need perfect spacing between sections without any visible text getting in the way. Click to expand... Hi! I think you posted in the wrong place, sometimes it happens"
745,/boards/forums/general-message-board.2/,I have some small BD microfine 30G 8mm insulin syringes for emergencies. They are useful if a pen jams.
746,/boards/forums/general-message-board.2/,"Tezzz said: I have some small BD microfine 30G 8mm insulin syringes for emergencies. They are useful if a pen jams. Click to expand... Yep, syringes are my emergency back-up too."
747,/boards/forums/general-message-board.2/,helli said: That's great news @Lanny . You mention you have two pens. Is that all? You must have at least one spare one because insulin pens can break and then you would be left with no method to dispense your insulin. They usually last a good few years but you never know when they may fail. Click to expand... I asked how long the pens last & pharmacist couldn’t say. I will ask for another 2 pens & say they’re for back ups!
748,/boards/forums/general-message-board.2/,Lanny said: I asked how long the pens last & pharmacist couldn’t say. I will ask for another 2 pens & say they’re for back ups! Click to expand... In-use pens will generally last up to 28 days at ambient (room) temperatures. Extra pens should be stored in a refrigerator (but not allowed to freeze). If properly stored they should last up until their expiry date printed on the box.
749,/boards/forums/general-message-board.2/,"everydayupsanddowns said: In-use pens will generally last up to 28 days at ambient (room) temperatures. Extra pens should be stored in a refrigerator (but not allowed to freeze). If properly stored they should last up until their expiry date printed on the box. Click to expand... I think Lanny means the actual reuseable pens themselves, not the cartridges that go in them. I’ve had mine for about 3 years so far, but I’ve got the old ones to fall back on should I have a breakage, only thing is, I’d have to live without the dosage info, as the batteries have worn out in the old ones."
750,/boards/forums/general-message-board.2/,"Apidra cartridges aren’t on the shortage page but have an unknown duration supply issue at least near me. I’ve now got a prescription for disposable pens to try, if I can’t get those then will switch insulin to anything except humalog. Yes you can check with the pharmacist what they can get hold of but it can change in the time taken to sort the prescription for that item out."
751,/boards/forums/general-message-board.2/,"Robin said: I think Lanny means the actual reuseable pens themselves, not the cartridges that go in them. I’ve had mine for about 3 years so far, but I’ve got the old ones to fall back on should I have a breakage, only thing is, I’d have to live without the dosage info, as the batteries have worn out in the old ones. Click to expand... Ah! Oops. Sorry @Lanny Thanks for clearing that up @Robin Novopen 6’s seem to be guaranteed for 3 years (and the insteuction book seems to suggest it would be the battery that might fail, when reading the disposal instructions. And there doesn’t seem to be an obvious recommendation for lifespan that I could see from a quick scan. https://www.novonordisk.com/content/dam/nncorp/global/en/our-products/pdf/instructions-for-use/novopen-6/Novopen6-IR.pdf I kept my reusable pens for longer than only 3 years when on MDI!"
752,/boards/forums/general-message-board.2/,"everydayupsanddowns said: And there doesn’t seem to be an obvious recommendation for lifespan that I could see from a quick scan. Click to expand... I think the assumption is that you'll replace it as the battery fails if nothing else breaks. (They're not rechargeable or anything.) While the outside is metal there's plenty of plastic bits that could break if you were unlucky and dropped it while changing the cartridge or something. In normal (reasonably careful) use I presume the battery will run out some time before mechanical failure, so assume 3-5 years."
753,/boards/forums/general-message-board.2/,everydayupsanddowns said: In-use pens will generally last up to 28 days at ambient (room) temperatures. Extra pens should be stored in a refrigerator (but not allowed to freeze). If properly stored they should last up until their expiry date printed on the box. Click to expand... In fact reusable pens should not be stored in a fridge. I use Sanofi reusable pens and the instructions specifically state that they shouldn't be stored in a fridge.
754,/boards/forums/general-message-board.2/,Duncan Mackay said: In fact reusable pens should not be stored in a fridge. I use Sanofi reusable pens and the instructions specifically state that they shouldn't be stored in a fridge. Click to expand... If you’re using the reusable pen that it’s clearly in use and not in the fridge. Mikes talking about extra disposable pens.
755,/boards/forums/general-message-board.2/,"Duncan Mackay said: In fact reusable pens should not be stored in a fridge. I use Sanofi reusable pens and the instructions specifically state that they shouldn't be stored in a fridge. Click to expand... Yes in the situation where someone is using penfil cartridges, it’s the in-use penfil cartridge that stays out of the fridge (in the reusable pen), and the spare penfil cartridges which are kept in the fridge. It one of the great things about reusable pens - the penfil cartridges are so much more space-efficient to store in the fridge!"
756,/boards/forums/general-message-board.2/,Hypurin Porcine Isophane Insulin is now unavailable in 10ml vials! The Neutral will disapoear in Febuary and the 30/70 July/August.. Very disappointed in Wockhardt's decision!
757,/boards/forums/general-message-board.2/,"MikeyBikey said: Hypurin Porcine Isophane Insulin is now unavailable in 10ml vials! The Neutral will disapoear in Febuary and the 30/70 July/August.. Very disappointed in Wockhardt's decision! Click to expand... Those insulins will still be available as penfills though I think @MikeyBikey What you need to know about insulin supply issues in the UK On this page: www.diabetes.org.uk I’m not sure which pens the cartridges will fit, but hopefully your DSN / pharmacist / GP will be able to help with the transition."
758,/boards/forums/general-message-board.2/,"helli said: That's great news @Lanny . You mention you have two pens. Is that all? You must have at least one spare one because insulin pens can break and then you would be left with no method to dispense your insulin. They usually last a good few years but you never know when they may fail. Click to expand... I also take ""those"" spare reusable pens if going away. Being abroad and a pen goes missing could be a bit of a problem."
759,/boards/forums/general-message-board.2/,"sarahlauren0471 said: When writing notes or documentation, I sometimes need perfect spacing between sections without any visible text getting in the way. Click to expand... Hi! I think you posted in the wrong place, sometimes it happens"
760,/boards/forums/general-message-board.2/,I have some small BD microfine 30G 8mm insulin syringes for emergencies. They are useful if a pen jams.
761,/boards/forums/general-message-board.2/,"Tezzz said: I have some small BD microfine 30G 8mm insulin syringes for emergencies. They are useful if a pen jams. Click to expand... Yep, syringes are my emergency back-up too."
762,/boards/forums/general-message-board.2/,helli said: That's great news @Lanny . You mention you have two pens. Is that all? You must have at least one spare one because insulin pens can break and then you would be left with no method to dispense your insulin. They usually last a good few years but you never know when they may fail. Click to expand... I asked how long the pens last & pharmacist couldn’t say. I will ask for another 2 pens & say they’re for back ups!
763,/boards/forums/general-message-board.2/,Lanny said: I asked how long the pens last & pharmacist couldn’t say. I will ask for another 2 pens & say they’re for back ups! Click to expand... In-use pens will generally last up to 28 days at ambient (room) temperatures. Extra pens should be stored in a refrigerator (but not allowed to freeze). If properly stored they should last up until their expiry date printed on the box.
764,/boards/forums/general-message-board.2/,"everydayupsanddowns said: In-use pens will generally last up to 28 days at ambient (room) temperatures. Extra pens should be stored in a refrigerator (but not allowed to freeze). If properly stored they should last up until their expiry date printed on the box. Click to expand... I think Lanny means the actual reuseable pens themselves, not the cartridges that go in them. I’ve had mine for about 3 years so far, but I’ve got the old ones to fall back on should I have a breakage, only thing is, I’d have to live without the dosage info, as the batteries have worn out in the old ones."
765,/boards/forums/general-message-board.2/,"Apidra cartridges aren’t on the shortage page but have an unknown duration supply issue at least near me. I’ve now got a prescription for disposable pens to try, if I can’t get those then will switch insulin to anything except humalog. Yes you can check with the pharmacist what they can get hold of but it can change in the time taken to sort the prescription for that item out."
766,/boards/forums/general-message-board.2/,"Robin said: I think Lanny means the actual reuseable pens themselves, not the cartridges that go in them. I’ve had mine for about 3 years so far, but I’ve got the old ones to fall back on should I have a breakage, only thing is, I’d have to live without the dosage info, as the batteries have worn out in the old ones. Click to expand... Ah! Oops. Sorry @Lanny Thanks for clearing that up @Robin Novopen 6’s seem to be guaranteed for 3 years (and the insteuction book seems to suggest it would be the battery that might fail, when reading the disposal instructions. And there doesn’t seem to be an obvious recommendation for lifespan that I could see from a quick scan. https://www.novonordisk.com/content/dam/nncorp/global/en/our-products/pdf/instructions-for-use/novopen-6/Novopen6-IR.pdf I kept my reusable pens for longer than only 3 years when on MDI!"
767,/boards/forums/general-message-board.2/,"everydayupsanddowns said: And there doesn’t seem to be an obvious recommendation for lifespan that I could see from a quick scan. Click to expand... I think the assumption is that you'll replace it as the battery fails if nothing else breaks. (They're not rechargeable or anything.) While the outside is metal there's plenty of plastic bits that could break if you were unlucky and dropped it while changing the cartridge or something. In normal (reasonably careful) use I presume the battery will run out some time before mechanical failure, so assume 3-5 years."
768,/boards/forums/general-message-board.2/,everydayupsanddowns said: In-use pens will generally last up to 28 days at ambient (room) temperatures. Extra pens should be stored in a refrigerator (but not allowed to freeze). If properly stored they should last up until their expiry date printed on the box. Click to expand... In fact reusable pens should not be stored in a fridge. I use Sanofi reusable pens and the instructions specifically state that they shouldn't be stored in a fridge.
769,/boards/forums/general-message-board.2/,Duncan Mackay said: In fact reusable pens should not be stored in a fridge. I use Sanofi reusable pens and the instructions specifically state that they shouldn't be stored in a fridge. Click to expand... If you’re using the reusable pen that it’s clearly in use and not in the fridge. Mikes talking about extra disposable pens.
770,/boards/forums/general-message-board.2/,"Duncan Mackay said: In fact reusable pens should not be stored in a fridge. I use Sanofi reusable pens and the instructions specifically state that they shouldn't be stored in a fridge. Click to expand... Yes in the situation where someone is using penfil cartridges, it’s the in-use penfil cartridge that stays out of the fridge (in the reusable pen), and the spare penfil cartridges which are kept in the fridge. It one of the great things about reusable pens - the penfil cartridges are so much more space-efficient to store in the fridge!"
771,/boards/forums/general-message-board.2/,Hypurin Porcine Isophane Insulin is now unavailable in 10ml vials! The Neutral will disapoear in Febuary and the 30/70 July/August.. Very disappointed in Wockhardt's decision!
772,/boards/forums/general-message-board.2/,"MikeyBikey said: Hypurin Porcine Isophane Insulin is now unavailable in 10ml vials! The Neutral will disapoear in Febuary and the 30/70 July/August.. Very disappointed in Wockhardt's decision! Click to expand... Those insulins will still be available as penfills though I think @MikeyBikey What you need to know about insulin supply issues in the UK On this page: www.diabetes.org.uk I’m not sure which pens the cartridges will fit, but hopefully your DSN / pharmacist / GP will be able to help with the transition."
773,/boards/forums/general-message-board.2/,"helli said: That's great news @Lanny . You mention you have two pens. Is that all? You must have at least one spare one because insulin pens can break and then you would be left with no method to dispense your insulin. They usually last a good few years but you never know when they may fail. Click to expand... I also take ""those"" spare reusable pens if going away. Being abroad and a pen goes missing could be a bit of a problem."
774,/boards/forums/general-message-board.2/,"sarahlauren0471 said: When writing notes or documentation, I sometimes need perfect spacing between sections without any visible text getting in the way. Click to expand... Hi! I think you posted in the wrong place, sometimes it happens"
775,/boards/forums/general-message-board.2/,I have some small BD microfine 30G 8mm insulin syringes for emergencies. They are useful if a pen jams.
776,/boards/forums/general-message-board.2/,"Tezzz said: I have some small BD microfine 30G 8mm insulin syringes for emergencies. They are useful if a pen jams. Click to expand... Yep, syringes are my emergency back-up too."
777,/boards/forums/general-message-board.2/,"Please see the following re. Android 16 and Dexcom G6 New Android 16 update could impact Dexcom G6 mobile app usage, Dexcom warns If you do not download the new Android 16 update then you will not be affected, and Dexcom G7 users are not affected. Android 16 update latest The Android 16 operation system is available to some Android smartphones, but Dexcom has urged G6 CGM users to not accept the update when your phone... www.diabetes.org.uk"
778,/boards/forums/general-message-board.2/,"Anna DUK said: Please see the following re. Android 16 and Dexcom G6 New Android 16 update could impact Dexcom G6 mobile app usage, Dexcom warns If you do not download the new Android 16 update then you will not be affected, and Dexcom G7 users are not affected. Android 16 update latest The Android 16 operation system is available to some Android smartphones, but Dexcom has urged G6 CGM users to not accept the update when your phone... www.diabetes.org.uk Click to expand... Any news on a date...dexcom website says it normally only takes a couple of weeks and its been months"
779,/boards/forums/general-message-board.2/,"Please see the following re. Android 16 and Dexcom G6 New Android 16 update could impact Dexcom G6 mobile app usage, Dexcom warns If you do not download the new Android 16 update then you will not be affected, and Dexcom G7 users are not affected. Android 16 update latest The Android 16 operation system is available to some Android smartphones, but Dexcom has urged G6 CGM users to not accept the update when your phone... www.diabetes.org.uk"
780,/boards/forums/general-message-board.2/,"Anna DUK said: Please see the following re. Android 16 and Dexcom G6 New Android 16 update could impact Dexcom G6 mobile app usage, Dexcom warns If you do not download the new Android 16 update then you will not be affected, and Dexcom G7 users are not affected. Android 16 update latest The Android 16 operation system is available to some Android smartphones, but Dexcom has urged G6 CGM users to not accept the update when your phone... www.diabetes.org.uk Click to expand... Any news on a date...dexcom website says it normally only takes a couple of weeks and its been months"
781,/boards/forums/general-message-board.2/,"Our consent statement: It's really important to us that we provide you with the best support possible and send you the most relevant information and requests to support us. To do this, we sometimes need to ask for information like your connection to diabetes, year of diagnosis, treatment type and ethnicity. By sharing this information we’ll be able to improve the service we offer to you and every person affected by diabetes. You can find out more about how we use your information at www.diabetes.org.uk/privacy . In order to update your profile, please see the attached document for a step by step guide."
782,/boards/forums/general-message-board.2/,"Our consent statement: It's really important to us that we provide you with the best support possible and send you the most relevant information and requests to support us. To do this, we sometimes need to ask for information like your connection to diabetes, year of diagnosis, treatment type and ethnicity. By sharing this information we’ll be able to improve the service we offer to you and every person affected by diabetes. You can find out more about how we use your information at www.diabetes.org.uk/privacy . In order to update your profile, please see the attached document for a step by step guide."
783,/boards/forums/general-message-board.2/,"With Humulin I as the front runner for my impending switch from my morning (24iu)+evening (18iu) Levemir, my DSN suggested taking the evening Humulin at the same time as my supper. - the product info says Humulin I's peak ranges between 4 to 8 hours...so a 7pm injection would peak at 11pm - 3am.  For those taking both morning and evening Humulin I, are others injecting at that sort of time and what's the approach to avoid BG lows in the middle of the night. What I can't get my head around is working out a Humulin evening dosage that avoids the middle of the night lows but doesn't render the remaining duration too weak until the morning dose.   This could well be me over-complicating things and its simply a matter of adjusting the strength of the evening dose until I get the curve right....but to me, an intermediate insulin like Humulin I seems to require a very different approach than taking Levemir.   Thanks for all the  responses."
784,/boards/forums/general-message-board.2/,"I find its peak is closer to 4hrs than 8hrs @ChrisLG I’d place it between 4 and 5 hours. So, when I use isophane I have my evening dose around 10/10.30pm. This means any peak starts between 2 and 3am, which is approximately when my DP starts, so that cancels out the peak pretty much. I only take a small dose of isophane in the evening but I find the peak ok. It’s a question of balancing your dose amount and injection timing. Also, with a basal such as isophane, you don’t want it to run out too early, so if you took it at 5pm, for example, you might find it’s action had faded out by the morning."
785,/boards/forums/general-message-board.2/,"I am pretty sure I was initially advised to take my Levemir at 12 hour intervals and an even split but with time and experience I found that I needed much larger (22units) in the morning as soon as I woke up (usually 7-8am) and a much smaller dose (0-5units) that I took at bedtime  (usually 11pm-1am) This has worked very well for me with Levemir so I intend to take my Humulin i in a similar way when I eventually get it, but I am still hanging on to my Levemir until supplies and my small stockpile run out. Obviously if I encounter problems with the Humulin i then I will adjust my approach, but to me the profile of activity is similar with them both so I will start off with the same routine. Does your DSN know your current schedule for taking your Levemir. Did he/she give any explanation as to why you shouldn't follow the same routine with Humulin i as you have with your Levemir and take it earlier in the evening? To me it seems like taking such a large dose earlier may well result in potential hypos during the witching hours, when many people find their basal insulin needs are at their lowest. At the end of the day, it is your diabetes and you are the person who is managing it day to day, so if you think their advice is less safe than what you currently do, then follow your own judgement, but as with any change of insulin/routine be prepared for potential lows and always have treatments and BG meter to hand to double check any low readings/alarms until you get things ironed out."
786,/boards/forums/general-message-board.2/,"Inka said: I find its peak is closer to 4hrs than 8hrs @ChrisLG I’d place it between 4 and 5 hours. So, when I use isophane I have my evening dose around 10/10.30pm. This means any peak starts between 2 and 3am, which is approximately when my DP starts, so that cancels out the peak pretty much. I only take a small dose of isophane in the evening but I find the peak ok. It’s a question of balancing your dose amount and injection timing. Also, with a basal such as isophane, you don’t want it to run out too early, so if you took it at 5pm, for example, you might find it’s action had faded out by the morning. Click to expand... Thanks. Useful to get first hand on peaks and timings.  Post-pump, and that unexplained late night very low, I moved my evening Levemir to 9pm and it's worked very well since.  My DP doesn't really surface until 8am and its only mild.   Very difficult to know in advance how one's system will react to Humulin timing/dosing so as with all things insulin for me, it's avoid the hypos at all costs. and tweak and tweak again to eliminate the highs."
787,/boards/forums/general-message-board.2/,"rebrascora said: I am pretty sure I was initially advised to take my Levemir at 12 hour intervals and an even split but with time and experience I found that I needed much larger (22units) in the morning as soon as I woke up (usually 7-8am) and a much smaller dose (0-5units) that I took at bedtime  (usually 11pm-1am) This has worked very well for me with Levemir so I intend to take my Humulin i in a similar way when I eventually get it, but I am still hanging on to my Levemir until supplies and my small stockpile run out. Obviously if I encounter problems with the Humulin i then I will adjust my approach, but to me the profile of activity is similar with them both so I will start off with the same routine. Does your DSN know your current schedule for taking your Levemir. Did he/she give any explanation as to why you shouldn't follow the same routine with Humulin i as you have with your Levemir and take it earlier in the evening? To me it seems like taking such a large dose earlier may well result in potential hypos during the witching hours, when many people find their basal insulin needs are at their lowest. At the end of the day, it is your diabetes and you are the person who is managing it day to day, so if you think their advice is less safe than what you currently do, then follow your own judgement, but as with any change of insulin/routine be prepared for potential lows and always have treatments and BG meter to hand to double check any low readings/alarms until you get things ironed out. Click to expand... Thanks and fully on board as to who is managing my diabetes.  In fact, I cant work out if health care teams are simply being realistic when their approach seems to be ""hands off"" ie ""try this"", ""see what reducing by x % does""...or are much less engaged than what might be expected when such a major change to critical medication is imminent.   After all, consider the detail we go into on this forum in terms of issue of dosing, timing, curves etc.   I'm confident DSNs will answer the questions put to them but surely they should be pro-active in laying out some kind of pathway as to managing the change. The DSN suggested the earlier evening injection based upon my concern that taking it at the same time as my 9pm Levemir would mean that potential lows (certainly at the outset) would be occurring at 3-4am when the Humulin was peaking.  As mentioned to @Inka I think everything will be based upon starting with low levels of evening Humulin (maybe 50% of current Levemir) to use that as a safety benchmark.   Hope your own Humulin journey will work well and interested to know how it goes once you start.  Good luck with it all"
788,/boards/forums/general-message-board.2/,"Do you get a general 3am - 4am dip in BGs @ChrisLG (this was one of my challenges on Lantus, but I didn’t realise it at the time). What time do you usually go to bed? For some like @Inka isophane’s bump in activity can be a handy way to flatten the release of glucose from Dawn Phenomenon, but (like you perhaps?) my liver only starts dumping when I actually get out of bed - even after a long lie-in. So getting the timing right to avoid more insulin being active around 3am would be crucial for me. Depending on Humulin I’s behaviour in me, that might mean shifting it earlier or later. Possibly substantially so? Good luck finding a system that works for you"
789,/boards/forums/general-message-board.2/,"everydayupsanddowns said: Do you get a general 3am - 4am dip in BGs @ChrisLG (this was one of my challenges on Lantus, but I didn’t realise it at the time). What time do you usually go to bed? For some like @Inka isophane’s bump in activity can be a handy way to flatten the release of glucose from Dawn Phenomenon, but (like you perhaps?) my liver only starts dumping when I actually get out of bed - even after a long lie-in. So getting the timing right to avoid more insulin being active around 3am would be crucial for me. Depending on Humulin I’s behaviour in me, that might mean shifting it earlier or later. Possibly substantially so? Good luck finding a system that works for you Click to expand... Good call on the 3-4am status @everydayupsanddowns .  My Libre graph shows that's the point where there's a gentle trend down by 1-2mmol from around 10 and then it flattens over the next 3-4 hours and stays between 7-9 until I get up which absolutely works for me.   So my point is that if Levemir's curve is able to control levels in that way, what will the relatively more aggressive Humulin do?  Bed is typically 11pm."
790,/boards/forums/general-message-board.2/,"ChrisLG said: So my point is that if Levemir's curve is able to control levels in that way, what will the relatively more aggressive Humulin do? Bed is typically 11pm. Click to expand... Always the 64,000 dollar question. And much will depend on how Humulin I absorbs for you . When it generally peaks for you , and how significant that peak is for you . Fortunately you have the tools to make observations and adjustments based on your best guess. There may be some hints in the Patient Information Leaflet in the box if they provide a graph of average absorption/availability? Then it’ll depend on how your body reacts, and how close to an average response your personal reaction is"
791,/boards/forums/general-message-board.2/,"With Humulin I as the front runner for my impending switch from my morning (24iu)+evening (18iu) Levemir, my DSN suggested taking the evening Humulin at the same time as my supper. - the product info says Humulin I's peak ranges between 4 to 8 hours...so a 7pm injection would peak at 11pm - 3am.  For those taking both morning and evening Humulin I, are others injecting at that sort of time and what's the approach to avoid BG lows in the middle of the night. What I can't get my head around is working out a Humulin evening dosage that avoids the middle of the night lows but doesn't render the remaining duration too weak until the morning dose.   This could well be me over-complicating things and its simply a matter of adjusting the strength of the evening dose until I get the curve right....but to me, an intermediate insulin like Humulin I seems to require a very different approach than taking Levemir.   Thanks for all the  responses."
792,/boards/forums/general-message-board.2/,"I find its peak is closer to 4hrs than 8hrs @ChrisLG I’d place it between 4 and 5 hours. So, when I use isophane I have my evening dose around 10/10.30pm. This means any peak starts between 2 and 3am, which is approximately when my DP starts, so that cancels out the peak pretty much. I only take a small dose of isophane in the evening but I find the peak ok. It’s a question of balancing your dose amount and injection timing. Also, with a basal such as isophane, you don’t want it to run out too early, so if you took it at 5pm, for example, you might find it’s action had faded out by the morning."
793,/boards/forums/general-message-board.2/,"I am pretty sure I was initially advised to take my Levemir at 12 hour intervals and an even split but with time and experience I found that I needed much larger (22units) in the morning as soon as I woke up (usually 7-8am) and a much smaller dose (0-5units) that I took at bedtime  (usually 11pm-1am) This has worked very well for me with Levemir so I intend to take my Humulin i in a similar way when I eventually get it, but I am still hanging on to my Levemir until supplies and my small stockpile run out. Obviously if I encounter problems with the Humulin i then I will adjust my approach, but to me the profile of activity is similar with them both so I will start off with the same routine. Does your DSN know your current schedule for taking your Levemir. Did he/she give any explanation as to why you shouldn't follow the same routine with Humulin i as you have with your Levemir and take it earlier in the evening? To me it seems like taking such a large dose earlier may well result in potential hypos during the witching hours, when many people find their basal insulin needs are at their lowest. At the end of the day, it is your diabetes and you are the person who is managing it day to day, so if you think their advice is less safe than what you currently do, then follow your own judgement, but as with any change of insulin/routine be prepared for potential lows and always have treatments and BG meter to hand to double check any low readings/alarms until you get things ironed out."
794,/boards/forums/general-message-board.2/,"Inka said: I find its peak is closer to 4hrs than 8hrs @ChrisLG I’d place it between 4 and 5 hours. So, when I use isophane I have my evening dose around 10/10.30pm. This means any peak starts between 2 and 3am, which is approximately when my DP starts, so that cancels out the peak pretty much. I only take a small dose of isophane in the evening but I find the peak ok. It’s a question of balancing your dose amount and injection timing. Also, with a basal such as isophane, you don’t want it to run out too early, so if you took it at 5pm, for example, you might find it’s action had faded out by the morning. Click to expand... Thanks. Useful to get first hand on peaks and timings.  Post-pump, and that unexplained late night very low, I moved my evening Levemir to 9pm and it's worked very well since.  My DP doesn't really surface until 8am and its only mild.   Very difficult to know in advance how one's system will react to Humulin timing/dosing so as with all things insulin for me, it's avoid the hypos at all costs. and tweak and tweak again to eliminate the highs."
795,/boards/forums/general-message-board.2/,"rebrascora said: I am pretty sure I was initially advised to take my Levemir at 12 hour intervals and an even split but with time and experience I found that I needed much larger (22units) in the morning as soon as I woke up (usually 7-8am) and a much smaller dose (0-5units) that I took at bedtime  (usually 11pm-1am) This has worked very well for me with Levemir so I intend to take my Humulin i in a similar way when I eventually get it, but I am still hanging on to my Levemir until supplies and my small stockpile run out. Obviously if I encounter problems with the Humulin i then I will adjust my approach, but to me the profile of activity is similar with them both so I will start off with the same routine. Does your DSN know your current schedule for taking your Levemir. Did he/she give any explanation as to why you shouldn't follow the same routine with Humulin i as you have with your Levemir and take it earlier in the evening? To me it seems like taking such a large dose earlier may well result in potential hypos during the witching hours, when many people find their basal insulin needs are at their lowest. At the end of the day, it is your diabetes and you are the person who is managing it day to day, so if you think their advice is less safe than what you currently do, then follow your own judgement, but as with any change of insulin/routine be prepared for potential lows and always have treatments and BG meter to hand to double check any low readings/alarms until you get things ironed out. Click to expand... Thanks and fully on board as to who is managing my diabetes.  In fact, I cant work out if health care teams are simply being realistic when their approach seems to be ""hands off"" ie ""try this"", ""see what reducing by x % does""...or are much less engaged than what might be expected when such a major change to critical medication is imminent.   After all, consider the detail we go into on this forum in terms of issue of dosing, timing, curves etc.   I'm confident DSNs will answer the questions put to them but surely they should be pro-active in laying out some kind of pathway as to managing the change. The DSN suggested the earlier evening injection based upon my concern that taking it at the same time as my 9pm Levemir would mean that potential lows (certainly at the outset) would be occurring at 3-4am when the Humulin was peaking.  As mentioned to @Inka I think everything will be based upon starting with low levels of evening Humulin (maybe 50% of current Levemir) to use that as a safety benchmark.   Hope your own Humulin journey will work well and interested to know how it goes once you start.  Good luck with it all"
796,/boards/forums/general-message-board.2/,"Do you get a general 3am - 4am dip in BGs @ChrisLG (this was one of my challenges on Lantus, but I didn’t realise it at the time). What time do you usually go to bed? For some like @Inka isophane’s bump in activity can be a handy way to flatten the release of glucose from Dawn Phenomenon, but (like you perhaps?) my liver only starts dumping when I actually get out of bed - even after a long lie-in. So getting the timing right to avoid more insulin being active around 3am would be crucial for me. Depending on Humulin I’s behaviour in me, that might mean shifting it earlier or later. Possibly substantially so? Good luck finding a system that works for you"
797,/boards/forums/general-message-board.2/,"everydayupsanddowns said: Do you get a general 3am - 4am dip in BGs @ChrisLG (this was one of my challenges on Lantus, but I didn’t realise it at the time). What time do you usually go to bed? For some like @Inka isophane’s bump in activity can be a handy way to flatten the release of glucose from Dawn Phenomenon, but (like you perhaps?) my liver only starts dumping when I actually get out of bed - even after a long lie-in. So getting the timing right to avoid more insulin being active around 3am would be crucial for me. Depending on Humulin I’s behaviour in me, that might mean shifting it earlier or later. Possibly substantially so? Good luck finding a system that works for you Click to expand... Good call on the 3-4am status @everydayupsanddowns .  My Libre graph shows that's the point where there's a gentle trend down by 1-2mmol from around 10 and then it flattens over the next 3-4 hours and stays between 7-9 until I get up which absolutely works for me.   So my point is that if Levemir's curve is able to control levels in that way, what will the relatively more aggressive Humulin do?  Bed is typically 11pm."
798,/boards/forums/general-message-board.2/,"ChrisLG said: So my point is that if Levemir's curve is able to control levels in that way, what will the relatively more aggressive Humulin do? Bed is typically 11pm. Click to expand... Always the 64,000 dollar question. And much will depend on how Humulin I absorbs for you . When it generally peaks for you , and how significant that peak is for you . Fortunately you have the tools to make observations and adjustments based on your best guess. There may be some hints in the Patient Information Leaflet in the box if they provide a graph of average absorption/availability? Then it’ll depend on how your body reacts, and how close to an average response your personal reaction is"
799,/boards/forums/general-message-board.2/,How about for a bit of fun if people who test in the mornings post their waking levels? I think it would be interesting to see what the average works out at after a week I'll start with mine - I was 6.0 when I woke up this morning (please don't let me be the only person to enter one! )
800,/boards/forums/general-message-board.2/,Good game good game Mine was 6.6 when I woke this morning.
801,/boards/forums/general-message-board.2/,Ben was a disappointing 12.6!
802,/boards/forums/general-message-board.2/,ruthelliot said: Ben was a disappointing 12.6! Click to expand... Oh dear! Hope he gets a better one tomorrow!
803,/boards/forums/general-message-board.2/,5.3 from me this morning (despite over indulging in food last night ) but woke to a 4.3 yesterday...
804,/boards/forums/general-message-board.2/,cazscot said: 5.3 from me this morning (despite over indulging in food last night ) but woke to a 4.3 yesterday... Click to expand... I can see where you got that HbA1c from!
805,/boards/forums/general-message-board.2/,"7.4 this morning which considering we were out for a very indulgent chinese meal last night, was not bad I thought!"
806,/boards/forums/general-message-board.2/,"Northerner said: I can see where you got that HbA1c from! Click to expand... Thanks Alan, I wonder how low I can get it ..."
807,/boards/forums/general-message-board.2/,"Barb3234 said: 7.4 this morning which considering we were out for a very indulgent chinese meal last night, was not bad I thought! Click to expand... That's great Barb - Chinese meals are notorious, so a good result!"
808,/boards/forums/general-message-board.2/,4.5 yesterday and 5.1 this morning.  Unfair advantage me thinks as I have a pump
809,/boards/forums/general-message-board.2/,"Havent been on here in forever with work and all, but thought I'd look in. I woke up to a 6.1 which is pretty good since Ive been waking up to sevens the last week :/ Its going to be interesting to see the weeks results"
810,/boards/forums/general-message-board.2/,"7.8 this morning which is at the upper limit of what I think is OK. Have been running slightly high for a week or so, but on the plus side only one hypo in 9 days!"
811,/boards/forums/general-message-board.2/,"Had a blip this morning with 9.5 but have mitigating circumstances. It's been in the 4s and 5s recently, with a couple of 3s after busy days. Promise not to spoil the average from tomorrow. Rob"
812,/boards/forums/general-message-board.2/,"5.8 when I woke @ 9.20 this morn ( past 5 days were 3.9, 3.2, 3.3, 3.8 & 3.9) think the vodies I had last night helped !"
813,/boards/forums/general-message-board.2/,"Dizzydi said: 5.8 when I woke @ 9.20 this morn ( past 5 days were 3.9, 3.2, 3.3, 3.8 & 3.9) think the vodies I had last night helped ! Click to expand... 5.8 is better than 3s I think Di! Do you get hypo symptoms at those levels? I'd be a bit worried as quite often you drop lower than your waking level in the middle of the night so you might be getting a bit too used to levels at the low end of the range and not getting woken by even lower levels. Do you think your levemir needs a tweak?"
814,/boards/forums/general-message-board.2/,"6.3 this morn at 8.30, its my high levels after tea time that annoy me"
815,/boards/forums/general-message-board.2/,A very rubbish 11.0.  I also had chinese last night and didn't really know how to count the carbs in it so just guessed.  But it's my highest reading in weeks so trying not to be too hard on myself.
816,/boards/forums/general-message-board.2/,Northerner said: 5.8 is better than 3s I think Di! Do you get hypo symptoms at those levels? I'd be a bit worried as quite often you drop lower than your waking level in the middle of the night so you might be getting a bit too used to levels at the low end of the range and not getting woken by even lower levels. Do you think your levemir needs a tweak? Click to expand... I increased the levemir when I was having highs and am in process of bringing it down. Woke at 5 am with the 3.2 during week. Down to 9 units again and monitoring. I do feel hypo when I get below 4. Had a few in the 2's in the eves last week so reduced the novo as well x
817,/boards/forums/general-message-board.2/,great game. 7.2 for me this morn
818,/boards/forums/general-message-board.2/,"Dizzydi said: I increased the levemir when I was having highs and am in process of bringing it down. Woke at 5 am with the 3.2 during week. Down to 9 units again and monitoring. I do feel hypo when I get below 4. Had a few in the 2's in the eves last week so reduced the novo as well x Click to expand... Ah yes, I remember - glad to hear you are tackling it, and good to hear that you woke with the 3.2 In the first few months after I was diagnosed I was more scared of highs than lows and would frequently wake in the upper 3s or low 4s - then it occured to me that perhaps it was a bit low and there might come a time when I didn't wake up at all. Now I'm usually in the 5s or 6s and if I dip below 5 then I consider lowering my lantus (which isn't always easy when I drop to 3 units!). From this morning's result, it looks like you have the option of less levemir or a nightly vodka-fest"
819,/boards/forums/general-message-board.2/,traceycat said: great game. 7.2 for me this morn Click to expand... Hi Tracey! Thanks for joining in
820,/boards/forums/general-message-board.2/,A very dissapointing 10.9 after yesterdays good ones .
821,/boards/forums/general-message-board.2/,caroleann said: A very dissapointing 10.9 after yesterdays good ones . Click to expand... I'm sure there will be better ones to come caroleann
822,/boards/forums/general-message-board.2/,"My little one was 4.2, normally around 7 but we had a bit of a night earlier on with what turned out to be a bent cannula, think the correction dose brought her down to that. A swift breakfast and having a fair day"
823,/boards/forums/general-message-board.2/,"Hanmillmum said: My little one was 4.2, normally around 7 but we had a bit of a night earlier on with what turned out to be a bent cannula, think the correction dose brought her down to that. A swift breakfast and having a fair day Click to expand... Sounds like the correction was pretty much spot on, always difficult to get them exactly right!"
824,/boards/forums/general-message-board.2/,7.3 I'm afraid.    I never seem to get down into the 6s these days.  I'm seeing my nice DSN at the hospital on the 30th - she's brought my November appointment forward as I'm losing it completely just now and I fear a rearrangement of insulin is coming up - just when I'd got used to this regime....blasted diabetes.
825,/boards/forums/general-message-board.2/,7.6 for me this morning. Pretty typical for me these days and usually my highest reading of the day. XXXXX
826,/boards/forums/general-message-board.2/,6.4 this morning I'm fine with that! (yesterday was 10.2 after the previous dinner being indian D
827,/boards/forums/general-message-board.2/,"8.5 at 9am, after 3.0 at 4am!"
828,/boards/forums/general-message-board.2/,"Just back from nearly 4 weeks in Singapore where I had to reduce my Novorapid usage significantly, now trying to get all back in line again. Morning seems to be mostly Ok though - 6.0 today. (Does everyone test on waking? - I test just before eating breakfast, probably 15 minutes or so after getting up)"
829,/boards/forums/general-message-board.2/,"13.8 for me, after a 3am hypo. unfortunately I don't count that as too bad."
830,/boards/forums/general-message-board.2/,"rachelha said: 13.8 for me, after a 3am hypo. unfortunately I don't count that as too bad. Click to expand... Hopefully the pump will make things much better Rachel - have you got long to go?"
831,/boards/forums/general-message-board.2/,"Mine was 6.9 this morning, it was 3.5 before bed so I took less Levemir last night.  Sheena"
832,/boards/forums/general-message-board.2/,"Mines is all over the place, Sun 14th 11.5 - Mon 15th 12.5 - Tue 16th 12.2 - Wed 17th 6.0 - Thu 18th 5.3 - Fri 19th 9.9 - Sat 20th 7.1 - Sun 21st 9.1 Seeing Diabetic specialist nurse regulary who's helping me adjust the doses of glargine and lispro - possibly lowering the glargine from 96u at night and starting on byetta Regards Andy"
833,/boards/forums/general-message-board.2/,"AndyS said: Mines is all over the place, Sun 14th 11.5 - Mon 15th 12.5 - Tue 16th 12.2 - Wed 17th 6.0 - Thu 18th 5.3 - Fri 19th 9.9 - Sat 20th 7.1 - Sun 21st 9.1 Seeing Diabetic specialist nurse regulary who's helping me adjust the doses of glargine and lispro - possibly lowering the glargine from 96u at night and starting on byetta Regards Andy Click to expand... Hope you can get a bit more stability in the 5s and 6s when you try the adjustments and Byetta Andy, that's quite a few ups and downs!"
834,/boards/forums/general-message-board.2/,"Darn! Why am I always logging on here too late at night! I'm closer to tomorrow mornings reading than this morning! But it was a perfect 4.2 ...thank you and goodnight!!! (*Bowing*) Prob wont be any good in the morning, as I completely forgot that I hadn't had my insulin after tea and now I'll need to correct! ARGH"
835,/boards/forums/general-message-board.2/,"hyper-Suze said: Darn! Why am I always logging on here too late at night! I'm closer to tomorrow mornings reading than this morning! But it was a perfect 4.2 ...thank you and goodnight!!! (*Bowing*) Prob wont be any good in the morning, as I completely forgot that I hadn't had my insulin after tea and now I'll need to correct! ARGH Click to expand... If it's any consolation, I forgot my 2nd lantus jab 2 evenings running until an hour or so later than normal. Makes little difference but a trend I don't want. Rob"
836,/boards/forums/general-message-board.2/,6.6 for me this morning which is a bit on higher side usually hoover between 4-5 when get up
837,/boards/forums/general-message-board.2/,"5.2 for me Which is rather good, considering I went to bed on 5.3 and measured 4.8 when I woke at about 2 am!"
838,/boards/forums/general-message-board.2/,"Afternoon all. 6.3 for me this morning. Strange weather up here. Very strong breeze blowing, showery rain sunshine and sometimes cloudy .Just need a bit snow thrown in and we have it all . Congratulations to @freesia and @Islander on your Hs today.May the rain gods swamp you . Enjoy your day people"
839,/boards/forums/general-message-board.2/,"Colin g said: Afternoon all. 6.3 for me this morning. Strange weather up here. Very strong breeze blowing, showery rain sunshine and sometimes cloudy .Just need a bit snow thrown in and we have it all . Congratulations to @freesia and @Islander on your Hs today.May the rain gods swamp you . Enjoy your day people Click to expand... Same over in Cumbria. Never got above 15 degrees, blowing a hoolie, heavy showers and sunshine!"
840,/boards/forums/general-message-board.2/,"6.7 and another unicorn - two on the trot, must be coming down with summat. TiR hovering around 92% with an average of 7.1 for the week & the last 30 days. No hypos' for a whole week - some kind of record (the two that show for the last 4 days were down to the Libre fairies, FP we're 2-3 mmol/L higher at the time). It's a very cool and damp morning. The day progressed in the style that @eggyg said earlier - 'blowing a hoolie'. The showers continued into the evening. We got out to the Playhouse this evening between the showers to see the Bridal Bay starring Matilda River Walden and Co. playing the starring roles - it's getting plenty of reviews - I'll look it up on YouTube in the coming weeks for another viewing. Congratulations @freesia & @Islander on todays HSs. Enjoy your evening. You can complain about the weather, I prefer to dance in the rain. Stay safe."
841,/boards/forums/general-message-board.2/,@eggyg i have a cooking question for you....when you do your large stuffed pasta shells how do you cook them? The recipe said to parboil and make the bolognese runnier so the pasta softens in the sauce but last time i did that the pasta shells didn't cook through.
842,/boards/forums/general-message-board.2/,"freesia said: @eggyg i have a cooking question for you....when you do your large stuffed pasta shells how do you cook them? The recipe said to parboil and make the bolognese runnier so the pasta softens in the sauce but last time i did that the pasta shells didn't cook through. Click to expand... I don’t cook them I soak them in boiling water for 15/20 minutes, you need to keep checking that they don’t go too soft. If they do they tear when you stuff them. I cover the dish with foil as the pasta burns, I uncover towards the end. My last attempt ended in disaster as I forget about them and they all fell to bits. I just wrapped the pasta around the cheesy filling, tasted the same but looked terrible. Good luck."
843,/boards/forums/general-message-board.2/,Morning and a 5.8 and congrats on HSs @freesia and @Islander and @eggyg your explanation of “ clarty” was as clear as mud. Fortunately I use that term but not a “ hoolie” Had to have Dextrose before bed and in wee hours as took too much insulin for our Indian meal which was delicious. Couple of tip runs today as a lot of packaging from kitchen appliances etc and skip is full to bursting. Another long day for fitter but definitely taking shape as most of units are up and appliances in. Dogs are loving being away judging by the videos sent to me and Wendal loves the freedom at home. Days just blend into each other at moment but weather so much nicer and cooler and only needed to water plants a little as rained but not as much as thought. Anyway will let you go now and have a good day all.
844,/boards/forums/general-message-board.2/,"Good morning folks I managed to finger prick yjis morning 6.2 so quite happy about that considering my current situation. The feeling tired and sleepy all the time is quite common with the break - just the body requiring more rest for healing. Started elbow exercise this morning didnt realise how stiff it would get in such a short time being in the sling, just proves if u dont use it u lose it. Hope everyone is keeping well, have a good day everyone. apologies for errors, omissions or goble de gook in advance"
845,/boards/forums/general-message-board.2/,6 but so tired. Pump woke me up 6 times between 1am and 6am! For alarms saying it was suspending / resuming basal. I’ve been in basal suspended for about 5 of the 16 hours I’ve been on insulin in the pump now! We did put cautious settings in but maybe they’re too strong. I haven’t actually gone low though so I guess it has worked. I hope this gets better in HCL mode can’t deal with being woken 6 times a night every night.
846,/boards/forums/general-message-board.2/,"Morning all. 7.4 for me on this cooler than recently central Berkshire morning. You can guess the rest. Top temperature is reckoned to be about 23 degrees so lovely and pleasant, and a gentler breeze than yesterday. Wife managed to get her first belt at her new kickboxing club last night. Before you all go celebrating, it's only white belt - you don't actually need to do anything other than attend a few classes and pay your subs to get it. @Silent Sands congratulations on the unicorn - and I would join you to dance in the rain if we actually had any, so until then I'll keep on complaining Something tells me we might be moaning for a while."
847,/boards/forums/general-message-board.2/,"Morning all. 5.7 here. I was busy outside all day yesterday - clearing, pruning, raking, dragging...I remembered to do my stretching exercises before going in the shower so I'm only mildly creaky this morning. The sun's busy burning away the mist as I type. Looks like another hot one on the cards. The forecast says overcast. Not from where I'm sitting!"
848,/boards/forums/general-message-board.2/,Morning folks. 5.5 Clear blue skies and bright sunshine today with not even the slightest hint of yesterday being so cold I need to wear trousers for the first time in yonks (instead of shorts I hasten to add). @Grannylorraine I enjoyed Comedy about Spies! Glad you both enjoyed it too!
849,/boards/forums/general-message-board.2/,"Morning all, 5.3 here, so close! Went to Buscot Park yesterday, in South Oxfordshire, for the gardens and tea. Their lake still looked remarkably full, wonder where their water comes from. (the answer is a spring out of the hillside, I assume, obviously the water table there is still high enough). Need to take my sister to the station soon, but no peace for the wicked, the builder is coming today to do the rear garage door."
850,/boards/forums/general-message-board.2/,"Morning and joining Robin on the 5.3 step today. Quiet day today, if it doesn't get too hot I'll do a bit of tidying in the garden. Yesterday I cut back two dogwood bushes that were taking over. My wild hedging is great in spring and early summer as lots of places for birds to hide and eat insects, but it does require some maintenance. I have a wild rose which is in desperate need of a chop, too."
851,/boards/forums/general-message-board.2/,"Good morning folks. 6.1 this dull and cool morn. We had, what seemed to be but probably didn’t even register, lots of rain yesterday, some heavy, some just a drizzle in the wind. When I left Aldi it was drizzling so heavily and blowing towards me  I wish I had had windscreen wipers on my specs! First time using the wipers on my new car too. Of course in the five minutes ( exactly one mile)  it took me to drive home it was sunny. Mr Eggy helped unpack the boot and asked me why the shopping was wet, it hadn’t rained at all back home. Crazy weather. More expected today I’m sure. More cooking and prepping for Rocco’s birthday party. Sausage rolls baked, and I must say they look spectacular. In fact I compared them to an artisan sausage roll you pay a fiver for in Tebay Services, I must start charging for these parties! Scotch eggs look good too. I also made my well tested carrot cake but made them in a muffin tin, I’ll slice the top off and smother with lime and cream cheese frosting. Today I’m cooking some chicken drumsticks, no skill involved, and I may make a quiche as I have left over pastry from the sausage rolls, I’ll see if I can muster up any energy. Otherwise not much else to do barring putting some crisps in bowls and arranging cheese and crackers, I think I’ll manage that ok. Daughter is bringing the sandwiches. Hoping the rain stops ( if it starts) at 6pm and the kids can run wild in the garden. Have a tremendous Thursday, and fingers crossed for a wet one for everyone."
852,/boards/forums/general-message-board.2/,A 6.3 for me today. A cooler day is forecast. Dez
853,/boards/forums/general-message-board.2/,Blue skies this morning in Leicester. 6.3 for me this morning and a REAL result - the little ones slept until 06:17! Been in range since my new sensor started at 06:40 yesterday - is a unicorn day 24 hours (in which case I'll claim one!) or midnight to midnight in range? Garlic and sesame chicken thighs last night with basmati rice and got my bolus pretty much spot on.
854,/boards/forums/general-message-board.2/,"Morning everyone. Another sunny start to the day here, much cooler though. Anyway, it was a 5.4 for me earlier. Have a great day everyone and stay well."
855,/boards/forums/general-message-board.2/,Morning all! Take your pick from anywhere between a (compression?) 4.3 and a post-swig 7.2 for me. Thursday Bigshop day here.
856,/boards/forums/general-message-board.2/,"GM, 5.5 for me. Visit to physio this morning to check progress. Sunny outside, still no rain."
857,/boards/forums/general-message-board.2/,"Good morning. 6.4 Yesterday we had a chilly wind gusting and  wavering in direction. Did this mean it was raining somewhere else? Well certainly not here - dry as a bone. Sun came out and wind dropped by 19.30 and later, as I watched Mary Beard nattering cheerily about Rome, I observed promising black clouds moving in slowly from the west. They failed in their promise so its back to the hosepipe. I'll be glad if the wind stays away - it ruins my aim! Blue skies today with some smallish fat clouds. Delivered the rubbish cordless strimmer to the parcel shop. Found Screwfix was having a sale so ordered a deWalt one - their tools are generally pretty good- and it was 40 quid cheaper than the one returned to Amazon. Chased up Rob the Digger - need him to do parking spot before Tuesday. Matt should be back in the UK tonight so we may get lots of little jobs finished off.  Very tired and demotivated but planning on a bit of planting - got 10 shrubs to put in. Hopefully can also get concrete drilled to hold parking spot edge - sadly discovered I cannot manage Kango as too heavy now - so shall have to use ordinary hammer drill. Bother. EDIT deWalt solid and quite powerful but weighs in at 3.8 kgs. 8.37 lbs in old money). It seems less well balanced than my petrol  one but that is waiting for a part.  I've added a shoulder harness but I thinkI will be cutting in 15-20 min sessions.  Not as light to use as iI hoped but drive verge much tidier. Hope everyone has a good day and rain or dry as ordered."
858,/boards/forums/general-message-board.2/,"Morning all. Back home and woke to a 6.7. Yesterday we had a carb heavy lunch before we left, i pre bolussed then after eating sat in the car for about 2.5 hours. It stayed level until a couple of hours after getting home when it suddenly shot up to 15! I had a correction and it dropped back down quickly. After a snack for tea around 6pm, bed levels were 6 but graph shows i shot to 15 again before dropping down to morning level. I must have been really tired, i don't remember the alarm going off."
859,/boards/forums/general-message-board.2/,"JabberTheHutt said: Morning all. 7.4 for me on this cooler than recently central Berkshire morning. You can guess the rest. Top temperature is reckoned to be about 23 degrees so lovely and pleasant, and a gentler breeze than yesterday. Wife managed to get her first belt at her new kickboxing club last night. Before you all go celebrating, it's only white belt - you don't actually need to do anything other than attend a few classes and pay your subs to get it. @Silent Sands congratulations on the unicorn - and I would join you to dance in the rain if we actually had any, so until then I'll keep on complaining Something tells me we might be moaning for a while. Click to expand... Jabber congrats on the wife getting her white belt. I know it does not require a long time of training and dedication but it is a start and I remember how proud I was to get my white belt when the dinosaurs ruled the land."
860,/boards/forums/general-message-board.2/,"adrian1der said: and a REAL result - the little ones slept until 06:17! Click to expand... Is it the darker mornings maybe? Or because it’s a tad cooler? Whatever it is, long may it last."
861,/boards/forums/general-message-board.2/,"11.2 this morning after two days sub 10. Only thing that I can think of is the mixed nuts that I ate too many of in the evening. Must be more careful!  Taking the car to the garage this afternoon. The DPF light is flashing, I poured some DPF cleaner into it yesterday and took it for an hours run at 2,500 revs which is advised to get the car to regenerate the DPF filter which is probably full of soot. That did not work so the garage will plug it in today and see what the error codes are. AI tells me that the symptoms suggest that the garage will need to tell the ECU that a forced regen is required. If that fails then we are looking at a four figure bill - ouch!"
862,/boards/forums/general-message-board.2/,morning 5.3 today congrats on the HS’s yesterday @freesia & @Islander TC everyone
863,/boards/forums/general-message-board.2/,"Good morning! After a bad night with a pain spike into the teens I woke to a HS! Now a long post! Yesterday's Foot Clinic went smoothly the way all clinics should be but rarely are.... Although the carer was late again I was all sorted when Patient Transport arrived and actually arrived 25 minutes early. I was seen straight away by the consultant who I consider the best one on diabetes/foot/circulation issues and the podiatrist with the most experience (I first met him 30 years ago). The annoying thing is as the consultant does not do a ward round on the over-60s wards I never feel I am getting the best care! In fact with the dabbling I have with my diabetes care and cardiology drugs (Bradycardia incident) it feels I am in the hands of inexperienced GPs on the ward! Things seem to be slowly improving and I have posted images on my separate photograph thread. Feel free to comment there. Patient Transport turned up shortly after and I was home for lunch. The consultant, podiatrist and ambulance assistant (on the return journey) all commented how much weight I have lost . In the clinic I mentioned that my BMI calculations were all wrong as the hospital had lost 6"" from my height. The podiatrist found this bemusing as he remembers when I was walking I was around or over his height.  The consultant said because of the C.Diff unless absolutely necessary I should avoid antibiotics for three or more months with no ""just in case"". So why was I discharged with a fortnight's supply of Co-amoxiclav? The DN visited while I was typing this and redressed the leg as she (as I did) felt the dressing inadequate. The podiatrist cancelled next week's podiatry appointment feeling it was unnecessary (as I did). Sunny. The only rain yesterday was on the journey back but was so little it did not even need a flick wipe."
864,/boards/forums/general-message-board.2/,"Up and down last night. My fault as I forgot to take my Metformin pill with my evening meal insulin. Went to bed at 10.15pm, realised I’d missed as my blood sugar was heading to 10. So swallowed the pill then and went off to sleep. My alarm woke me at 3am and I was a low 3.2. I swallowed a high five sachet and went back to sleep. At 5am (yes, I’didn’t get much sleep in between bells and whistles) I was up again at 9 BS so took a 2.5 correction. Tried to sleep, couldn’t nod, off so read a while and watched the graph fall, passing 5.2 at 7.10am. Got up and had breakfast. Not my most glorious result. Type 1 needs constant vigilance and I’m getting more forgetful! Slapped wrist. Nick"
865,/boards/forums/general-message-board.2/,"A mixture of blue sky and fluffy white clouds here at the moment and likely to be like that all day. Needless to say, no rain in our forecast. Started painting our garden fence yesterday and will crack on with that this afternoon. One panel done, five more to do. Congrats on the HS’s yesterday @freesia & @Islander and on yours this morning @MikeyBikey , but shift along that step so I can join you, please:- Usual swim before lunch and I expect the pool will be as busy and as noisy as it was on Tuesday. Lifeguards had to remind some kids that it was a lane swimming session, ie swim up one side, back down the opposite side. Happens regularly during the summer hols. Enjoy your day."
866,/boards/forums/general-message-board.2/,"Morning 8.9 when I finally woke at 9.30.  No plans today other than visiting mum, as the temperature is expected to be a pleasant 23 we will be sitting in the garden for a couple of hours, other days have been too hot. Congratulations @MikeyBikey and @Martin.A on today’s HS, and to @freesia on yours yesterday, sorry I missed it."
867,/boards/forums/general-message-board.2/,Congrats to todays HSers @MikeyBikey and @Martin.A
868,/boards/forums/general-message-board.2/,"6.6 it would have been another unicorn but I popped high (10.5) for about half an hour after brekkas. A respectable 9.4 currently as I slide back down. I'll get a walk in today too, at some point. It's a cool morning here with rain on the wind to come. But it's all green around here and has been for a while; the rhubarb has really grown in the rain just this last couple of days - it likes it in its' half barrel at the front. It was a MF waking up enough to swing my legs out of bed this a.m., and sleepiness is just around the next corner if I'd only... Congratulations @MikeyBikey & @Martin.A on your HSs today. Have a good day whatever you do best, stay safe."
869,/boards/forums/general-message-board.2/,"eggyg said: With five young children there, it’ll be very messy. Clarty for us Cumbrian’s usually means very muddy. Click to expand... I thought that might be what you meant……..it’s grubby, smelly, unwashed, and a a few other adjectives that I would rather not put on here.   X ,"
870,/boards/forums/general-message-board.2/,"adrian1der said: Been in range since my new sensor started at 06:40 yesterday - is a unicorn day 24 hours (in which case I'll claim one!) or midnight to midnight in range? Click to expand... I've always taken it as 24 hours (i.e. a chronological day) rather than a calendar day. If you're 0.1 over at 0001 on day 1 and 0.1 over at 2359 on day 2 but in range for the rest of the time, then applying the calendar day rule would strike out almost two unicorns."
871,/boards/forums/general-message-board.2/,"Afternoon all - late check in for me - been one of those days. 9.0 for me this morning.  Not ideal, but I didn't have the best day yesterday food wise (work stress) and it could have been worse I think. My HBA1C has been awful the last two times, and my Dr is hoping I can get it down to 60 by the next visit, which means I need to average 9.7 on my finger pricks over the day.  I think I'm on target, just need to keep my head in the game and not let work distract me. Much cooler here today thank goodness, even had to put socks on in bed last night!  Still no rain........ Oh, what does HS mean?"
872,/boards/forums/general-message-board.2/,"tiptoptapper said: Oh, what does HS mean? Click to expand... House Special.  A morning reading of 5.2 is generally viewed (on the forum, that is) as the 'ideal' fasting reading."
873,/boards/forums/general-message-board.2/,"Afternoon all.Im joining @MikeyBikey and @Martin.A on the Hs step today . Weather not good today Had to put a fleece on and got causing two heavy showers.Trying to get it sent down for you southerners .Bus was 15 minutes late so my physio appointment at 1 20 meant I didn't get there till 1 40 .My luck your normally waiting at least 20 minutes after your appointment time .Told them id wait a couple of hours.Wasnt having it ,so have to ring next week to see if I can get in . Enjoy your day people"
874,/boards/forums/general-message-board.2/,"EMcKT said: I thought that might be what you meant……..it’s grubby, smelly, unwashed, and a a few other adjectives that I would rather not put on here.   X , Click to expand... That’s the one!"
875,/boards/forums/general-message-board.2/,"Lyndhurst said: 11.2 this morning after two days sub 10. Only thing that I can think of is the mixed nuts that I ate too many of in the evening. Must be more careful!  Taking the car to the garage this afternoon. The DPF light is flashing, I poured some DPF cleaner into it yesterday and took it for an hours run at 2,500 revs which is advised to get the car to regenerate the DPF filter which is probably full of soot. That did not work so the garage will plug it in today and see what the error codes are. AI tells me that the symptoms suggest that the garage will need to tell the ECU that a forced regen is required. If that fails then we are looking at a four figure bill - ouch! Click to expand... I've had the same with my OH's CRV.  I tried the tank additive and a long drive at high RPM which didn't work so I bought some of this stuff on the recommendation of our mechanic: https://www.amazon.co.uk/JLM-Diesel-DPF-Spray/dp/B0191OMGW0?s=automotive&sr=1-33 It needs to go into the DPF directly when the system is cool (easy on the CRV, just disconnect the two rubber tubes from the pressure differential sensor and find out which one has some back pressure in it, then squirt it down that) into the end of the DPF nearest the engine.  Squirt the whole can in, leave it to soak in for 20 minutes, then start the engine and let the car warm up.  Once it's starting to warm raise the rpm to 3000 or so and hold it there.  After a while you'll see a load of smoke appear (not quite battleship obscuring but still a lot) keep going until that stops - it won't hurt to keep the revs up for longer than that and may even help.  You may see a load of black frothy gunk appear from the tailpipe, it's harmless and will clear away with a bucket of water.  This stuff really works!   Depending on your car's engine management system it'll either clear the light or your mechanic may need to plug it in and reset parameters or do a forced regen to clear the fault.  You can repeat the process with another can if it really needs it, it won't do any harm at all to the filter, just loosen and dissolve the soot. Leave the pressure sensor tubes disconnected while you're cleaning the DPF, you don't want to risk any of the cleaner getting into the sensor itself (it's a strong caustic agent so wear gloves and eye protection when you're using it). Good luck!"
876,/boards/forums/general-message-board.2/,A 5.3 for me this morning. Yesterday's show was great!  The weather held off all day and we just had a bit of mist.  Our dog got second in his class which isn't bad Today is dry and I'm waiting for the grass to dry off a bit so that I can get at least some of it cut!  I've started moving stuff across to the container but that's going to take a wee while to complete - it'll need dry weather too!  I have a massive 2.5m long work bench that I built in there and I suspect it's going to be rather heavy to move the 20 odd metres...  Luckily my OH likes lifting weights so we should manage it between us - or I could unscrew and remove the 20mm ply tops.  We'll see. Congrats on the HS @MikeyBikey @Martin.A Have a good day folks!
877,/boards/forums/general-message-board.2/,Congrats on the HS @Colin g
878,/boards/forums/general-message-board.2/,"Morning all. Back home and woke to a 6.7. Yesterday we had a carb heavy lunch before we left, i pre bolussed then after eating sat in the car for about 2.5 hours. It stayed level until a couple of hours after getting home when it suddenly shot up to 15! I had a correction and it dropped back down quickly. After a snack for tea around 6pm, bed levels were 6 but graph shows i shot to 15 again before dropping down to morning level. I must have been really tired, i don't remember the alarm going off."
879,/boards/forums/general-message-board.2/,"JabberTheHutt said: Morning all. 7.4 for me on this cooler than recently central Berkshire morning. You can guess the rest. Top temperature is reckoned to be about 23 degrees so lovely and pleasant, and a gentler breeze than yesterday. Wife managed to get her first belt at her new kickboxing club last night. Before you all go celebrating, it's only white belt - you don't actually need to do anything other than attend a few classes and pay your subs to get it. @Silent Sands congratulations on the unicorn - and I would join you to dance in the rain if we actually had any, so until then I'll keep on complaining Something tells me we might be moaning for a while. Click to expand... Jabber congrats on the wife getting her white belt. I know it does not require a long time of training and dedication but it is a start and I remember how proud I was to get my white belt when the dinosaurs ruled the land."
880,/boards/forums/general-message-board.2/,"adrian1der said: and a REAL result - the little ones slept until 06:17! Click to expand... Is it the darker mornings maybe? Or because it’s a tad cooler? Whatever it is, long may it last."
881,/boards/forums/general-message-board.2/,"11.2 this morning after two days sub 10. Only thing that I can think of is the mixed nuts that I ate too many of in the evening. Must be more careful!  Taking the car to the garage this afternoon. The DPF light is flashing, I poured some DPF cleaner into it yesterday and took it for an hours run at 2,500 revs which is advised to get the car to regenerate the DPF filter which is probably full of soot. That did not work so the garage will plug it in today and see what the error codes are. AI tells me that the symptoms suggest that the garage will need to tell the ECU that a forced regen is required. If that fails then we are looking at a four figure bill - ouch!"
882,/boards/forums/general-message-board.2/,morning 5.3 today congrats on the HS’s yesterday @freesia & @Islander TC everyone
883,/boards/forums/general-message-board.2/,"Good morning! After a bad night with a pain spike into the teens I woke to a HS! Now a long post! Yesterday's Foot Clinic went smoothly the way all clinics should be but rarely are.... Although the carer was late again I was all sorted when Patient Transport arrived and actually arrived 25 minutes early. I was seen straight away by the consultant who I consider the best one on diabetes/foot/circulation issues and the podiatrist with the most experience (I first met him 30 years ago). The annoying thing is as the consultant does not do a ward round on the over-60s wards I never feel I am getting the best care! In fact with the dabbling I have with my diabetes care and cardiology drugs (Bradycardia incident) it feels I am in the hands of inexperienced GPs on the ward! Things seem to be slowly improving and I have posted images on my separate photograph thread. Feel free to comment there. Patient Transport turned up shortly after and I was home for lunch. The consultant, podiatrist and ambulance assistant (on the return journey) all commented how much weight I have lost . In the clinic I mentioned that my BMI calculations were all wrong as the hospital had lost 6"" from my height. The podiatrist found this bemusing as he remembers when I was walking I was around or over his height.  The consultant said because of the C.Diff unless absolutely necessary I should avoid antibiotics for three or more months with no ""just in case"". So why was I discharged with a fortnight's supply of Co-amoxiclav? The DN visited while I was typing this and redressed the leg as she (as I did) felt the dressing inadequate. The podiatrist cancelled next week's podiatry appointment feeling it was unnecessary (as I did). Sunny. The only rain yesterday was on the journey back but was so little it did not even need a flick wipe."
884,/boards/forums/general-message-board.2/,"Up and down last night. My fault as I forgot to take my Metformin pill with my evening meal insulin. Went to bed at 10.15pm, realised I’d missed as my blood sugar was heading to 10. So swallowed the pill then and went off to sleep. My alarm woke me at 3am and I was a low 3.2. I swallowed a high five sachet and went back to sleep. At 5am (yes, I’didn’t get much sleep in between bells and whistles) I was up again at 9 BS so took a 2.5 correction. Tried to sleep, couldn’t nod, off so read a while and watched the graph fall, passing 5.2 at 7.10am. Got up and had breakfast. Not my most glorious result. Type 1 needs constant vigilance and I’m getting more forgetful! Slapped wrist. Nick"
885,/boards/forums/general-message-board.2/,"A mixture of blue sky and fluffy white clouds here at the moment and likely to be like that all day. Needless to say, no rain in our forecast. Started painting our garden fence yesterday and will crack on with that this afternoon. One panel done, five more to do. Congrats on the HS’s yesterday @freesia & @Islander and on yours this morning @MikeyBikey , but shift along that step so I can join you, please:- Usual swim before lunch and I expect the pool will be as busy and as noisy as it was on Tuesday. Lifeguards had to remind some kids that it was a lane swimming session, ie swim up one side, back down the opposite side. Happens regularly during the summer hols. Enjoy your day."
886,/boards/forums/general-message-board.2/,"Morning 8.9 when I finally woke at 9.30.  No plans today other than visiting mum, as the temperature is expected to be a pleasant 23 we will be sitting in the garden for a couple of hours, other days have been too hot. Congratulations @MikeyBikey and @Martin.A on today’s HS, and to @freesia on yours yesterday, sorry I missed it."
887,/boards/forums/general-message-board.2/,Congrats to todays HSers @MikeyBikey and @Martin.A
888,/boards/forums/general-message-board.2/,"6.6 it would have been another unicorn but I popped high (10.5) for about half an hour after brekkas. A respectable 9.4 currently as I slide back down. I'll get a walk in today too, at some point. It's a cool morning here with rain on the wind to come. But it's all green around here and has been for a while; the rhubarb has really grown in the rain just this last couple of days - it likes it in its' half barrel at the front. It was a MF waking up enough to swing my legs out of bed this a.m., and sleepiness is just around the next corner if I'd only... Congratulations @MikeyBikey & @Martin.A on your HSs today. Have a good day whatever you do best, stay safe."
889,/boards/forums/general-message-board.2/,"eggyg said: With five young children there, it’ll be very messy. Clarty for us Cumbrian’s usually means very muddy. Click to expand... I thought that might be what you meant……..it’s grubby, smelly, unwashed, and a a few other adjectives that I would rather not put on here.   X ,"
890,/boards/forums/general-message-board.2/,"adrian1der said: Been in range since my new sensor started at 06:40 yesterday - is a unicorn day 24 hours (in which case I'll claim one!) or midnight to midnight in range? Click to expand... I've always taken it as 24 hours (i.e. a chronological day) rather than a calendar day. If you're 0.1 over at 0001 on day 1 and 0.1 over at 2359 on day 2 but in range for the rest of the time, then applying the calendar day rule would strike out almost two unicorns."
891,/boards/forums/general-message-board.2/,"Afternoon all - late check in for me - been one of those days. 9.0 for me this morning.  Not ideal, but I didn't have the best day yesterday food wise (work stress) and it could have been worse I think. My HBA1C has been awful the last two times, and my Dr is hoping I can get it down to 60 by the next visit, which means I need to average 9.7 on my finger pricks over the day.  I think I'm on target, just need to keep my head in the game and not let work distract me. Much cooler here today thank goodness, even had to put socks on in bed last night!  Still no rain........ Oh, what does HS mean?"
892,/boards/forums/general-message-board.2/,"tiptoptapper said: Oh, what does HS mean? Click to expand... House Special.  A morning reading of 5.2 is generally viewed (on the forum, that is) as the 'ideal' fasting reading."
893,/boards/forums/general-message-board.2/,"Afternoon all.Im joining @MikeyBikey and @Martin.A on the Hs step today . Weather not good today Had to put a fleece on and got causing two heavy showers.Trying to get it sent down for you southerners .Bus was 15 minutes late so my physio appointment at 1 20 meant I didn't get there till 1 40 .My luck your normally waiting at least 20 minutes after your appointment time .Told them id wait a couple of hours.Wasnt having it ,so have to ring next week to see if I can get in . Enjoy your day people"
894,/boards/forums/general-message-board.2/,"EMcKT said: I thought that might be what you meant……..it’s grubby, smelly, unwashed, and a a few other adjectives that I would rather not put on here.   X , Click to expand... That’s the one!"
895,/boards/forums/general-message-board.2/,"Lyndhurst said: 11.2 this morning after two days sub 10. Only thing that I can think of is the mixed nuts that I ate too many of in the evening. Must be more careful!  Taking the car to the garage this afternoon. The DPF light is flashing, I poured some DPF cleaner into it yesterday and took it for an hours run at 2,500 revs which is advised to get the car to regenerate the DPF filter which is probably full of soot. That did not work so the garage will plug it in today and see what the error codes are. AI tells me that the symptoms suggest that the garage will need to tell the ECU that a forced regen is required. If that fails then we are looking at a four figure bill - ouch! Click to expand... I've had the same with my OH's CRV.  I tried the tank additive and a long drive at high RPM which didn't work so I bought some of this stuff on the recommendation of our mechanic: https://www.amazon.co.uk/JLM-Diesel-DPF-Spray/dp/B0191OMGW0?s=automotive&sr=1-33 It needs to go into the DPF directly when the system is cool (easy on the CRV, just disconnect the two rubber tubes from the pressure differential sensor and find out which one has some back pressure in it, then squirt it down that) into the end of the DPF nearest the engine.  Squirt the whole can in, leave it to soak in for 20 minutes, then start the engine and let the car warm up.  Once it's starting to warm raise the rpm to 3000 or so and hold it there.  After a while you'll see a load of smoke appear (not quite battleship obscuring but still a lot) keep going until that stops - it won't hurt to keep the revs up for longer than that and may even help.  You may see a load of black frothy gunk appear from the tailpipe, it's harmless and will clear away with a bucket of water.  This stuff really works!   Depending on your car's engine management system it'll either clear the light or your mechanic may need to plug it in and reset parameters or do a forced regen to clear the fault.  You can repeat the process with another can if it really needs it, it won't do any harm at all to the filter, just loosen and dissolve the soot. Leave the pressure sensor tubes disconnected while you're cleaning the DPF, you don't want to risk any of the cleaner getting into the sensor itself (it's a strong caustic agent so wear gloves and eye protection when you're using it). Good luck!"
896,/boards/forums/general-message-board.2/,A 5.3 for me this morning. Yesterday's show was great!  The weather held off all day and we just had a bit of mist.  Our dog got second in his class which isn't bad Today is dry and I'm waiting for the grass to dry off a bit so that I can get at least some of it cut!  I've started moving stuff across to the container but that's going to take a wee while to complete - it'll need dry weather too!  I have a massive 2.5m long work bench that I built in there and I suspect it's going to be rather heavy to move the 20 odd metres...  Luckily my OH likes lifting weights so we should manage it between us - or I could unscrew and remove the 20mm ply tops.  We'll see. Congrats on the HS @MikeyBikey @Martin.A Have a good day folks!
897,/boards/forums/general-message-board.2/,Congrats on the HS @Colin g
898,/boards/forums/general-message-board.2/,Congratulations @Colin g on your HS today.
899,/boards/forums/general-message-board.2/,"Congrats on HS @Colin g close to joining you with a 5.3 after a nice slope downwards overnight. Finished off Indian which was a vegetable Balti last night and was so nice as spices mingle. Getting my TIR back to a happy level so back to 97% and a 6.7 average after being higher recently. Kitchen fitter finished and we have no one here today so a day off but electrician tomorrow and plumber Sunday which is not ideal but we just want to get our kitchen back but looking good so far. Another cool day and nothing planned so far but had daughter call yesterday and took son into work and same today.Two tip runs yesterday and maybe get in garden today but maybe just more tidying up. Will pick up our dogs later so looking forward to that.Managed to sort access to previous payroll system as needed P60 and P45 for tax form purposes and can’t access system via authentication process as it involved old work e Mail. All of our old HR systems are remote and then all communication is encrypted so anything simple gets made more complex if the passcodes to not  arrive and it took several attempts.Also got in touch with my BFF from work ( who was also made redundant),in fact the only one I really miss and will meet up with next week. She has got another job in the industry so am so pleased as it is a smooth transition for her. In fact the only thing I miss from work is the day to day “ banter” but when anyone retires you just have to move on and there are so many other good aspects to enjoy. Will have a short nap now so enjoy your Friday."
900,/boards/forums/general-message-board.2/,"Morning all, 5.6 here, off to ride the pony later this morning."
901,/boards/forums/general-message-board.2/,"Morning all. 6.6 for me. A choice of activities are available today: some cleaning, or perhaps some pruning/clearing, or sit on the terrace and watch the wildlife...hmmm. My OH has got a doctor's appointment for Monday morning - he seems perkier but still in pain. We'll definitely get to see next week's eclipse here in Spain, yay!"
902,/boards/forums/general-message-board.2/,"Morning, sex tape here and a flatfish, lovely cool morning. Yesterday I went to check mum in law's hand, she had pulled the dressing off but it looked like it was healing well. It was clean and she said it wasn't sore. I redressed it and she will get the stitches out next Thursday. Need to clear the upstairs bathroom and kitchen over the weekend as Ray the painter is coming back on Monday. They are both partly tiled so not much actual painting to do, so I imagine it will take less than a week."
903,/boards/forums/general-message-board.2/,"Morning all, 9.2 (!) for me at 0628 this morning. Another identikit central Berkshire morning but a gloriously cooler day yesterday (23 degrees, makes a change from the all-too-frequent 33). Another cool one today by recent standards so yay for that. Mrs Jabber reckons she has lost about 4kg. I, so far, have not. So. Challenge accepted. Watch this space. Not much else to report. Nothing planned beyond the usual work."
904,/boards/forums/general-message-board.2/,"Morning all. 6.9 at 6.20 when I got up. Had a brilliant party for Rocco yesterday, all seven grandchildren in attendance and the eldest two’s boyfriend and girlfriend, this was the first time we have met grandson’s new girlfriend, baptism of fire I say, there was 15 of us in total! Poor lass! The family is getting bigger and bigger.  Mr Eggy managed a few photos of them all together. The younger ones look like they’ve been dragged through a hedge backwards, and they were covered in chocolate birthday cake! But at least we got a photo, it’s like herding cats at times. Got cleared up easily enough, middle daughter brought paper plates and the sandwiches she made were on foil platters so not a lot of washing up. Everyone went home with doggy bags, I always make far too much, but no one leaves hungry from our house. The cheese and biscuits weren’t touched and only a couple of bits of carrot cake was taken, everyone was stuffed. Left overs for lunch! Zara day today, Eden in nursery on a Friday. She’ll land at 8.30. I will leave her in the very capable hands of Gaga and I’m going to Tesco, I’ve no choice, got the farmers’ daughters coming on Sunday morning for two nights and need a couple of things for them, they like fresh orange juice, we don’t drink it, and full fat milk, and I’m also desperate for cleaning stuff and toiletries, and I’m definitely not going supermarket shopping tomorrow on my only free day of the week, especially as it’s Saturday. I’ve only just read yesterday’s posts, congratulations on the plethora of HSers. Good work. Have a fab Friday y’all."
905,/boards/forums/general-message-board.2/,A 6.4 for me this Friday morning. Dez
906,/boards/forums/general-message-board.2/,"Morning all. 5.6 and a much better night. Almost a unicorn apart from a very brief stray to 11 around 2am, but it drifted down by itself, no correction needed. Its going to be warm and sunny today (before a hot few days forecast again) so we plan to get into the garden. The pointing up of the wall is gradually getting there, hubby is doing the bits needed higher up as i can't get up the ladder, i'm doing all the bits i can reach. I'll do some more of that this morning while hubby says he'll mow the grass (not that it needs mowing, its more big weeds growing through plus leaves from the huge tree behind us that have blown into the garden). Have a good day whatever you are planning to do."
907,/boards/forums/general-message-board.2/,"eggyg said: Good morning folks. 6.1 this dull and cool morn. We had, what seemed to be but probably didn’t even register, lots of rain yesterday, some heavy, some just a drizzle in the wind. When I left Aldi it was drizzling so heavily and blowing towards me  I wish I had had windscreen wipers on my specs! First time using the wipers on my new car too. Of course in the five minutes ( exactly one mile)  it took me to drive home it was sunny. Mr Eggy helped unpack the boot and asked me why the shopping was wet, it hadn’t rained at all back home. Crazy weather. More expected today I’m sure. More cooking and prepping for Rocco’s birthday party. Sausage rolls baked, and I must say they look spectacular. In fact I compared them to an artisan sausage roll you pay a fiver for in Tebay Services, I must start charging for these parties! Scotch eggs look good too. I also made my well tested carrot cake but made them in a muffin tin, I’ll slice the top off and smother with lime and cream cheese frosting. Today I’m cooking some chicken drumsticks, no skill involved, and I may make a quiche as I have left over pastry from the sausage rolls, I’ll see if I can muster up any energy. Otherwise not much else to do barring putting some crisps in bowls and arranging cheese and crackers, I think I’ll manage that ok. Daughter is bringing the sandwiches. Hoping the rain stops ( if it starts) at 6pm and the kids can run wild in the garden. Have a tremendous Thursday, and fingers crossed for a wet one for everyone. Click to expand... Share your carrot cake (and frosting) recipe please!"
908,/boards/forums/general-message-board.2/,Sex tape here this morning. Meeting a friend for breakfast this morning then another coffee and cake before going to a meeting with the police (potentially between 20 and 80 of them) to talk about my experience of their comms and processes relating to the RASSO cases. Yes I’m filling my day with distractions to stop me stressing about it.
909,/boards/forums/general-message-board.2/,Not playing today - no idea what this is about! 20 unit basal dose at 20:00 last night as usual. Bowl of chilli at around 26g crabs so decided to round down to 2 units bolus and correct if needed. Looked fine and went to bed around 11:00. I was woken by a high glucose alarm (I have it sent quite tight) and a vertical upward arrow at 04:41. Bunged in a two unit correction dose. 30 minutes later still climbing and vertical up arrow. Another two unit correction and I finally got things back under control. What on earth went on in the early hours of the morning????
910,/boards/forums/general-message-board.2/,Good merengue! At 9.8 just short of a Flake! Yet again hit the teens in the early hours when phantom pain struck - it has been a bad week for it! Still trying to sort OMD follow up. My next Foot Clinic one arrived in the post (!) yesterday - why does one letter arrive the next day and another after five?! Yet again I have an unachievable early one. Why is everything such hard work? Had to break off from this (post) as carer arrived quite early. Just had a text reminder about next week's podiatry appointment which was cancelled while I was at the Foot Clinic on Wednesday. It is at a different hospital yet communication between them (in same Trust) seems no easier than if they were in County Durham and Dorset. Best call them or my GP will get another DNA letter followed up by an email from me explaining the appointment had been either cancelled or changed! Over the last five days the carers have arrived early bar the two days I requested an early call as I had hospital appointments! Sunny with high cloud (window view NOT BBC or Met Office).
911,/boards/forums/general-message-board.2/,Good morning - BG? No idea - run out of strips and forgot to go to pharmacy! Miind too full other things. Have a lovely Friday everyone.
912,/boards/forums/general-message-board.2/,Morning everyone! My BGs bimbled along in the low 4s all night (for no apparent reason) with occasional minimal fast carb nudges 4.4 when I rose. Happy Friday all.
913,/boards/forums/general-message-board.2/,"Morning everyone. It’s a happy 4.8 for me this beautiful sunny day. Have a great day everyone and stay safe,"
914,/boards/forums/general-message-board.2/,"A rather high 9.5 this morning. Oh well … I have used a Karstein Cooler box tucked into the corner in my bedroom to store my insulin - not enough room in the kitchen fridge. After about six years it’s becoming a bit noisy so I thought I would replace. Unfortunately they seem to have discontinued the one I have. Does anyone have any recommendations? Low noise is a key feature, top opening and about 40w x 40h x 30d. Any suggestions gratefully received. A smaller box would do, mains powered. Off for a diabetic “check up” with the GP on Monday. Not sure why they want to replicate my diabetic clinic. Thanks, Nick"
915,/boards/forums/general-message-board.2/,"GM, 5.3 for me on this cooler day. long may the breeze last."
916,/boards/forums/general-message-board.2/,Congratulations @Colin g on your HS today.
917,/boards/forums/general-message-board.2/,"Congrats on HS @Colin g close to joining you with a 5.3 after a nice slope downwards overnight. Finished off Indian which was a vegetable Balti last night and was so nice as spices mingle. Getting my TIR back to a happy level so back to 97% and a 6.7 average after being higher recently. Kitchen fitter finished and we have no one here today so a day off but electrician tomorrow and plumber Sunday which is not ideal but we just want to get our kitchen back but looking good so far. Another cool day and nothing planned so far but had daughter call yesterday and took son into work and same today.Two tip runs yesterday and maybe get in garden today but maybe just more tidying up. Will pick up our dogs later so looking forward to that.Managed to sort access to previous payroll system as needed P60 and P45 for tax form purposes and can’t access system via authentication process as it involved old work e Mail. All of our old HR systems are remote and then all communication is encrypted so anything simple gets made more complex if the passcodes to not  arrive and it took several attempts.Also got in touch with my BFF from work ( who was also made redundant),in fact the only one I really miss and will meet up with next week. She has got another job in the industry so am so pleased as it is a smooth transition for her. In fact the only thing I miss from work is the day to day “ banter” but when anyone retires you just have to move on and there are so many other good aspects to enjoy. Will have a short nap now so enjoy your Friday."
918,/boards/forums/general-message-board.2/,"Morning all, 5.6 here, off to ride the pony later this morning."
919,/boards/forums/general-message-board.2/,"Morning all. 6.6 for me. A choice of activities are available today: some cleaning, or perhaps some pruning/clearing, or sit on the terrace and watch the wildlife...hmmm. My OH has got a doctor's appointment for Monday morning - he seems perkier but still in pain. We'll definitely get to see next week's eclipse here in Spain, yay!"
920,/boards/forums/general-message-board.2/,"Morning, sex tape here and a flatfish, lovely cool morning. Yesterday I went to check mum in law's hand, she had pulled the dressing off but it looked like it was healing well. It was clean and she said it wasn't sore. I redressed it and she will get the stitches out next Thursday. Need to clear the upstairs bathroom and kitchen over the weekend as Ray the painter is coming back on Monday. They are both partly tiled so not much actual painting to do, so I imagine it will take less than a week."
921,/boards/forums/general-message-board.2/,"Morning all, 9.2 (!) for me at 0628 this morning. Another identikit central Berkshire morning but a gloriously cooler day yesterday (23 degrees, makes a change from the all-too-frequent 33). Another cool one today by recent standards so yay for that. Mrs Jabber reckons she has lost about 4kg. I, so far, have not. So. Challenge accepted. Watch this space. Not much else to report. Nothing planned beyond the usual work."
922,/boards/forums/general-message-board.2/,"Morning all. 6.9 at 6.20 when I got up. Had a brilliant party for Rocco yesterday, all seven grandchildren in attendance and the eldest two’s boyfriend and girlfriend, this was the first time we have met grandson’s new girlfriend, baptism of fire I say, there was 15 of us in total! Poor lass! The family is getting bigger and bigger.  Mr Eggy managed a few photos of them all together. The younger ones look like they’ve been dragged through a hedge backwards, and they were covered in chocolate birthday cake! But at least we got a photo, it’s like herding cats at times. Got cleared up easily enough, middle daughter brought paper plates and the sandwiches she made were on foil platters so not a lot of washing up. Everyone went home with doggy bags, I always make far too much, but no one leaves hungry from our house. The cheese and biscuits weren’t touched and only a couple of bits of carrot cake was taken, everyone was stuffed. Left overs for lunch! Zara day today, Eden in nursery on a Friday. She’ll land at 8.30. I will leave her in the very capable hands of Gaga and I’m going to Tesco, I’ve no choice, got the farmers’ daughters coming on Sunday morning for two nights and need a couple of things for them, they like fresh orange juice, we don’t drink it, and full fat milk, and I’m also desperate for cleaning stuff and toiletries, and I’m definitely not going supermarket shopping tomorrow on my only free day of the week, especially as it’s Saturday. I’ve only just read yesterday’s posts, congratulations on the plethora of HSers. Good work. Have a fab Friday y’all."
923,/boards/forums/general-message-board.2/,A 6.4 for me this Friday morning. Dez
924,/boards/forums/general-message-board.2/,"Morning all. 5.6 and a much better night. Almost a unicorn apart from a very brief stray to 11 around 2am, but it drifted down by itself, no correction needed. Its going to be warm and sunny today (before a hot few days forecast again) so we plan to get into the garden. The pointing up of the wall is gradually getting there, hubby is doing the bits needed higher up as i can't get up the ladder, i'm doing all the bits i can reach. I'll do some more of that this morning while hubby says he'll mow the grass (not that it needs mowing, its more big weeds growing through plus leaves from the huge tree behind us that have blown into the garden). Have a good day whatever you are planning to do."
925,/boards/forums/general-message-board.2/,"eggyg said: Good morning folks. 6.1 this dull and cool morn. We had, what seemed to be but probably didn’t even register, lots of rain yesterday, some heavy, some just a drizzle in the wind. When I left Aldi it was drizzling so heavily and blowing towards me  I wish I had had windscreen wipers on my specs! First time using the wipers on my new car too. Of course in the five minutes ( exactly one mile)  it took me to drive home it was sunny. Mr Eggy helped unpack the boot and asked me why the shopping was wet, it hadn’t rained at all back home. Crazy weather. More expected today I’m sure. More cooking and prepping for Rocco’s birthday party. Sausage rolls baked, and I must say they look spectacular. In fact I compared them to an artisan sausage roll you pay a fiver for in Tebay Services, I must start charging for these parties! Scotch eggs look good too. I also made my well tested carrot cake but made them in a muffin tin, I’ll slice the top off and smother with lime and cream cheese frosting. Today I’m cooking some chicken drumsticks, no skill involved, and I may make a quiche as I have left over pastry from the sausage rolls, I’ll see if I can muster up any energy. Otherwise not much else to do barring putting some crisps in bowls and arranging cheese and crackers, I think I’ll manage that ok. Daughter is bringing the sandwiches. Hoping the rain stops ( if it starts) at 6pm and the kids can run wild in the garden. Have a tremendous Thursday, and fingers crossed for a wet one for everyone. Click to expand... Share your carrot cake (and frosting) recipe please!"
926,/boards/forums/general-message-board.2/,Sex tape here this morning. Meeting a friend for breakfast this morning then another coffee and cake before going to a meeting with the police (potentially between 20 and 80 of them) to talk about my experience of their comms and processes relating to the RASSO cases. Yes I’m filling my day with distractions to stop me stressing about it.
927,/boards/forums/general-message-board.2/,Not playing today - no idea what this is about! 20 unit basal dose at 20:00 last night as usual. Bowl of chilli at around 26g crabs so decided to round down to 2 units bolus and correct if needed. Looked fine and went to bed around 11:00. I was woken by a high glucose alarm (I have it sent quite tight) and a vertical upward arrow at 04:41. Bunged in a two unit correction dose. 30 minutes later still climbing and vertical up arrow. Another two unit correction and I finally got things back under control. What on earth went on in the early hours of the morning????
928,/boards/forums/general-message-board.2/,Good merengue! At 9.8 just short of a Flake! Yet again hit the teens in the early hours when phantom pain struck - it has been a bad week for it! Still trying to sort OMD follow up. My next Foot Clinic one arrived in the post (!) yesterday - why does one letter arrive the next day and another after five?! Yet again I have an unachievable early one. Why is everything such hard work? Had to break off from this (post) as carer arrived quite early. Just had a text reminder about next week's podiatry appointment which was cancelled while I was at the Foot Clinic on Wednesday. It is at a different hospital yet communication between them (in same Trust) seems no easier than if they were in County Durham and Dorset. Best call them or my GP will get another DNA letter followed up by an email from me explaining the appointment had been either cancelled or changed! Over the last five days the carers have arrived early bar the two days I requested an early call as I had hospital appointments! Sunny with high cloud (window view NOT BBC or Met Office).
929,/boards/forums/general-message-board.2/,Good morning - BG? No idea - run out of strips and forgot to go to pharmacy! Miind too full other things. Have a lovely Friday everyone.
930,/boards/forums/general-message-board.2/,Morning everyone! My BGs bimbled along in the low 4s all night (for no apparent reason) with occasional minimal fast carb nudges 4.4 when I rose. Happy Friday all.
931,/boards/forums/general-message-board.2/,"Morning everyone. It’s a happy 4.8 for me this beautiful sunny day. Have a great day everyone and stay safe,"
932,/boards/forums/general-message-board.2/,"A rather high 9.5 this morning. Oh well … I have used a Karstein Cooler box tucked into the corner in my bedroom to store my insulin - not enough room in the kitchen fridge. After about six years it’s becoming a bit noisy so I thought I would replace. Unfortunately they seem to have discontinued the one I have. Does anyone have any recommendations? Low noise is a key feature, top opening and about 40w x 40h x 30d. Any suggestions gratefully received. A smaller box would do, mains powered. Off for a diabetic “check up” with the GP on Monday. Not sure why they want to replicate my diabetic clinic. Thanks, Nick"
933,/boards/forums/general-message-board.2/,"GM, 5.3 for me on this cooler day. long may the breeze last."
934,/boards/forums/general-message-board.2/,Congratulations @Colin g on your HS today.
935,/boards/forums/general-message-board.2/,"Congrats on HS @Colin g close to joining you with a 5.3 after a nice slope downwards overnight. Finished off Indian which was a vegetable Balti last night and was so nice as spices mingle. Getting my TIR back to a happy level so back to 97% and a 6.7 average after being higher recently. Kitchen fitter finished and we have no one here today so a day off but electrician tomorrow and plumber Sunday which is not ideal but we just want to get our kitchen back but looking good so far. Another cool day and nothing planned so far but had daughter call yesterday and took son into work and same today.Two tip runs yesterday and maybe get in garden today but maybe just more tidying up. Will pick up our dogs later so looking forward to that.Managed to sort access to previous payroll system as needed P60 and P45 for tax form purposes and can’t access system via authentication process as it involved old work e Mail. All of our old HR systems are remote and then all communication is encrypted so anything simple gets made more complex if the passcodes to not  arrive and it took several attempts.Also got in touch with my BFF from work ( who was also made redundant),in fact the only one I really miss and will meet up with next week. She has got another job in the industry so am so pleased as it is a smooth transition for her. In fact the only thing I miss from work is the day to day “ banter” but when anyone retires you just have to move on and there are so many other good aspects to enjoy. Will have a short nap now so enjoy your Friday."
936,/boards/forums/general-message-board.2/,"Morning all, 5.6 here, off to ride the pony later this morning."
937,/boards/forums/general-message-board.2/,"Morning all. 6.6 for me. A choice of activities are available today: some cleaning, or perhaps some pruning/clearing, or sit on the terrace and watch the wildlife...hmmm. My OH has got a doctor's appointment for Monday morning - he seems perkier but still in pain. We'll definitely get to see next week's eclipse here in Spain, yay!"
938,/boards/forums/general-message-board.2/,"Morning, sex tape here and a flatfish, lovely cool morning. Yesterday I went to check mum in law's hand, she had pulled the dressing off but it looked like it was healing well. It was clean and she said it wasn't sore. I redressed it and she will get the stitches out next Thursday. Need to clear the upstairs bathroom and kitchen over the weekend as Ray the painter is coming back on Monday. They are both partly tiled so not much actual painting to do, so I imagine it will take less than a week."
939,/boards/forums/general-message-board.2/,"Morning all, 9.2 (!) for me at 0628 this morning. Another identikit central Berkshire morning but a gloriously cooler day yesterday (23 degrees, makes a change from the all-too-frequent 33). Another cool one today by recent standards so yay for that. Mrs Jabber reckons she has lost about 4kg. I, so far, have not. So. Challenge accepted. Watch this space. Not much else to report. Nothing planned beyond the usual work."
940,/boards/forums/general-message-board.2/,"Morning all. 6.9 at 6.20 when I got up. Had a brilliant party for Rocco yesterday, all seven grandchildren in attendance and the eldest two’s boyfriend and girlfriend, this was the first time we have met grandson’s new girlfriend, baptism of fire I say, there was 15 of us in total! Poor lass! The family is getting bigger and bigger.  Mr Eggy managed a few photos of them all together. The younger ones look like they’ve been dragged through a hedge backwards, and they were covered in chocolate birthday cake! But at least we got a photo, it’s like herding cats at times. Got cleared up easily enough, middle daughter brought paper plates and the sandwiches she made were on foil platters so not a lot of washing up. Everyone went home with doggy bags, I always make far too much, but no one leaves hungry from our house. The cheese and biscuits weren’t touched and only a couple of bits of carrot cake was taken, everyone was stuffed. Left overs for lunch! Zara day today, Eden in nursery on a Friday. She’ll land at 8.30. I will leave her in the very capable hands of Gaga and I’m going to Tesco, I’ve no choice, got the farmers’ daughters coming on Sunday morning for two nights and need a couple of things for them, they like fresh orange juice, we don’t drink it, and full fat milk, and I’m also desperate for cleaning stuff and toiletries, and I’m definitely not going supermarket shopping tomorrow on my only free day of the week, especially as it’s Saturday. I’ve only just read yesterday’s posts, congratulations on the plethora of HSers. Good work. Have a fab Friday y’all."
941,/boards/forums/general-message-board.2/,A 6.4 for me this Friday morning. Dez
942,/boards/forums/general-message-board.2/,"Morning all. 5.6 and a much better night. Almost a unicorn apart from a very brief stray to 11 around 2am, but it drifted down by itself, no correction needed. Its going to be warm and sunny today (before a hot few days forecast again) so we plan to get into the garden. The pointing up of the wall is gradually getting there, hubby is doing the bits needed higher up as i can't get up the ladder, i'm doing all the bits i can reach. I'll do some more of that this morning while hubby says he'll mow the grass (not that it needs mowing, its more big weeds growing through plus leaves from the huge tree behind us that have blown into the garden). Have a good day whatever you are planning to do."
943,/boards/forums/general-message-board.2/,"eggyg said: Good morning folks. 6.1 this dull and cool morn. We had, what seemed to be but probably didn’t even register, lots of rain yesterday, some heavy, some just a drizzle in the wind. When I left Aldi it was drizzling so heavily and blowing towards me  I wish I had had windscreen wipers on my specs! First time using the wipers on my new car too. Of course in the five minutes ( exactly one mile)  it took me to drive home it was sunny. Mr Eggy helped unpack the boot and asked me why the shopping was wet, it hadn’t rained at all back home. Crazy weather. More expected today I’m sure. More cooking and prepping for Rocco’s birthday party. Sausage rolls baked, and I must say they look spectacular. In fact I compared them to an artisan sausage roll you pay a fiver for in Tebay Services, I must start charging for these parties! Scotch eggs look good too. I also made my well tested carrot cake but made them in a muffin tin, I’ll slice the top off and smother with lime and cream cheese frosting. Today I’m cooking some chicken drumsticks, no skill involved, and I may make a quiche as I have left over pastry from the sausage rolls, I’ll see if I can muster up any energy. Otherwise not much else to do barring putting some crisps in bowls and arranging cheese and crackers, I think I’ll manage that ok. Daughter is bringing the sandwiches. Hoping the rain stops ( if it starts) at 6pm and the kids can run wild in the garden. Have a tremendous Thursday, and fingers crossed for a wet one for everyone. Click to expand... Share your carrot cake (and frosting) recipe please!"
944,/boards/forums/general-message-board.2/,Sex tape here this morning. Meeting a friend for breakfast this morning then another coffee and cake before going to a meeting with the police (potentially between 20 and 80 of them) to talk about my experience of their comms and processes relating to the RASSO cases. Yes I’m filling my day with distractions to stop me stressing about it.
945,/boards/forums/general-message-board.2/,Not playing today - no idea what this is about! 20 unit basal dose at 20:00 last night as usual. Bowl of chilli at around 26g crabs so decided to round down to 2 units bolus and correct if needed. Looked fine and went to bed around 11:00. I was woken by a high glucose alarm (I have it sent quite tight) and a vertical upward arrow at 04:41. Bunged in a two unit correction dose. 30 minutes later still climbing and vertical up arrow. Another two unit correction and I finally got things back under control. What on earth went on in the early hours of the morning????
946,/boards/forums/general-message-board.2/,Good merengue! At 9.8 just short of a Flake! Yet again hit the teens in the early hours when phantom pain struck - it has been a bad week for it! Still trying to sort OMD follow up. My next Foot Clinic one arrived in the post (!) yesterday - why does one letter arrive the next day and another after five?! Yet again I have an unachievable early one. Why is everything such hard work? Had to break off from this (post) as carer arrived quite early. Just had a text reminder about next week's podiatry appointment which was cancelled while I was at the Foot Clinic on Wednesday. It is at a different hospital yet communication between them (in same Trust) seems no easier than if they were in County Durham and Dorset. Best call them or my GP will get another DNA letter followed up by an email from me explaining the appointment had been either cancelled or changed! Over the last five days the carers have arrived early bar the two days I requested an early call as I had hospital appointments! Sunny with high cloud (window view NOT BBC or Met Office).
947,/boards/forums/general-message-board.2/,Good morning - BG? No idea - run out of strips and forgot to go to pharmacy! Miind too full other things. Have a lovely Friday everyone.
948,/boards/forums/general-message-board.2/,Morning everyone! My BGs bimbled along in the low 4s all night (for no apparent reason) with occasional minimal fast carb nudges 4.4 when I rose. Happy Friday all.
949,/boards/forums/general-message-board.2/,"Morning everyone. It’s a happy 4.8 for me this beautiful sunny day. Have a great day everyone and stay safe,"
950,/boards/forums/general-message-board.2/,"A rather high 9.5 this morning. Oh well … I have used a Karstein Cooler box tucked into the corner in my bedroom to store my insulin - not enough room in the kitchen fridge. After about six years it’s becoming a bit noisy so I thought I would replace. Unfortunately they seem to have discontinued the one I have. Does anyone have any recommendations? Low noise is a key feature, top opening and about 40w x 40h x 30d. Any suggestions gratefully received. A smaller box would do, mains powered. Off for a diabetic “check up” with the GP on Monday. Not sure why they want to replicate my diabetic clinic. Thanks, Nick"
951,/boards/forums/general-message-board.2/,"GM, 5.3 for me on this cooler day. long may the breeze last."
952,/boards/forums/general-message-board.2/,"I was switched from Levemir to medium acting Humulin N due to Levemir being discontinued. I never got on well with the Humulin N due to my readings being all over the place and so I've been switched to Lantus, a long acting insulin like Levemir. I've been taking a split dose of Humulin and my last dose was last night. I thought I had more but I've run out and now need to start with the Lantus, which I intend to take at night. So now I have a choice: do I wait all day and take my first full dose of Lantus tonight, or do I take a small split dose of Lantus this morning so I've got something working in the background, make up the rest tonight, and then just start normal full dose tomorrow night. I take Novorapid with meals. I just got off the phone with a pharmacist who advised to just wait to take it tonight but keep a close eye on my readings throughout the day and adjust my Novorapid as necessary. He sounded unsure though which didn't make me very confident and so I wondered what people's experiences here were."
953,/boards/forums/general-message-board.2/,"I’d wait until tonight and correct with NR if necessary. That’s easiest, I think."
954,/boards/forums/general-message-board.2/,"Inka said: I’d wait until tonight and correct with NR if necessary. That’s easiest, I think. Click to expand... Yeah, that's what I decided to do in the end. I'm just going to check my readings throughout the day. Last time I forgot to take my Levemir my readings went through the roof."
955,/boards/forums/general-message-board.2/,"I agree with @Inka . I have never been convinced by the idea that a lower dose of long acting insulin like Lantus lasts a shorter time. If I took half my normal dose in the morning and then my full dose in the evening, I would fear I had too much overnight. I would certainly, rather deal with too little by bolusing when I was awake than deal with too much with hypos when I was trying to sleep."
956,/boards/forums/general-message-board.2/,Well so far after two meals my levels have been totally normal. In fact I came close to a hypo just before lunch. Weird.
957,/boards/forums/general-message-board.2/,"Ah well that's the proof that diabetes is complicated and confusing (if we needed that reminder) but for what it's worth, I would agreen completely with what helli said and you're doing.   NB - Lantus doesn't 'get going' as quickly as Levemir.  At least 2 hrs after you jab it then works up to its peak at around 5 hrs.  In any event try to leave it 3 days before you try and make comparisons."
958,/boards/forums/general-message-board.2/,"Almost at the end of the day now and after eating normally and using normal Novorapid doses my readings have been completely normal, despite not having my morning dose of Humulin N. Not sure how that works but there we are."
959,/boards/forums/general-message-board.2/,"All drugs take time to work their way into the body and ditto to work their way out.  Haven't told us what dose of Lantus they've asked you to take, is it much different from the previous insulin?"
960,/boards/forums/general-message-board.2/,"trophywench said: All drugs take time to work their way into the body and ditto to work their way out.  Haven't told us what dose of Lantus they've asked you to take, is it much different from the previous insulin? Click to expand... I wasn't actually told what dose to take. I searched and apparently Lantus is a bit more potent than Levemir, so I've started with 6 units which is a few less than I used to have with Levemir and I'll go from there. Seems to be about right so far."
961,/boards/forums/general-message-board.2/,"I was going to suggest starting on a tiddly bit less myself, Mr Baggins, so clearly our logic is on the same wavelength. If it isn't enough you can increase it slightly bit by bit but if you take too much upfront you can't take it out again."
962,/boards/forums/general-message-board.2/,"I had a similar issue when I switched between Lantus and an insulin pump - how to cover the gap between my last Lantus dose, and my pump start. In the end I divided my Lantus TDD into 2 hourly chunks, and gave myself a little NR top up of that amount every couple of hours. Worked pretty well and wasn’t too much faff, since some of those mini doses could be added to meals. Hope the Lantus works well for you @Hobbit - glad the switchover was pretty smooth sailing!"
963,/boards/forums/general-message-board.2/,"I upped it to 12 because on the 2nd day my readings went too high. But I'm having an issue that I used to have with Levemir, which is if I go to bed with a normal reading, I'll wake up with a hypo. Seems like I might have to split it."
964,/boards/forums/general-message-board.2/,What time do you take the Lantus @Hobbit ?
965,/boards/forums/general-message-board.2/,"Hobbit said: I upped it to 12 because on the 2nd day my readings went too high. But I'm having an issue that I used to have with Levemir, which is if I go to bed with a normal reading, I'll wake up with a hypo. Seems like I might have to split it. Click to expand... Lantus does seem to have a little bump of activity about 5hrs after injecting, and if taken late at night this can coincide with the body’s natural drop-off of BG levels around 3am (when hormone responses are lowest). My “best fit” for Lantus was to take it at breakfast, so that it was, if anything, waning slightly overnight rather than building up to peak activity. Do be careful about overnight hypos - they can really mess with your hypo warning signs!"
966,/boards/forums/general-message-board.2/,"Inka said: What time do you take the Lantus @Hobbit ? Click to expand... I take it about 10pm.  Lets say my reading is too high when I take it (9mmol for example), my level will likely drop to somewhere between 3 and 5 during the night. But if I take a small dose, my level is too high when I wake up. It's so annoying."
967,/boards/forums/general-message-board.2/,"everydayupsanddowns said: Lantus does seem to have a little bump of activity about 5hrs after injecting, and if taken late at night this can coincide with the body’s natural drop-off of BG levels around 3am (when hormone responses are lowest). My “best fit” for Lantus was to take it at breakfast, so that it was, if anything, waning slightly overnight rather than building up to peak activity. Do be careful about overnight hypos - they can really mess with your hypo warning signs! Click to expand... I might try that actually. I'd prefer that to splitting doses."
968,/boards/forums/general-message-board.2/,Hobbit said: I might try that actually. I'd prefer that to splitting doses. Click to expand... Hope it works for you
969,/boards/forums/general-message-board.2/,"I was switched from Levemir to medium acting Humulin N due to Levemir being discontinued. I never got on well with the Humulin N due to my readings being all over the place and so I've been switched to Lantus, a long acting insulin like Levemir. I've been taking a split dose of Humulin and my last dose was last night. I thought I had more but I've run out and now need to start with the Lantus, which I intend to take at night. So now I have a choice: do I wait all day and take my first full dose of Lantus tonight, or do I take a small split dose of Lantus this morning so I've got something working in the background, make up the rest tonight, and then just start normal full dose tomorrow night. I take Novorapid with meals. I just got off the phone with a pharmacist who advised to just wait to take it tonight but keep a close eye on my readings throughout the day and adjust my Novorapid as necessary. He sounded unsure though which didn't make me very confident and so I wondered what people's experiences here were."
970,/boards/forums/general-message-board.2/,"I’d wait until tonight and correct with NR if necessary. That’s easiest, I think."
971,/boards/forums/general-message-board.2/,"Inka said: I’d wait until tonight and correct with NR if necessary. That’s easiest, I think. Click to expand... Yeah, that's what I decided to do in the end. I'm just going to check my readings throughout the day. Last time I forgot to take my Levemir my readings went through the roof."
972,/boards/forums/general-message-board.2/,"I agree with @Inka . I have never been convinced by the idea that a lower dose of long acting insulin like Lantus lasts a shorter time. If I took half my normal dose in the morning and then my full dose in the evening, I would fear I had too much overnight. I would certainly, rather deal with too little by bolusing when I was awake than deal with too much with hypos when I was trying to sleep."
973,/boards/forums/general-message-board.2/,Well so far after two meals my levels have been totally normal. In fact I came close to a hypo just before lunch. Weird.
974,/boards/forums/general-message-board.2/,"Ah well that's the proof that diabetes is complicated and confusing (if we needed that reminder) but for what it's worth, I would agreen completely with what helli said and you're doing.   NB - Lantus doesn't 'get going' as quickly as Levemir.  At least 2 hrs after you jab it then works up to its peak at around 5 hrs.  In any event try to leave it 3 days before you try and make comparisons."
975,/boards/forums/general-message-board.2/,"Almost at the end of the day now and after eating normally and using normal Novorapid doses my readings have been completely normal, despite not having my morning dose of Humulin N. Not sure how that works but there we are."
976,/boards/forums/general-message-board.2/,"All drugs take time to work their way into the body and ditto to work their way out.  Haven't told us what dose of Lantus they've asked you to take, is it much different from the previous insulin?"
977,/boards/forums/general-message-board.2/,"trophywench said: All drugs take time to work their way into the body and ditto to work their way out.  Haven't told us what dose of Lantus they've asked you to take, is it much different from the previous insulin? Click to expand... I wasn't actually told what dose to take. I searched and apparently Lantus is a bit more potent than Levemir, so I've started with 6 units which is a few less than I used to have with Levemir and I'll go from there. Seems to be about right so far."
978,/boards/forums/general-message-board.2/,"I was going to suggest starting on a tiddly bit less myself, Mr Baggins, so clearly our logic is on the same wavelength. If it isn't enough you can increase it slightly bit by bit but if you take too much upfront you can't take it out again."
979,/boards/forums/general-message-board.2/,"I had a similar issue when I switched between Lantus and an insulin pump - how to cover the gap between my last Lantus dose, and my pump start. In the end I divided my Lantus TDD into 2 hourly chunks, and gave myself a little NR top up of that amount every couple of hours. Worked pretty well and wasn’t too much faff, since some of those mini doses could be added to meals. Hope the Lantus works well for you @Hobbit - glad the switchover was pretty smooth sailing!"
980,/boards/forums/general-message-board.2/,"I upped it to 12 because on the 2nd day my readings went too high. But I'm having an issue that I used to have with Levemir, which is if I go to bed with a normal reading, I'll wake up with a hypo. Seems like I might have to split it."
981,/boards/forums/general-message-board.2/,What time do you take the Lantus @Hobbit ?
982,/boards/forums/general-message-board.2/,"Hobbit said: I upped it to 12 because on the 2nd day my readings went too high. But I'm having an issue that I used to have with Levemir, which is if I go to bed with a normal reading, I'll wake up with a hypo. Seems like I might have to split it. Click to expand... Lantus does seem to have a little bump of activity about 5hrs after injecting, and if taken late at night this can coincide with the body’s natural drop-off of BG levels around 3am (when hormone responses are lowest). My “best fit” for Lantus was to take it at breakfast, so that it was, if anything, waning slightly overnight rather than building up to peak activity. Do be careful about overnight hypos - they can really mess with your hypo warning signs!"
983,/boards/forums/general-message-board.2/,"Inka said: What time do you take the Lantus @Hobbit ? Click to expand... I take it about 10pm.  Lets say my reading is too high when I take it (9mmol for example), my level will likely drop to somewhere between 3 and 5 during the night. But if I take a small dose, my level is too high when I wake up. It's so annoying."
984,/boards/forums/general-message-board.2/,"everydayupsanddowns said: Lantus does seem to have a little bump of activity about 5hrs after injecting, and if taken late at night this can coincide with the body’s natural drop-off of BG levels around 3am (when hormone responses are lowest). My “best fit” for Lantus was to take it at breakfast, so that it was, if anything, waning slightly overnight rather than building up to peak activity. Do be careful about overnight hypos - they can really mess with your hypo warning signs! Click to expand... I might try that actually. I'd prefer that to splitting doses."
985,/boards/forums/general-message-board.2/,Hobbit said: I might try that actually. I'd prefer that to splitting doses. Click to expand... Hope it works for you
986,/boards/forums/general-message-board.2/,"I've been on mj for nearly 5 months, first 3 months was on 2.5 then went up to 5.   I felt great on 2.5 much more energy no brain fog , lost 11lbs then since on 5 ive had mood swings, irritable, energy same, nerves constently irritated in body, i've not lost any further weight.  Ive checked if in calorie deficit i am, my diabetes is more under control, glucose round 6.7.  It had come down from 76 to 47 in the first 3 months.    I'm consciousous of eating protein, taking collegen and vit bs.  I just can't shift my weight it goes down then back up again.  Anyone experiencing the same or any advice?"
987,/boards/forums/general-message-board.2/,"I've been on mj for nearly 5 months, first 3 months was on 2.5 then went up to 5.   I felt great on 2.5 much more energy no brain fog , lost 11lbs then since on 5 ive had mood swings, irritable, energy same, nerves constently irritated in body, i've not lost any further weight.  Ive checked if in calorie deficit i am, my diabetes is more under control, glucose round 6.7.  It had come down from 76 to 47 in the first 3 months.    I'm consciousous of eating protein, taking collegen and vit bs.  I just can't shift my weight it goes down then back up again.  Anyone experiencing the same or any advice?"
988,/boards/forums/general-message-board.2/,"My latest bloods have only shown a small drop and they remain stubbornly high I was also told I am in the obese BMI range My diabetic nurse is  a very caring and helpful person and I trust her Her view  was that these drugs are effective if used under medical supervision She seems to be siding with Mounjaro as she feels in my case it will help me lose that weight and get those blood sugars down I understand that if I agree , it will be introduced alongside my existing metformin and my pioglitazine will be dropped Obviously I feel a bit apprehensive but I think this is the right path to follow , at least till I get a bit more control  of things ? Thanks"
989,/boards/forums/general-message-board.2/,"@Taffyboyslim if nothing else has worked, then try something else. If that doesn't work, drop it and move on. Mounjaro is apparently not without (at least some, unpleasant) side effects so I hope she has explained these to you. Apparently the injection needle is also quite long so if you don't like needles..."
990,/boards/forums/general-message-board.2/,My mounjaro needles are no different to the needles I used for insulin. Side effects wise I've had some slight nausea at times and a little constipation but I suffer with that anyway. It's been two months and the benefits far outweigh the downsides.
991,/boards/forums/general-message-board.2/,"Yep, correction to my previous post - apparently standard insulin needles (4mm / 31 or 32g)..."
992,/boards/forums/general-message-board.2/,Hope it works out well for you @Taffyboyslim Great to hear you have such a positive relationship with your diabetes nurse
993,/boards/forums/general-message-board.2/,"I’ve been on Mounjaro for about 18 months and for me it works very well, only negative side effect is mild constipation, the positive side effect is about 3st weight loss, and my weight has been stable for a few months, needles and injections are not a problem, hope it goes well for you."
994,/boards/forums/general-message-board.2/,"everydayupsanddowns said: Hope it works out well for you @Taffyboyslim Great to hear you have such a positive relationship with your diabetes nurse Click to expand... Shes a great help , gives me lots of time talk"
995,/boards/forums/general-message-board.2/,"agentmole said: I’ve been on Mounjaro for about 18 months and for me it works very well, only negative side effect is mild constipation, the positive side effect is about 3st weight loss, and my weight has been stable for a few months, needles and injections are not a problem, hope it goes well for you. Click to expand... She said slight constipation from mounjaro can be helped by staying on metformin ...which for me loosens things .....and eating lots of veg"
996,/boards/forums/general-message-board.2/,"My latest bloods have only shown a small drop and they remain stubbornly high I was also told I am in the obese BMI range My diabetic nurse is  a very caring and helpful person and I trust her Her view  was that these drugs are effective if used under medical supervision She seems to be siding with Mounjaro as she feels in my case it will help me lose that weight and get those blood sugars down I understand that if I agree , it will be introduced alongside my existing metformin and my pioglitazine will be dropped Obviously I feel a bit apprehensive but I think this is the right path to follow , at least till I get a bit more control  of things ? Thanks"
997,/boards/forums/general-message-board.2/,"@Taffyboyslim if nothing else has worked, then try something else. If that doesn't work, drop it and move on. Mounjaro is apparently not without (at least some, unpleasant) side effects so I hope she has explained these to you. Apparently the injection needle is also quite long so if you don't like needles..."
998,/boards/forums/general-message-board.2/,My mounjaro needles are no different to the needles I used for insulin. Side effects wise I've had some slight nausea at times and a little constipation but I suffer with that anyway. It's been two months and the benefits far outweigh the downsides.
999,/boards/forums/general-message-board.2/,"Yep, correction to my previous post - apparently standard insulin needles (4mm / 31 or 32g)..."
1000,/boards/forums/general-message-board.2/,Hope it works out well for you @Taffyboyslim Great to hear you have such a positive relationship with your diabetes nurse
1001,/boards/forums/general-message-board.2/,"I’ve been on Mounjaro for about 18 months and for me it works very well, only negative side effect is mild constipation, the positive side effect is about 3st weight loss, and my weight has been stable for a few months, needles and injections are not a problem, hope it goes well for you."
1002,/boards/forums/general-message-board.2/,"everydayupsanddowns said: Hope it works out well for you @Taffyboyslim Great to hear you have such a positive relationship with your diabetes nurse Click to expand... Shes a great help , gives me lots of time talk"
1003,/boards/forums/general-message-board.2/,"agentmole said: I’ve been on Mounjaro for about 18 months and for me it works very well, only negative side effect is mild constipation, the positive side effect is about 3st weight loss, and my weight has been stable for a few months, needles and injections are not a problem, hope it goes well for you. Click to expand... She said slight constipation from mounjaro can be helped by staying on metformin ...which for me loosens things .....and eating lots of veg"
1004,/boards/forums/general-message-board.2/,I thought it would be interesting to see how people's day had gone before they have tea/evening meal. I will go first. The heat seems to be affecting me. I had hoped for 7+ or - 1 but got a naughty 10.9 so injected and waiting an hour. These dinosaur insulins take a while to kick in. This is where a Libre would be useful!
1005,/boards/forums/general-message-board.2/,"I had a 9, despite having eaten very well, loads of veg and low carb, and an hours brisk walk (in the heat, not sure if thats a positive or not) I had an omlete for tea with veg afterwards so wonder what my level will be like in a couple of hours. I also dont take any medication or insulin so just relying on diet to see if it makes a difference, if not I will be prescribed metformin in December. Great idea for a thread, its like the other half of the waking thread"
1006,/boards/forums/general-message-board.2/,"Jenny65 said: I had a 9, despite having eaten very well, loads of veg and low carb, and an hours brisk walk (in the heat, not sure if thats a positive or not) I had an omlete for tea with veg afterwards so wonder what my level will be like in a couple of hours. I also dont take any medication or insulin so just relying on diet to see if it makes a difference, if not I will be prescribed metformin in December. Great idea for a thread, its like the other half of the waking thread Click to expand... That was the idea.  Thanks for replying Jenny!"
1007,/boards/forums/general-message-board.2/,"MikeyBikey said: That was the idea.  Thanks for replying Jenny! Click to expand... I nearly replied yesterday, but I decided my afternoon had been a bit of an anomaly. But then I’ve done the same today! I was reckless enough to go out both days and do about 20 minutes gardening mid afternoon, which was enough to send my levels plummeting in the heat, so I ended up at 5.2 and 4.9 respectively before evening meal. Yesterday I needed a sneaky jaffa cake mid afternoon to keep levels up. That’s not typical, I’m normally between 6 and 7."
1008,/boards/forums/general-message-board.2/,"I have just had my evening meal and I am now hypo. I was a nice 6.5 before the meal, and had reduced my pre bolus timing (a necessary adjustment in this heat), however  it is so hot that found it difficult to eat the whole meal I had bolused for.  Now nibbling my way through some grapes which are usually a no go for me, but this is a time with a minor hypo I can enjoy that glucose burst."
1009,/boards/forums/general-message-board.2/,Updating before I do my morning one in a few hours.  Wednesday was 8.0 but yesterday was 9.8. Yesterday's was worse as I got delayed at lunchtime ans went hypo (3.3) so treated and re-treated twice  probably overdoing it!  ☹️
1010,/boards/forums/general-message-board.2/,"6.3 for me thats 2 hours after eating too, I am really pleased as I have eaten my food for the day so tomorrow I am hoping I may be even under 6 for my waking level, I really want to beat this horrible thing, if possible without medication.  The only difference is im drinking a lot of water now, when before I had to remind myself to eat.  Hope you have all had a good day my meter even gave me a smiley face"
1011,/boards/forums/general-message-board.2/,"4.8 when I tested just before eating. I’m not normally so low, it’s the heat!"
1012,/boards/forums/general-message-board.2/,10.4 before and a consequent delay to the evening meal. I had underestimated the carbs at a late lunch and was a bit surprised.  Then a curry so expected a bit of chaos until I go to bed.  I think the heat has helped a bit so now 7.4 which is a lot better than I expected.
1013,/boards/forums/general-message-board.2/,"SB2015 said: 10.4 before and a consequent delay to the evening meal. I had underestimated the carbs at a late lunch and was a bit surprised.  Then a curry so expected a bit of chaos until I go to bed.  I think the heat has helped a bit so now 7.4 which is a lot better than I expected. Click to expand... Hi @SB2015 does heat lower glucose levels, for some reason I thought it would raise them due to higher concentration/dehydration.  I am still learning about what makes it fluctuate though and noticed a few others with low readings attributing it to the heat."
1014,/boards/forums/general-message-board.2/,5.1 before eating tonight
1015,/boards/forums/general-message-board.2/,"Jenny65 said: Hi @SB2015 does heat lower glucose levels, for some reason I thought it would raise them due to higher concentration/dehydration.  I am still learning about what makes it fluctuate though and noticed a few others with low readings attributing it to the heat. Click to expand... It can vary either way. Glucose monitors have some clever inbuilt intelligence that overcomes the variation in blood concentration. (I think it compares the blood glucose to something that remains constant in the blood). The only thing I find is affected is a Libre sensor, where it’s measuring interstitial fluid, and that seems susceptible to dehydration. I find my levels are raised in hot weather if my body’s just generally stressed by the heat, the liver compensating, I assume, but if I go out and do something active, my levels plummet, and quite quickly."
1016,/boards/forums/general-message-board.2/,"Jenny65 said: Hi @SB2015 does heat lower glucose levels, for some reason I thought it would raise them due to higher concentration/dehydration.  I am still learning about what makes it fluctuate though and noticed a few others with low readings attributing it to the heat. Click to expand... Things vary for different people.  I find that I have had far more hypos in this heat.  I have also needed to reduce boluses."
1017,/boards/forums/general-message-board.2/,"4.2 for me today. Happy enough with that but I had a couple of jelly beans (about 4g carbs) to stop any further drop whilst I cooked. Didn't bolus as meal was relatively low carb (spicy ratatouille.... to use up courgette glut...with chorizo, green beans and cheese coleslaw. Would normally have injected 2-3 units for it but levels had been dropping all day so thought I would get away with it.... I had to inject them later when my BG hit 10."
1018,/boards/forums/general-message-board.2/,SB2015 said: Things vary for different people.  I find that I have had far more hypos in this heat.  I have also needed to reduce boluses. Click to expand... Mine tend to go up and I have always put it down to your body not burning energy to keep you warm.  I did go hypo in a chilly air-conditioned room on Friday which sort of seems right.
1019,/boards/forums/general-message-board.2/,"And a late update,  7.2 before a small late meal.  No appetite in heat!"
1020,/boards/forums/general-message-board.2/,8.2 for me today.  No appetite for anything bar liquids as I am very hot and perspiring profusely!
1021,/boards/forums/general-message-board.2/,"4.2 and falling, my fault, I was in the 4s after a 20 minute enthusiastic burst of gardening earlier, because the sun went in temporarily, so I had a full sugar drink, then started rising swiftly, so thought, oops, overdid it, and whacked in a couple of units of insulin, so then of course I dropped again! Just made it to mealtime without dipping into the red. Please may it cool down soon? (and rain, preferably)"
1022,/boards/forums/general-message-board.2/,4.3 at 5pm but gone into orbit since then. Currently 11.7 and waiting for a hefty correction to bring it down. My daytime Levemir seems to be releasing quicker during the heat of the day and then running out in the evening. I have upped my night time basal by 2 units as well as a whopping 4 unit correction with Fiasp as I needed 3 stacked corrections last night to deal with a similar rise. Off out for a walk in the cool of the evening and hope that will help too.
1023,/boards/forums/general-message-board.2/,"Good evening, reading before eating tonight 5.6"
1024,/boards/forums/general-message-board.2/,Bad one for me 11.2.  I am sure a CGM would help out here and maybe hpdtop me over treating hypos!  ☹️
1025,/boards/forums/general-message-board.2/,"5.3 before eating, but I should know better than to eat a risotto without prebolusing, so I shot up to 11.2 afterwards. now at 9.2. so will probably be in the 7s by bedtime, which is where I like to be."
1026,/boards/forums/general-message-board.2/,"Looking back it was a 5.8 for me - though it was rising at the time! Worked well this evening though, topped out at 8.1"
1027,/boards/forums/general-message-board.2/,"5.4 for me but that was after coming down from a 16.4 early evening due to a very delicious afternoon cream scone and into a couple of hypos before nicely levelling out in time for my evening meal of chilli with coleslaw and salad which I have just eaten and I didn't bolus for, so heading out for some exercise (brisk walk) to set me up for bed."
1028,/boards/forums/general-message-board.2/,"Good evening everyone on this much cooler and wetter evening. 6.5 for me this evening, 2 hours after Strawberries and Greek yoghurt, which I couldn't resist and did enjoy."
1029,/boards/forums/general-message-board.2/,"6.7 before eating, but just had Pizza, so anything could happen from now!"
1030,/boards/forums/general-message-board.2/,"5.1 for me and my meter has given me another smiley face, I did a little chart of todays levels (bored I guess"
1031,/boards/forums/general-message-board.2/,Well it's a 4.6 for me. A tad lower than usual. Might be the extra exercise I put in
1032,/boards/forums/general-message-board.2/,Quite pleased with a 7.2 yesterday evening.
1033,/boards/forums/general-message-board.2/,5 on the nose today! A rounded HS!
1034,/boards/forums/general-message-board.2/,"5.6 for me, no strawberries and yogurt mid afternoon today"
1035,/boards/forums/general-message-board.2/,"5.8 here, had a sneaky jaffa cake to rescue me from the 4s mid afternoon."
1036,/boards/forums/general-message-board.2/,"Forgot to do this last night, it was 6.1 which is higher than I expected but still OK.  Weigh is falling off which I am happy about, I wont update my signature until the end of the month but it looks like im losing 3 pounds a week which I am really happy about.  I have increased my walking to 15000 steps a day and a further reduction in carbs so allow myself 80g a day instead of 100g and have increased my vegetables, ensuring a lot of leafy greens as I am almost vegetarian now as I have become a little squeamish eating meat (both my parents and sister were vegetarians, my sister and niece are now vegans.  I was the only meat eater in the family for a long time, but only ate chicken and gammon, sometimes beef but mainly I ate cheese, eggs etc (hence the high cholesterol)  My son asked me what a typical lunch would have been for me pre-diabetes as we munched our low carb healthy salads together (he also had a fatty liver but by working out 6 days a week and losing 5 stone he as gone to 15% body fat and the metabolic age of a 24 year old - he is 33)   Anyway, I stopped chewing on my lettuce and said ""well it would have been 2 rounds of full fat cheddar cheese, tomato and salad cream sandwiches on thick crusty white bread, a packet of crisps and a coke zero"".   Listening to myself I realise how I came to be where I am now. I have discovered healthy low fat, low carb vegetarian food now so not relying on cheese anymore, I need to discuss this at the lipid clinic (on an 8 month waiting list) as I want to avoid statins if possible but with a total level of over 9 it may not be possible, I have given up smoking though and with giving up cheese and high fat foods it may be that I have managed to reduce it somewhat to a more normal all be it still high level. Sorry waffling here, hope everyone is having a good day"
1037,/boards/forums/general-message-board.2/,"Jenny65 said: Forgot to do this last night, it was 6.1 which is higher than I expected but still OK.  Weigh is falling off which I am happy about, I wont update my signature until the end of the month but it looks like im losing 3 pounds a week which I am really happy about.  I have increased my walking to 15000 steps a day and a further reduction in carbs so allow myself 80g a day instead of 100g and have increased my vegetables, ensuring a lot of leafy greens as I am almost vegetarian now as I have become a little squeamish eating meat (both my parents and sister were vegetarians, my sister and niece are now vegans.  I was the only meat eater in the family for a long time, but only ate chicken and gammon, sometimes beef but mainly I ate cheese, eggs etc (hence the high cholesterol)  My son asked me what a typical lunch would have been for me pre-diabetes as we munched our low carb healthy salads together (he also had a fatty liver but by working out 6 days a week and losing 5 stone he as gone to 15% body fat and the metabolic age of a 24 year old - he is 33)   Anyway, I stopped chewing on my lettuce and said ""well it would have been 2 rounds of full fat cheddar cheese, tomato and salad cream sandwiches on thick crusty white bread, a packet of crisps and a coke zero"".   Listening to myself I realise how I came to be where I am now. I have discovered healthy low fat, low carb vegetarian food now so not relying on cheese anymore, I need to discuss this at the lipid clinic (on an 8 month waiting list) as I want to avoid statins if possible but with a total level of over 9 it may not be possible, I have given up smoking though and with giving up cheese and high fat foods it may be that I have managed to reduce it somewhat to a more normal all be it still high level. Sorry waffling here, hope everyone is having a good day Click to expand... Sorry but at 9.0 I suspect you will need a statin as you may have FM.  Otherwise keep up the good work!"
1038,/boards/forums/general-message-board.2/,MikeyBikey said: Sorry but at 9.0 I suspect you will need a statin as you may have FM.  Otherwise keep up the good work! Click to expand... Sorry FH - Familial hypercholesterolaemia Has your son had his cholesterol and HbA1c checked?
1039,/boards/forums/general-message-board.2/,Evening all. It’s a 7.8 for me this fine evening.
1040,/boards/forums/general-message-board.2/,"Good evening everyone,  4.6 before half a chicken, salad & a cheesy bread bun."
1041,/boards/forums/general-message-board.2/,"Evening all. A happy 4.6 for me tonight before fish and chips, all homemade."
1042,/boards/forums/general-message-board.2/,"Afternoon all, yesterday's reading was 4.7 before a Toby Carvery's carvery."
1043,/boards/forums/general-message-board.2/,Evening all. It was a happy 7.1 before dinner this fine sunny day.
1044,/boards/forums/general-message-board.2/,"Good Evening, it was a 5.9 (the same as this morning) before a KFC (No fries), boneless chicken."
1045,/boards/forums/general-message-board.2/,An 8.1 for me tonight.....
1046,/boards/forums/general-message-board.2/,"7.5 this evening, before a McDs - plenty carbs, even more cals!"
1047,/boards/forums/general-message-board.2/,And it's an 8.9 for me this fine sunny evening.
1048,/boards/forums/general-message-board.2/,"Evening Everybody, 5 on the dot before a pasta salad (150g), followed by a caramel and honeycomb cheesecake (86g). I may have taken a little too much bolus tonight."
1049,/boards/forums/general-message-board.2/,Yesterday's was 7.4 b4 sandwich and yoghurt
1050,/boards/forums/general-message-board.2/,5.7 b4 sandwich and yoghurt
1051,/boards/forums/general-message-board.2/,Evening all. It was a 6.7 for me this fine sunny evening....
1052,/boards/forums/general-message-board.2/,"Good evening everyone,  7.1 before a half roast chicken followed by half a tin of rice pudding. They are now four hours later, hovering at 4.6"
1053,/boards/forums/general-message-board.2/,"Evening everyone. It’s a whopping 9.2 for me today, it must have been the shop bought beef burger I had this afternoon."
1054,/boards/forums/general-message-board.2/,7.2 b4 sandwich soup yogurt
1055,/boards/forums/general-message-board.2/,Evening all. It was a 5.7 for me pre-dinner this fine day....
1056,/boards/forums/general-message-board.2/,I have been eating a bit erratically. I thought i had run out of strips. Last tested in March but found an unopened box so thought go for it. For lunch i had new potatoes cauli cheese and 2 sausages at a cafe then a small cinamon swirl. My reading before and after was good. Yesterday i did lawn mowing and aquafit which may have helped. Ive just had yoghurt seeds and raspberries the breakfast I didnt have. My reading before was 4.2 . [ it was 6.2 before lunch]
1057,/boards/forums/general-message-board.2/,"3.9 before fish, chips & curry sauce, 5.6 FP. One or two problems with Libre sensors"
1058,/boards/forums/general-message-board.2/,It's a 5.7 for me tonight.....
1059,/boards/forums/general-message-board.2/,"Good Afternoon Everyone,  Before evening curry meal, last - 6.3"
1060,/boards/forums/general-message-board.2/,"Hmm no one abouts.. Evening everyone, 5.6 before a Steak n Ale with Mash ready meal tonight."
1061,/boards/forums/general-message-board.2/,It was a 5.9 for me this fine but windy day....
1062,/boards/forums/general-message-board.2/,4.3 before 2 pieces buttered Ryvita and a small banana.
1063,/boards/forums/general-message-board.2/,6.3 b4 sandwich and 10 cal jelly pot coffee Been a bad day for my OA
1064,/boards/forums/general-message-board.2/,"Good evening all, 5.4 before 1 Mini-Sausage Roll, & a banana with single cream & strawberries."
1065,/boards/forums/general-message-board.2/,"6.6 b4 baby salad ,leaves 80gm, 100 gms mixed crab meat, 2 hard boiled eggs, half sandwich and yoghurt"
1066,/boards/forums/general-message-board.2/,"Sorry i haven't been about i had an accident and fell backwards, hurting my back quite badly nothing broken just very very painful. Felt a bit better today so i did a test 5.3 tonight"
1067,/boards/forums/general-message-board.2/,Evening all. It was a 7.4 for me before fish fingers and seven chips.....
1068,/boards/forums/general-message-board.2/,"Evening all. It's a very happy 7.7 for me tonight after pigging out on choc chip cookies with my afternoon tea, was expecting it to be much higher than that...."
1069,/boards/forums/general-message-board.2/,Evening everyone!  4.8 before 200g Quiche Lorraine and coleslaw.
1070,/boards/forums/general-message-board.2/,And it was a 6.7 for me tonight...
1071,/boards/forums/general-message-board.2/,"5.2 tonight, hubby took me out for a little drive today as I’ve been in for the last fortnight , I’m slowly getting there may be another week off from doing my exercise classes"
1072,/boards/forums/general-message-board.2/,"7.2 b4 salad ,eaves the whole pack mmmm, sushi (duck roll) no sugar flavour water and the largest banana i have ever seen Still in pain"
1073,/boards/forums/general-message-board.2/,"gail2 said: 7.2 b4 salad ,eaves the whole pack mmmm, sushi (duck roll) no sugar flavour water and the largest banana i have ever seen Still in pain Click to expand... I expect the heat and humidity adds to the knee pain"
1074,/boards/forums/general-message-board.2/,"Evening all from a very wet Bedfordshire, it's now been raining for the past 2.5 hours. Anyway, it was a 7.0 for me pre-dinner this evening...."
1075,/boards/forums/general-message-board.2/,It’s a happy 6.3 for me today…
1076,/boards/forums/general-message-board.2/,"Good evening everyone, 4.8 before a Chicken on Sourdough sandwich followed by 220g Strawberries & 125ml Single Cream."
1077,/boards/forums/general-message-board.2/,Evening all. It's a whopping 9.7 for me this fine day....
1078,/boards/forums/general-message-board.2/,"Good Afternoon Everyone,  Before evening curry meal, last - 6.3"
1079,/boards/forums/general-message-board.2/,"Hmm no one abouts.. Evening everyone, 5.6 before a Steak n Ale with Mash ready meal tonight."
1080,/boards/forums/general-message-board.2/,It was a 5.9 for me this fine but windy day....
1081,/boards/forums/general-message-board.2/,4.3 before 2 pieces buttered Ryvita and a small banana.
1082,/boards/forums/general-message-board.2/,6.3 b4 sandwich and 10 cal jelly pot coffee Been a bad day for my OA
1083,/boards/forums/general-message-board.2/,"Good evening all, 5.4 before 1 Mini-Sausage Roll, & a banana with single cream & strawberries."
1084,/boards/forums/general-message-board.2/,"6.6 b4 baby salad ,leaves 80gm, 100 gms mixed crab meat, 2 hard boiled eggs, half sandwich and yoghurt"
1085,/boards/forums/general-message-board.2/,"Sorry i haven't been about i had an accident and fell backwards, hurting my back quite badly nothing broken just very very painful. Felt a bit better today so i did a test 5.3 tonight"
1086,/boards/forums/general-message-board.2/,Evening all. It was a 7.4 for me before fish fingers and seven chips.....
1087,/boards/forums/general-message-board.2/,"Evening all. It's a very happy 7.7 for me tonight after pigging out on choc chip cookies with my afternoon tea, was expecting it to be much higher than that...."
1088,/boards/forums/general-message-board.2/,Evening everyone!  4.8 before 200g Quiche Lorraine and coleslaw.
1089,/boards/forums/general-message-board.2/,And it was a 6.7 for me tonight...
1090,/boards/forums/general-message-board.2/,"5.2 tonight, hubby took me out for a little drive today as I’ve been in for the last fortnight , I’m slowly getting there may be another week off from doing my exercise classes"
1091,/boards/forums/general-message-board.2/,"7.2 b4 salad ,eaves the whole pack mmmm, sushi (duck roll) no sugar flavour water and the largest banana i have ever seen Still in pain"
1092,/boards/forums/general-message-board.2/,"gail2 said: 7.2 b4 salad ,eaves the whole pack mmmm, sushi (duck roll) no sugar flavour water and the largest banana i have ever seen Still in pain Click to expand... I expect the heat and humidity adds to the knee pain"
1093,/boards/forums/general-message-board.2/,"Evening all from a very wet Bedfordshire, it's now been raining for the past 2.5 hours. Anyway, it was a 7.0 for me pre-dinner this evening...."
1094,/boards/forums/general-message-board.2/,It’s a happy 6.3 for me today…
1095,/boards/forums/general-message-board.2/,"Good evening everyone, 4.8 before a Chicken on Sourdough sandwich followed by 220g Strawberries & 125ml Single Cream."
1096,/boards/forums/general-message-board.2/,Evening all. It's a whopping 9.7 for me this fine day....
1097,/boards/forums/general-message-board.2/,A 6.0 for me after a very pleasant day doing very little
1098,/boards/forums/general-message-board.2/,"Evening everybody,  4.3 before 75g blueberry and 250ml Greek yogurt."
1099,/boards/forums/general-message-board.2/,"7.7 b4 80gm salad leaves, 1 hard boiled egg, buffalo ranch and battered chicken wrap, 10 cal jelly pot 1 pt orange squash Been a good day . Painwise not so good. Great sunny day Hope ur all well Gail"
1100,/boards/forums/general-message-board.2/,"7.0 here, going out to a pub for tea… probably more carbs than I can count but bgs been really good this week"
1101,/boards/forums/general-message-board.2/,"Good evening folk, 6.5 before homemade soup and double-cooked rice made into pudding."
1102,/boards/forums/general-message-board.2/,Evening all 5.2 tonight
1103,/boards/forums/general-message-board.2/,Evening folks It was a 6.1 for me this fine evening.....
1104,/boards/forums/general-message-board.2/,"Evening all, 7.3 before the Homemade soup and a slice cinnamon and raisin keto bread."
1105,/boards/forums/general-message-board.2/,Evening all. It's a whopping 12.7 for me today; that will teach me not to eat half a packet of chocolate biscuits this afternoon....
1106,/boards/forums/general-message-board.2/,"Good evening, 5.1 for me. Now to think about supper, something with steamed broccoli."
1107,/boards/forums/general-message-board.2/,"4.7 which is lower than I would prefer but I walked without dialling in exercise in the afternoon.  Couple of glucose tabs before meal.  Now after dinner it's 7.4 after a split bolus for pasta.  It may go up, I'll wait and see."
1108,/boards/forums/general-message-board.2/,"Good evening all, 4.5 before cold potato and chicken salad."
1109,/boards/forums/general-message-board.2/,"Evening all, another high one, 9.1 for me tonight."
1110,/boards/forums/general-message-board.2/,"Good evening, 5.7 for me which is fine as I had forgotten eating some dark chocolate... Ok, back to some ankle dorsiflexions... 2026 has certainly been a year of learning for me."
1111,/boards/forums/general-message-board.2/,"Good evening everybody,  6.7 before overly-ripe strawberries and Greek yogurt.  My BGs are due to go higher as from the 6 segments of chocolate mint egg, I had afterwards"
1112,/boards/forums/general-message-board.2/,Evening all. It’s a 4.7 tonight after an afternoon bowing ‍♀️ Have a good evening everyone.
1113,/boards/forums/general-message-board.2/,"Good evening all, 6.9 before a carb-rich chippy tea."
1114,/boards/forums/general-message-board.2/,A 6.0 for me after a very pleasant day doing very little
1115,/boards/forums/general-message-board.2/,"Evening everybody,  4.3 before 75g blueberry and 250ml Greek yogurt."
1116,/boards/forums/general-message-board.2/,"7.7 b4 80gm salad leaves, 1 hard boiled egg, buffalo ranch and battered chicken wrap, 10 cal jelly pot 1 pt orange squash Been a good day . Painwise not so good. Great sunny day Hope ur all well Gail"
1117,/boards/forums/general-message-board.2/,"7.0 here, going out to a pub for tea… probably more carbs than I can count but bgs been really good this week"
1118,/boards/forums/general-message-board.2/,"Good evening folk, 6.5 before homemade soup and double-cooked rice made into pudding."
1119,/boards/forums/general-message-board.2/,Evening all 5.2 tonight
1120,/boards/forums/general-message-board.2/,Evening folks It was a 6.1 for me this fine evening.....
1121,/boards/forums/general-message-board.2/,"Evening all, 7.3 before the Homemade soup and a slice cinnamon and raisin keto bread."
1122,/boards/forums/general-message-board.2/,Evening all. It's a whopping 12.7 for me today; that will teach me not to eat half a packet of chocolate biscuits this afternoon....
1123,/boards/forums/general-message-board.2/,"Good evening, 5.1 for me. Now to think about supper, something with steamed broccoli."
1124,/boards/forums/general-message-board.2/,"4.7 which is lower than I would prefer but I walked without dialling in exercise in the afternoon.  Couple of glucose tabs before meal.  Now after dinner it's 7.4 after a split bolus for pasta.  It may go up, I'll wait and see."
1125,/boards/forums/general-message-board.2/,"Good evening all, 4.5 before cold potato and chicken salad."
1126,/boards/forums/general-message-board.2/,"Evening all, another high one, 9.1 for me tonight."
1127,/boards/forums/general-message-board.2/,"Good evening, 5.7 for me which is fine as I had forgotten eating some dark chocolate... Ok, back to some ankle dorsiflexions... 2026 has certainly been a year of learning for me."
1128,/boards/forums/general-message-board.2/,"Good evening everybody,  6.7 before overly-ripe strawberries and Greek yogurt.  My BGs are due to go higher as from the 6 segments of chocolate mint egg, I had afterwards"
1129,/boards/forums/general-message-board.2/,Evening all. It’s a 4.7 tonight after an afternoon bowing ‍♀️ Have a good evening everyone.
1130,/boards/forums/general-message-board.2/,"Good evening all, 6.9 before a carb-rich chippy tea."
1131,/boards/forums/diabetes-more.55/,"Time for my annual post hope people don't mind Helplines if you are struggling and need a chat/help SHOUT Text SHOUT to 82528 texts are free, you text them thay text back SAMARITANS 116123 free 24 hours a day Samaritans volunteers answer each email that comes through to jo@samaritans.org (can take time for email response) NHS111 if for mental health option 2 Will post others later If all else fails and you are in danger 999 or a&e and ask to see the mental health team Thanks all for now thanks Remember you are worth so much to the people in this world and it's better with you in it Gail Admin note: If you require emergency medical assistance or advice please call 999, or if it is less urgent then please call the 24 hour NHS 111 service on 111. Alternatively, please speak to your GP or healthcare team."
1132,/boards/forums/diabetes-more.55/,Also there is always someone you know who would help you if needed. Reach out if you need it. We are always here for each other.
1133,/boards/forums/diabetes-more.55/,More Childline under 19s 08001111 number will not appear on your phone bill Mind support line 03001021234 9am to 6pm mon to fri except bank holidays SANEline 03003047000 430pm to 10pm every day Campaign Against Living Miserably (CALM) 0800585858 5PM TO midnight. everyday or try CALM webcam service
1134,/boards/forums/diabetes-more.55/,Mods - can we pin this please?
1135,/boards/forums/diabetes-more.55/,@gail2 this is brilliant - thank you for posting this!
1136,/boards/forums/diabetes-more.55/,Martyn Lambert said: Mods - can we pin this please? Click to expand... Good call @Martyn Lambert I’ll pin it for the next few weeks. It can be a tricky time of year!
1137,/boards/forums/diabetes-more.55/,"Also worth considering: MIND - A charity providing advice and support to empower anyone experiencing a mental health problem - Home - Mind Specific services: Helplines - Mind – this page has details of the Information and Legal Lines Guides to support and services - Mind – this has links to support for specific areas such as abuse, addiction, bereavement etc. C.A.L.L. (Community Advice & Listening Line) - Mental Health Helpline for Wales - CALL Helpline"
1138,/boards/forums/diabetes-more.55/,"Thank you @gail2 , we'll add this to our Xmas notice at the top of the page from Christmas Eve, through to January for ease."
1139,/boards/forums/diabetes-more.55/,Good to see that this is still here... can we please keep it this way? Thanks all!!
1140,/boards/forums/diabetes-more.55/,Would just like to point out that these helplines are open all year round
1141,/boards/forums/diabetes-more.55/,"Time for my annual post hope people don't mind Helplines if you are struggling and need a chat/help SHOUT Text SHOUT to 82528 texts are free, you text them thay text back SAMARITANS 116123 free 24 hours a day Samaritans volunteers answer each email that comes through to jo@samaritans.org (can take time for email response) NHS111 if for mental health option 2 Will post others later If all else fails and you are in danger 999 or a&e and ask to see the mental health team Thanks all for now thanks Remember you are worth so much to the people in this world and it's better with you in it Gail Admin note: If you require emergency medical assistance or advice please call 999, or if it is less urgent then please call the 24 hour NHS 111 service on 111. Alternatively, please speak to your GP or healthcare team."
1142,/boards/forums/diabetes-more.55/,Also there is always someone you know who would help you if needed. Reach out if you need it. We are always here for each other.
1143,/boards/forums/diabetes-more.55/,More Childline under 19s 08001111 number will not appear on your phone bill Mind support line 03001021234 9am to 6pm mon to fri except bank holidays SANEline 03003047000 430pm to 10pm every day Campaign Against Living Miserably (CALM) 0800585858 5PM TO midnight. everyday or try CALM webcam service
1144,/boards/forums/diabetes-more.55/,Mods - can we pin this please?
1145,/boards/forums/diabetes-more.55/,@gail2 this is brilliant - thank you for posting this!
1146,/boards/forums/diabetes-more.55/,Martyn Lambert said: Mods - can we pin this please? Click to expand... Good call @Martyn Lambert I’ll pin it for the next few weeks. It can be a tricky time of year!
1147,/boards/forums/diabetes-more.55/,"Also worth considering: MIND - A charity providing advice and support to empower anyone experiencing a mental health problem - Home - Mind Specific services: Helplines - Mind – this page has details of the Information and Legal Lines Guides to support and services - Mind – this has links to support for specific areas such as abuse, addiction, bereavement etc. C.A.L.L. (Community Advice & Listening Line) - Mental Health Helpline for Wales - CALL Helpline"
1148,/boards/forums/diabetes-more.55/,"Thank you @gail2 , we'll add this to our Xmas notice at the top of the page from Christmas Eve, through to January for ease."
1149,/boards/forums/diabetes-more.55/,Good to see that this is still here... can we please keep it this way? Thanks all!!
1150,/boards/forums/diabetes-more.55/,Would just like to point out that these helplines are open all year round
1151,/boards/forums/diabetes-more.55/,"Please ensure posts abide by community guidelines. https://forum.diabetes.org.uk/boards/threads/user-guidelines.75331 Members are reminded that no posts on the forum should: Use sexually explicit or inappropriate language. Curse, swear or use obscenities towards others. Make degrading, derogatory or disparaging remarks about any person or group. Post defamatory, libelous, slanderous remarks towards any person, group, organisation or company. Post material to harass, upset, embarrass, alarm or annoy any other person. Act with the intention to cause conflict or division within the community, inclusive of posting inflammatory messages or with intent to provoke emotional responses from others. Promote discrimination or victimise, harass, degrade or intimidate an individual or group of individuals on the basis of religion, political orientation, gender, sexual orientation, race, ethnicity, age, or disability (inclusive of diabetes type). This includes innuendos and passive language likely to lead to offense. Diabetes UK will not tolerate any unwanted conduct or behaviour that is deemed to be bullying and harassment. This includes, but is not limited to, protected characteristics under the Equality Act 2010 – age, gender reassignment, being married or in a civil partnership, being pregnant or on maternity leave, disability , race including colour, nationality, ethnic or national origin, religion or belief, sex and sexual orientation, as well as other characteristics such as socio-economic background and diabetes type’ See the link above for full user guidelines . Please report any post in this section which you feel does not meet the user guidelines, so that it can be reviewed. Thank you, The Mods."
1152,/boards/forums/diabetes-more.55/,"Please ensure posts abide by community guidelines. https://forum.diabetes.org.uk/boards/threads/user-guidelines.75331 Members are reminded that no posts on the forum should: Use sexually explicit or inappropriate language. Curse, swear or use obscenities towards others. Make degrading, derogatory or disparaging remarks about any person or group. Post defamatory, libelous, slanderous remarks towards any person, group, organisation or company. Post material to harass, upset, embarrass, alarm or annoy any other person. Act with the intention to cause conflict or division within the community, inclusive of posting inflammatory messages or with intent to provoke emotional responses from others. Promote discrimination or victimise, harass, degrade or intimidate an individual or group of individuals on the basis of religion, political orientation, gender, sexual orientation, race, ethnicity, age, or disability (inclusive of diabetes type). This includes innuendos and passive language likely to lead to offense. Diabetes UK will not tolerate any unwanted conduct or behaviour that is deemed to be bullying and harassment. This includes, but is not limited to, protected characteristics under the Equality Act 2010 – age, gender reassignment, being married or in a civil partnership, being pregnant or on maternity leave, disability , race including colour, nationality, ethnic or national origin, religion or belief, sex and sexual orientation, as well as other characteristics such as socio-economic background and diabetes type’ See the link above for full user guidelines . Please report any post in this section which you feel does not meet the user guidelines, so that it can be reviewed. Thank you, The Mods."
1153,/boards/forums/diabetes-more.55/,"For reasons many of you will know I've become much more interested in a comedian in a bin who seems to be running in the Clacton by election. Given this is politics and I don't live in Clacton I don't get to vote so I'll not say if I'm for or against, but I am curious. ...anyway the chap under there Jon Harvey (a comedy writer) sounds like he had a complicated childhood who was very close to his elder brother who sadley died of undiagnosed T1D, and he has been doing this (Lord Bucket-head before Count Bin-face) since then I understand. Anyway thought I would point out the connection. (My souce video here )"
1154,/boards/forums/diabetes-more.55/,Shades of Blackadder the Third…
1155,/boards/forums/diabetes-more.55/,"Skater P said: For reasons many of you will know I've become much more interested in a comedian in a bin who seems to be running in the Clacton by election. Given this is politics and I don't live in Clacton I don't get to vote so I'll not say if I'm for or against, but I am curious. ...anyway the chap under there Jon Harvey (a comedy writer) sounds like he had a complicated childhood who was very close to his elder brother who sadley died of undiagnosed T1D, and he has been doing this (Lord Bucket-head before Count Bin-face) since then I understand. Anyway thought I would point out the connection. (My souce video here ) Click to expand... Thank you for pointing it out. Some websites described him as obese and with undiagnosed diabetes, as if the 2 were linked, so I assumed it was t2. Typical though to connect any health issue to weight! ""Obese and an undiagnosed diabetic, he had fallen into a hypoglycaemic coma"". (Is this even possible, I mean undiagnosed and dying if hypoglycemic coma? I thought it would be a consequence of taking insuline)"
1156,/boards/forums/diabetes-more.55/,"I would be very tempted to give Count Bin-face  my vote, simply because of the paradox created by his apparent ridiculousness - yet representing more honesty than the vast majority of today's politicians."
1157,/boards/forums/diabetes-more.55/,Wish I could vote for him Better a comedian than a clown
1158,/boards/forums/diabetes-more.55/,"medidia said: Thank you for pointing it out. Some websites described him as obese and with undiagnosed diabetes, as if the 2 were linked, so I assumed it was t2. Typical though to connect any health issue to weight! ""Obese and an undiagnosed diabetic, he had fallen into a hypoglycaemic coma"". (Is this even possible, I mean undiagnosed and dying if hypoglycemic coma? I thought it would be a consequence of taking insuline) Click to expand... An undiagnosed diabetic might fall into a HYPERglycaemic coma - most people though don’t realise that they are different (opposite) things!"
1159,/boards/forums/diabetes-more.55/,"medidia said: Is this even possible, I mean undiagnosed and dying if hypoglycemic coma? I thought it would be a consequence of taking insuline Click to expand... That does seem a strange combo as in undiagnosed and hypo coma, hyper then DKA I would expect and it is not like that isn't dangerous. Might have to check some other sources. As Sally said above, a few letters and they sound the same but very different Given how frequently I have seen the media get other things wrong, the mistake it isn't too surprising."
1160,/boards/forums/diabetes-more.55/,paultrose said: Wish I could vote for him Better a comedian than a clown Click to expand... A friend of mine will be voting for Count Binface. He is concerned the vote will be split with Monster Raving Looney Party
1161,/boards/forums/diabetes-more.55/,I live about 40 minutes away from Clacton. It's so entertaining. Just wished I could vote
1162,/boards/forums/diabetes-more.55/,helli said: A friend of mine will be voting for Count Binface. He is concerned the vote will be split with Monster Raving Looney Party Click to expand... Sadly I think he may be right. Binface should be the unity candidate against Farage.
1163,/boards/forums/diabetes-more.55/,Monster Raving Looney Party should stand down and give Binface a clear run. How would Binface get through the metal detectors when entering parliament?
1164,/boards/forums/diabetes-more.55/,"SB2015 said: Monster Raving Looney Party should stand down and give Binface a clear run. How would Binface get through the metal detectors when entering parliament? Click to expand... There was a discussion about the security point on a recent evening political analysis of recent events (BBC2, c.11pm). It seems some MPs have formally pointed out to the Speaker that there is a potential difficulty imminent and better to review and seek a solution now, rather than it becomes a constitutional crisis. That said, there is probably precedent from the brief Cromwell era, when MPs could arrive at Parliament in an ""overdressed"" state!"
1165,/boards/forums/diabetes-more.55/,"SB2015 said: Monster Raving Looney Party should stand down and give Binface a clear run. How would Binface get through the metal detectors when entering parliament? Click to expand... All our bins are either plastic (food, general waste, garden waste), or some kind of textile bag (recycling). Should be no issues with the metal detector..."
1166,/boards/forums/diabetes-more.55/,Count Binface is getting a bit mainstream now. Probably time for an insurgent challenger to step forth.
1167,/boards/forums/diabetes-more.55/,Just heard via a YouTube channel called “Political custard” the Binface is selling Dungeons & dragons “Warhammer” style metal figurines in his likeness with the proceeds going to 2 charities. One being Diabetes UK? The article I watched for reference.about 7.22 into the video.
1168,/boards/forums/diabetes-more.55/,"SB2015 said: Monster Raving Looney Party should stand down and give Binface a clear run. How would Binface get through the metal detectors when entering parliament? Click to expand... Besides Binface and Farage, there are 32 other candidates.... WHY!?!?!"
1169,/boards/forums/diabetes-more.55/,"JabberTheHutt said: Besides Binface and Farage, there are 32 other candidates.... WHY!?!?! Click to expand... Hyacinth Bouquet or “Bucket.” Farage or Faridge? Maybe Forage. After Brexit I believe he went to the states? I see a “political” troll. Saw adds on YouTube crop up where he targeted the UK urging to put Money into some “Maxwell style” pension scheme he was selling. “Scheme” being the operative word. As to the 32 other candidates. Some found here. https://whocanivotefor.co.uk/elections/parl.clacton.by.2026-08-13/clacton/ But if we are referencing classic comedy."
1170,/boards/forums/diabetes-more.55/,"For reasons many of you will know I've become much more interested in a comedian in a bin who seems to be running in the Clacton by election. Given this is politics and I don't live in Clacton I don't get to vote so I'll not say if I'm for or against, but I am curious. ...anyway the chap under there Jon Harvey (a comedy writer) sounds like he had a complicated childhood who was very close to his elder brother who sadley died of undiagnosed T1D, and he has been doing this (Lord Bucket-head before Count Bin-face) since then I understand. Anyway thought I would point out the connection. (My souce video here )"
1171,/boards/forums/diabetes-more.55/,Shades of Blackadder the Third…
1172,/boards/forums/diabetes-more.55/,"Skater P said: For reasons many of you will know I've become much more interested in a comedian in a bin who seems to be running in the Clacton by election. Given this is politics and I don't live in Clacton I don't get to vote so I'll not say if I'm for or against, but I am curious. ...anyway the chap under there Jon Harvey (a comedy writer) sounds like he had a complicated childhood who was very close to his elder brother who sadley died of undiagnosed T1D, and he has been doing this (Lord Bucket-head before Count Bin-face) since then I understand. Anyway thought I would point out the connection. (My souce video here ) Click to expand... Thank you for pointing it out. Some websites described him as obese and with undiagnosed diabetes, as if the 2 were linked, so I assumed it was t2. Typical though to connect any health issue to weight! ""Obese and an undiagnosed diabetic, he had fallen into a hypoglycaemic coma"". (Is this even possible, I mean undiagnosed and dying if hypoglycemic coma? I thought it would be a consequence of taking insuline)"
1173,/boards/forums/diabetes-more.55/,"I would be very tempted to give Count Bin-face  my vote, simply because of the paradox created by his apparent ridiculousness - yet representing more honesty than the vast majority of today's politicians."
1174,/boards/forums/diabetes-more.55/,Wish I could vote for him Better a comedian than a clown
1175,/boards/forums/diabetes-more.55/,"medidia said: Thank you for pointing it out. Some websites described him as obese and with undiagnosed diabetes, as if the 2 were linked, so I assumed it was t2. Typical though to connect any health issue to weight! ""Obese and an undiagnosed diabetic, he had fallen into a hypoglycaemic coma"". (Is this even possible, I mean undiagnosed and dying if hypoglycemic coma? I thought it would be a consequence of taking insuline) Click to expand... An undiagnosed diabetic might fall into a HYPERglycaemic coma - most people though don’t realise that they are different (opposite) things!"
1176,/boards/forums/diabetes-more.55/,"medidia said: Is this even possible, I mean undiagnosed and dying if hypoglycemic coma? I thought it would be a consequence of taking insuline Click to expand... That does seem a strange combo as in undiagnosed and hypo coma, hyper then DKA I would expect and it is not like that isn't dangerous. Might have to check some other sources. As Sally said above, a few letters and they sound the same but very different Given how frequently I have seen the media get other things wrong, the mistake it isn't too surprising."
1177,/boards/forums/diabetes-more.55/,paultrose said: Wish I could vote for him Better a comedian than a clown Click to expand... A friend of mine will be voting for Count Binface. He is concerned the vote will be split with Monster Raving Looney Party
1178,/boards/forums/diabetes-more.55/,I live about 40 minutes away from Clacton. It's so entertaining. Just wished I could vote
1179,/boards/forums/diabetes-more.55/,helli said: A friend of mine will be voting for Count Binface. He is concerned the vote will be split with Monster Raving Looney Party Click to expand... Sadly I think he may be right. Binface should be the unity candidate against Farage.
1180,/boards/forums/diabetes-more.55/,Monster Raving Looney Party should stand down and give Binface a clear run. How would Binface get through the metal detectors when entering parliament?
1181,/boards/forums/diabetes-more.55/,"SB2015 said: Monster Raving Looney Party should stand down and give Binface a clear run. How would Binface get through the metal detectors when entering parliament? Click to expand... There was a discussion about the security point on a recent evening political analysis of recent events (BBC2, c.11pm). It seems some MPs have formally pointed out to the Speaker that there is a potential difficulty imminent and better to review and seek a solution now, rather than it becomes a constitutional crisis. That said, there is probably precedent from the brief Cromwell era, when MPs could arrive at Parliament in an ""overdressed"" state!"
1182,/boards/forums/diabetes-more.55/,"SB2015 said: Monster Raving Looney Party should stand down and give Binface a clear run. How would Binface get through the metal detectors when entering parliament? Click to expand... All our bins are either plastic (food, general waste, garden waste), or some kind of textile bag (recycling). Should be no issues with the metal detector..."
1183,/boards/forums/diabetes-more.55/,Count Binface is getting a bit mainstream now. Probably time for an insurgent challenger to step forth.
1184,/boards/forums/diabetes-more.55/,Just heard via a YouTube channel called “Political custard” the Binface is selling Dungeons & dragons “Warhammer” style metal figurines in his likeness with the proceeds going to 2 charities. One being Diabetes UK? The article I watched for reference.about 7.22 into the video.
1185,/boards/forums/diabetes-more.55/,"SB2015 said: Monster Raving Looney Party should stand down and give Binface a clear run. How would Binface get through the metal detectors when entering parliament? Click to expand... Besides Binface and Farage, there are 32 other candidates.... WHY!?!?!"
1186,/boards/forums/diabetes-more.55/,"JabberTheHutt said: Besides Binface and Farage, there are 32 other candidates.... WHY!?!?! Click to expand... Hyacinth Bouquet or “Bucket.” Farage or Faridge? Maybe Forage. After Brexit I believe he went to the states? I see a “political” troll. Saw adds on YouTube crop up where he targeted the UK urging to put Money into some “Maxwell style” pension scheme he was selling. “Scheme” being the operative word. As to the 32 other candidates. Some found here. https://whocanivotefor.co.uk/elections/parl.clacton.by.2026-08-13/clacton/ But if we are referencing classic comedy."
1187,/boards/forums/diabetes-more.55/,"Hello again. This is a bit of a weird one but I’m after some advice. I’m currently having a real problem with my left hamstring. It’s not a conventional pull and that’s where the problem is. For example, sitting down at the moment I can feel it’s really tight (like holding a touch your toes type of stretch), if I point my chin down to my chest it becomes unbelievably painful, like a cramp feeling. Same as the movement to put my socks on, just not possible. Even had to wake the missus up at 5 yesterday to put my damn socks on! But during the day it’s fine, still lifting stuff about on site and doing my job with no problem and I wouldn’t even know there’s an issue. This is about a week in now and mornings and nights are absolutely shocking. Could it be a back issue or something else? Bloody annoying that’s for sure."
1188,/boards/forums/diabetes-more.55/,"Could it be a kind of cramp or damage from cramping @Tom1982 I once had a dodgy muscle for ages and I think it was due to cramp. I used Magnesium gel every night and took electrolytes and it gradually improved. However, I seem to remember that you had a back issue a little while ago? Maybe it’s connected to that?"
1189,/boards/forums/diabetes-more.55/,"Inka said: Could it be a kind of cramp or damage from cramping @Tom1982 I once had a dodgy muscle for ages and I think it was due to cramp. I used Magnesium gel every night and took electrolytes and it gradually improved. However, I seem to remember that you had a back issue a little while ago? Maybe it’s connected to that? Click to expand... That’s right, I’m starting to sound like a right old man now! But yes I did really hurt my back a while ago and I do think it might be something to do with that. It feels like the worst cramp I’ve ever had but only certain movements make it happen. How the hell do I explain that to a physio or the like! Getting old is not as good as I thought"
1190,/boards/forums/diabetes-more.55/,"If it’s only certain movements, then maybe it’s a trapped or inflamed nerve @Tom1982 For example, sciatica can cause pain in the thigh and sometimes right down the leg."
1191,/boards/forums/diabetes-more.55/,"Sounds like the sort of thing I'm getting, I have my physio referral after 6 months on Thursday and whilst waiting I have been seeing a chiropractor which has helped. First thing in the morning, goes after about 30mins, aggravated by stooping but I can bend fully, once the pain is there stretching up, carrying, is excruciating. Resting for a little while and it will be OK."
1192,/boards/forums/diabetes-more.55/,"I definitely suspect sciatica.  Known too many people (ladies and blokes) who insisted it wasn't until it was almost too late to deal with easily, to ignore the fact that it could be - so please, please however inconvenient it may be right now - get that probability investigated asap.  (I haven't used the word 'possibility' deliberately)"
1193,/boards/forums/diabetes-more.55/,"If putting your chin down causes pain I would suspect a nerve issue rather than hamstring. When I had sciatica one of the suggested things to do was nerve flossing, where you sit in a chair and alternately raise your leg and your chin to get the nerve moving and hopefully ""unstick"" the irritated part."
1194,/boards/forums/diabetes-more.55/,"My recent purchase of some cheap wide toed perfectly flat clogs have done wonders for my leg joints, hips and lower back. There wasn't all that much wrong to start with, but a few sharp twinges, little wobbles, having to hold on when stepping down or up - it was making me old and cautious. Two days after starting to wear the clogs I was standing straighter and moving around much more easily. Knees are not clunking, ankles not swelling, shoulders more flexible - nothing like a bit of stress and anxiety to tighten the shoulders and neck. There did not seem to be anything wrong with my old footwear - except it was old, but these soft foam clogs are an eye opener. If your problem could be associated with twisting of ligaments, stressing of joints and muscles it might be worth giving this sort of clog a try."
1195,/boards/forums/diabetes-more.55/,Lisa65 said: one of the suggested things to do was nerve flossing Click to expand... What an image! The human body is amazing.
1196,/boards/forums/diabetes-more.55/,"everydayupsanddowns said: What an image! The human body is amazing. Click to expand... I don't think it actually worked, it was agonising! I just had to wait for the sciatica to resolve, helped by a couple of visits to the osteopath."
1197,/boards/forums/diabetes-more.55/,It's now Tuesday @Tom1982 - so have you been to the Doc to ask about sciatica/ arrange an Xray or scan?
1198,/boards/forums/diabetes-more.55/,trophywench said: It's now Tuesday @Tom1982 - so have you been to the Doc to ask about sciatica/ arrange an Xray or scan? Click to expand... Nope and it’s bloody terrible. I can still move about but I was hoping it would start to get a bit better but it ain’t! Time off would be a disaster as we are a small firm and cancelling jobs is not good at all. I’m pretty sure if I go to a doctors I’m going to end up getting told something I don’t want to hear so I’ll keep popping coedine and hope it goes away for a bit longer!!
1199,/boards/forums/diabetes-more.55/,"Tom1982 said: Nope and it’s bloody terrible. I can still move about but I was hoping it would start to get a bit better but it ain’t! Time off would be a disaster as we are a small firm and cancelling jobs is not good at all. I’m pretty sure if I go to a doctors I’m going to end up getting told something I don’t want to hear so I’ll keep popping coedine and hope it goes away for a bit longer!! Click to expand... There are things you can do to try to release the nerve, not just one repeated movement but a series of moves which hopefully loosen the area and allow the nerve to return to its normal situation. You could try a chiropractor - or there's always YouTube. I was going to write at a pinch and then thought better of it - almost. I am finding my back and hips are loosening up day by day now I am wearing the broad flat shoes - I would not have thought it possible if I was not experiencing it for myself."
1200,/boards/forums/diabetes-more.55/,"Drummer said: There are things you can do to try to release the nerve, not just one repeated movement but a series of moves which hopefully loosen the area and allow the nerve to return to its normal situation. You could try a chiropractor - or there's always YouTube. I was going to write at a pinch and then thought better of it - almost. I am finding my back and hips are loosening up day by day now I am wearing the broad flat shoes - I would not have thought it possible if I was not experiencing it for myself. Click to expand... Can you post a link for the shoes please."
1201,/boards/forums/diabetes-more.55/,"Leadinglights said: Can you post a link for the shoes please. Click to expand... I am almost embarrassed to link to the ones I bought off Temu - they were under £5, slip on clogs, non slip plastic with two red and two white diagonal  stripes on the outer edge and 'Sport' on the buttons which hold the heel loop. Holes in the upper - for ventilation I assume. The soles are perfectly flat, no heel, and the toes are wide. My original thought was to wear them in the showers at camp sites, but they were instantly comfortable and have produced such surprising changes in my joints."
1202,/boards/forums/diabetes-more.55/,https://www.temu.com/goods.html?_bg_fs=1&goods_id=601104688183121&parent_order_sn=PO-210-12531937567352134&_oak_order_sn=210-12531958538872134&_oak_goods_num=1&sku_id=17615969185764&_x_sessn_id=59gjhss6y3&refer_page_name=bgt_order_detail&refer_page_id=10045_1785869773469_zcc2b6q3b2&refer_page_sn=10045
1203,/boards/forums/diabetes-more.55/,I think that works - but they are slightly  more expensive than the amount I paid but it should go to the exact ones I am wearing.
1204,/boards/forums/diabetes-more.55/,Codeine is only morphine by another name.  If the pain is bad enough to require codeine it's more than bad enough to require medical treatment. It is also addictive plus causes constipation.
1205,/boards/forums/diabetes-more.55/,"Or, buy a TENS machine."
1206,/boards/forums/diabetes-more.55/,"Well, I gave in. I'm at the walk in centre now. The burning down the back of my leg is driving me mad and it’s now non-stop. Almost like having constant cramp."
1207,/boards/forums/diabetes-more.55/,"Drummer said: I am almost embarrassed to link to the ones I bought off Temu Click to expand... I don't know why you are embarrassed - Temu describe them as ""Fashionable"" (Is it just me who finds that description usually means they are as fashionable as a TV show described as ""hilarious"" is funny?) Sorry - tangential comment again!"
1208,/boards/forums/diabetes-more.55/,"Cramp is really awful, hope you were able to get some help and more importantly relief!"
1209,/boards/forums/diabetes-more.55/,"Drummer said: I am almost embarrassed to link to the ones I bought off Temu Click to expand... I don't know why you are embarrassed - Temu describe them as ""Fashionable"" (Is it just me who finds that description usually means they are as fashionable as a TV show described as ""hilarious"" is funny?) Sorry - tangential comment again!"
1210,/boards/forums/diabetes-more.55/,"Cramp is really awful, hope you were able to get some help and more importantly relief!"
1211,/boards/forums/diabetes-more.55/,"Drummer said: I am almost embarrassed to link to the ones I bought off Temu Click to expand... I don't know why you are embarrassed - Temu describe them as ""Fashionable"" (Is it just me who finds that description usually means they are as fashionable as a TV show described as ""hilarious"" is funny?) Sorry - tangential comment again!"
1212,/boards/forums/diabetes-more.55/,"Cramp is really awful, hope you were able to get some help and more importantly relief!"
1213,/boards/forums/diabetes-more.55/,"Well, saw physio this morning, all good and progressing  well. Have now moved to 1.5kg  aw , and am a waiting delivery. I now will have monthly progress  checks. All very promising."
1214,/boards/forums/diabetes-more.55/,"Well, saw physio this morning, all good and progressing  well. Have now moved to 1.5kg  aw , and am a waiting delivery. I now will have monthly progress  checks. All very promising."
1215,/boards/forums/diabetes-more.55/,I thought we had a gardening thread already but couldn't find it so thought I would start another one. In my soggy garden February 2020 Lets see what's happening in yours?
1216,/boards/forums/diabetes-more.55/,"I’ve got some flowering shrubs, (winter flowering honeysuckle and viburnum and some daffs. I’m not venturing out for a close up til it stops raining, so here’s a view from the back door!"
1217,/boards/forums/diabetes-more.55/,Fab Robin I have the quince in flower and there is some apple blossom developing but I don't think will last long with all this rain.  Lots of primroses in flower in my garden also.
1218,/boards/forums/diabetes-more.55/,"I have quite a few crocuses, but they have been battered and blown to bits by the wind, pummelled and drenched by the rain and smothered and frozen by the snow Hardy little beggars -saw this as the snow started to melt"
1219,/boards/forums/diabetes-more.55/,"Jodee said: I thought we had a gardening thread already but couldn't find it so thought I would start another one. In my soggy garden February 2020 Lets see what's happening in yours? View attachment 13348 Click to expand... I think it will be a good couple of weeks before my daffs see the light of day, just poking their heads out on the soil currently"
1220,/boards/forums/diabetes-more.55/,"Northerner said: I think it will be a good couple of weeks before my daffs see the light of day, just poking their heads out on the soil currently Click to expand... All the 'daffs' I’ve got out at the moment are actually dwarf narcissi  'February Gold', which do exactly what they say on the tin. My common or garden daffs are only just thinking about life."
1221,/boards/forums/diabetes-more.55/,Snowdrops have nearly finished flowering now and garden looking really drab.  However - lots of nice new green leaf buds on the hydrangeas already but the dried flower heads from last year are still on them - potty!
1222,/boards/forums/diabetes-more.55/,I took a picture but it was too large to attach here.
1223,/boards/forums/diabetes-more.55/,"The accordion player at practice last night showed me a photo of her 'new pet' a huge bumble bee. She found it outside in the cold and brought it inside to defrost. It seems to be happily visiting her flowers in the conservatory now, and hopefully will survive until the warmer weather comes - a few hours of warmth must have woken it from hibernation, but the cold night almost finished it off."
1224,/boards/forums/diabetes-more.55/,"Northerner said: I think it will be a good couple of weeks before my daffs see the light of day, just poking their heads out on the soil currently Click to expand... ....and it will be 12 months before I see my daffs! They're stil in the shed sprouting, along with tulip bulbs; crocus; snowdrops; + more. Why? Well... 1) I was ill. 2) No compost to put in tubs & window boxes; and 3) Bad weather. So I'm going to experiment and plant them all in troughs & tubs, wave my magic wand ~ and see what happens! Watch this space! WL"
1225,/boards/forums/diabetes-more.55/,"My wallflowers coming to life. The fragrance is heavenly. One of my late mums favourite flowers, thus why I grow them WL"
1226,/boards/forums/diabetes-more.55/,"Northerner said: I have quite a few crocuses, but they have been battered and blown to bits by the wind, pummelled and drenched by the rain and smothered and frozen by the snow Hardy little beggars -saw this as the snow started to melt View attachment 13359 Click to expand... That's wonderful Northerner x"
1227,/boards/forums/diabetes-more.55/,trophywench said: Snowdrops have nearly finished flowering now and garden looking really drab.  However - lots of nice new green leaf buds on the hydrangeas already but the dried flower heads from last year are still on them - potty! Click to expand... Re hydrangeas - mine too.  I did spot a few green shoots on the clematis also.
1228,/boards/forums/diabetes-more.55/,"Wirralass said: View attachment 13368 My wallflowers coming to life. The fragrance is heavenly. One of my late mums favourite flowers, thus why I grow them WL Click to expand... Wow that's great, my wallflowers are still sleepy."
1229,/boards/forums/diabetes-more.55/,@grovesy - that's a pity grovesy @Drummer - great love those bumble bees
1230,/boards/forums/diabetes-more.55/,"trophywench said: Snowdrops have nearly finished flowering now and garden looking really drab.  However - lots of nice new green leaf buds on the hydrangeas already but the dried flower heads from last year are still on them - potty! Click to expand... I've still got quite a few snowdrops I had a lovely lacecap hydrangea at my last house - it would grow like fury in the summer! Need to get a camelia too, I had one of those and there were about a billion beautiful big pink flowers on it every year"
1231,/boards/forums/diabetes-more.55/,Those gillys are early!
1232,/boards/forums/diabetes-more.55/,"I have snowdrops but most fading now, crocus, daffodils, primroses, iris, winter flowering heather, camellia, clematisis but I have some for every season. I bought a new Camellia a couple of weeks ago in Aldi."
1233,/boards/forums/diabetes-more.55/,This was my lacecap hydrangea from my last house Must get another
1234,/boards/forums/diabetes-more.55/,Loved your lacecap Alan.  Bootiful!
1235,/boards/forums/diabetes-more.55/,"trophywench said: Loved your lacecap Alan.  Bootiful! Click to expand... It was stunning Unfortunately, I think the person who bought the house has dug it up"
1236,/boards/forums/diabetes-more.55/,"Northerner said: It was stunning Unfortunately, I think the person who bought the house has dug it up Click to expand... Philistine!"
1237,/boards/forums/diabetes-more.55/,"All snow drops have finished now as have a lot of daffs. Crocuses are out now in small batches. Anything else has their winter woollies on due to hail, sleet and snow today. I've spotted a few garden snails wearing a snorkel due to the liquid sunshine we have in abundance."
1238,/boards/forums/diabetes-more.55/,"A mire would best describe our garden. Had clear out last year planting new shrubs, some look ok others not so. Planted them late summer so lesson learnt, spring would have been better time to give them time to establish."
1239,/boards/forums/diabetes-more.55/,"nonethewiser said: A mire would best describe our garden. Had clear out last year planting new shrubs, some look ok others not so. Planted them late summer so lesson learnt, spring would have been better time to give them time to establish. Click to expand... Hope they all survive and thrive I'm pretty sure a large proportion of the daffodil bulbs I planted have failed, as there are far fewer poking through than I would have hoped for, but you never know I suppose I will find out in the coming weeks!"
1240,/boards/forums/diabetes-more.55/,"Northerner said: Hope they all survive and thrive I'm pretty sure a large proportion of the daffodil bulbs I planted have failed, as there are far fewer poking through than I would have hoped for, but you never know I suppose I will find out in the coming weeks! Click to expand... I find they flower at differnt times in my garden, my front garden can flower up to 4 weeks before my back garden."
1241,/boards/forums/diabetes-more.55/,"grovesy said: I find they flower at differnt times in my garden, my front garden can flower up to 4 weeks before my back garden. Click to expand... There's certainly a big variation in the amount of sunlight my front and back gardens get at this time of the year - east-facing at the back and west facing at the front, but the sunrise isn't high enough in the mornings to get far above the houses/trees before it starts moving round to the front of the house by late morning, so front gets more light In summer, because it's a bungalow, I get a lot of light all day because the house isn't high enough to block the sun"
1242,/boards/forums/diabetes-more.55/,"Northerner said: There's certainly a big variation in the amount of sunlight my front and back gardens get at this time of the year - east-facing at the back and west facing at the front, but the sunrise isn't high enough in the mornings to get far above the houses/trees before it starts moving round to the front of the house by late morning, so front gets more light In summer, because it's a bungalow, I get a lot of light all day because the house isn't high enough to block the sun Click to expand... I have a South front and north back."
1243,/boards/forums/diabetes-more.55/,"We had a nice showing of blossom from our Cherry Plum. Only a few years old, so still hasn’t produced any fruit, but the blossom comes out even earlier than our snowdrops!"
1244,/boards/forums/diabetes-more.55/,My snow drops are mainly over. Even some of my daffodils are finished too.
1245,/boards/forums/diabetes-more.55/,My poor crocus have been underwater but they are still flowering !
1246,/boards/forums/diabetes-more.55/,"grovesy said: My snow drops are mainly over. Even some of my daffodils are finished too. Click to expand... Yup, my snowdrops didn’t really show this year. I think they got too dry over the summer"
1247,/boards/forums/diabetes-more.55/,"everydayupsanddowns said: Yup, my snowdrops didn’t really show this year. I think they got too dry over the summer Click to expand... I got quite a few, just starting to die off now chaoticcar said: My poor crocus have been underwater but they are still flowering ! Click to expand... Mine are still flowering, but the leaves have become very limp and bedraggled"
1248,/boards/forums/diabetes-more.55/,"everydayupsanddowns said: Yup, my snowdrops didn’t really show this year. I think they got too dry over the summer Click to expand... I have some that have not come up to, I had some in front garden that have not shown up. The dry might explain as my front get the sun most of the day."
1249,/boards/forums/diabetes-more.55/,"Just spent the afternoon in the garden cutting back plants and even cutting the lawn. I see the fuchsia's as in bud and the raspberry canes also. I decided I must sort the grass out at least, as have hand surgery on Thurs and according to all the bumf, there's no driving for 2 weeks and no grass cutting or gardening for 4 weeks. If that's the case I wouldn't find my lawn mower if I ventured forth in 4 weeks time."
1250,/boards/forums/diabetes-more.55/,"Pumper_Sue said: Just spent the afternoon in the garden cutting back plants and even cutting the lawn. I see the fuchsia's as in bud and the raspberry canes also. I decided I must sort the grass out at least, as have hand surgery on Thurs and according to all the bumf, there's no driving for 2 weeks and no grass cutting or gardening for 4 weeks. If that's the case I wouldn't find my lawn mower if I ventured forth in 4 weeks time. Click to expand... I hope the op goes well Sue"
1251,/boards/forums/diabetes-more.55/,"Hope the op goes well. I did a bit of cutting back yesterday,  but the lawns are still like bogs. Have had more rain today. Though I did some stuff in the greenhouse, putting up plug plants till the ground drystone a bit more. Sown some sweet peas but did not have enough toilet roll inners to sow both packets of seed I have."
1252,/boards/forums/diabetes-more.55/,Fingers crossed the surgery goes well Sue (no pun intended!)
1253,/boards/forums/diabetes-more.55/,"So far the date has been changed 3 times 1st apt was 19th march. Then the surgeon wanted it brought forward  so changed it to the 17th! then last week told it changed again so now the 5th! Any bets as to whether it will cancelled? Had another letter from the hospital to tell me they had changed another outpatient apt from Monday the 9th of March to the 26th of may, which would have meant a 27 week wait altogether. So I rang up and asked why it had been changed, no one knew why as the clinic was still on that day so I demanded they gave me back my original apt. Which I'm pleased to say they did."
1254,/boards/forums/diabetes-more.55/,"Pumper_Sue said: So far the date has been changed 3 times 1st apt was 19th march. Then the surgeon wanted it brought forward so changed it to the 17th! then last week told it changed again so now the 5th! Click to expand... Hope you don't get another letter saying they've changed it to 1st of March, given that progression!"
1255,/boards/forums/diabetes-more.55/,"The Purple Dragon Tomatoes are developing well, no colour yet though.  Lots of wildlife in the garden this evening, lots of peacock butterfly's, they seem to be enjoying the Hebes as does a fierce looking hornet.  The dragonfly zoomed in and out, no picture sadly, but I have the cutest baby robin visiting and enjoying the garden along with the other birds."
1256,/boards/forums/diabetes-more.55/,"I’d like to introduce the newest member of the garden family. Ollie. He’s very cute, I’m checking on him constantly incase he makes a bolt for it!"
1257,/boards/forums/diabetes-more.55/,"Hola. Few days out of here. Dad’s appointment on Monday went fine or was terrible or awesome depending on your point of view. Consultant officially declared him severely visually impaired. She said there’s no need to see her again but has referred him to the cataract team and a surgical team who look after the vitreous layer at the back of the eye. His is bumpy so they may want to smooth it out a bit with a laser. Both that and the cataract surgery carry risks and neither team may want to do the procedure. Also the potential uplift is minimal, his optic nerve is damaged and there’s nothing in medical science that will restore the damage. So this is as good as it gets. That’s what I heard. Dad heard “referral to surgical team” which in his mind means there’s hope. Mum’s all over the place. I had my first EEG brain scan thing this morning and although they said there’s no side effects and you shouldn’t feel anything I feel decidedly out of sorts. I’ve La boheme matinee today so I’m ensconced in Gail’s with a decaf flat white and an audiobook whiling away the time before deciding whether I’m going in on going home. Friend will be joining me in about half an hour or so. C’est tout. Oh and 4.8 this morning."
1258,/boards/forums/diabetes-more.55/,"ColinUK said: Hola. Few days out of here. Dad’s appointment on Monday went fine or was terrible or awesome depending on your point of view. Consultant officially declared him severely visually impaired. She said there’s no need to see her again but has referred him to the cataract team and a surgical team who look after the vitreous layer at the back of the eye. His is bumpy so they may want to smooth it out a bit with a laser. Both that and the cataract surgery carry risks and neither team may want to do the procedure. Also the potential uplift is minimal, his optic nerve is damaged and there’s nothing in medical science that will restore the damage. So this is as good as it gets. That’s what I heard. Dad heard “referral to surgical team” which in his mind means there’s hope. Mum’s all over the place. I had my first EEG brain scan thing this morning and although they said there’s no side effects and you shouldn’t feel anything I feel decidedly out of sorts. I’ve La boheme matinee today so I’m ensconced in Gail’s with a decaf flat white and an audiobook whiling away the time before deciding whether I’m going in on going home. Friend will be joining me in about half an hour or so. C’est tout. Oh and 4.8 this morning. Click to expand... Colin do you realise this is the gardening thread? I think you must be a bit stressed with all that’s going on with your parents and yourself. Take care. X"
1259,/boards/forums/diabetes-more.55/,eggyg said: Colin do you realise this is the gardening thread? I think you must be a bit stressed with all that’s going on with your parents and yourself. Take care. X Click to expand... Oooops!
1260,/boards/forums/diabetes-more.55/,"I’ve really been enjoying our Agapanthus this week. They’ve been in a while, but failed to flower, then the replanted them in pots sunk in the ground about 18 months ago (apparently they like their roots a little constricted) and this year both have graced us with flowers."
1261,/boards/forums/diabetes-more.55/,"everydayupsanddowns said: I’ve really been enjoying our Agapanthus this week. They’ve been in a while, but failed to flower, then the replanted them in pots sunk in the ground about 18 months ago (apparently they like their roots a little constricted) and this year both have graced us with flowers. View attachment 40808 View attachment 40809 Click to expand... I hadn't come across agapanthus until I lived in Australia for a few years. They are everywhere, especially municipal parks. So, I had a bit of a downer on for a few years - I had been ""over saturated in agapanthus"". I am slowly coming out of this and starting to appreciate them again."
1262,/boards/forums/diabetes-more.55/,"helli said: I hadn't come across agapanthus until I lived in Australia for a few years. They are everywhere, especially municipal parks. So, I had a bit of a downer on for a few years - I had been ""over saturated in agapanthus. I am slowly coming out of this and starting to appreciate them again. Click to expand... Yes I first came across them on holiday on the Isles of Scilly, where they grow like weeds in cracks and crevices of dry stone walls. I know what you mean about ‘flower fatigue’ though"
1263,/boards/forums/diabetes-more.55/,"helli said: I hadn't come across agapanthus until I lived in Australia for a few years. They are everywhere, especially municipal parks. So, I had a bit of a downer on for a few years - I had been ""over saturated in agapanthus"". I am slowly coming out of this and starting to appreciate them again. Click to expand... I never noticed them in Australia, its the Jacaranda trees in bloom I miss.  My Mother had been growing agapanthus for over 30 years in UK,  I've had two attempts without success,  I think the slugs eat mine before they get going. I've had an investation of those flea beetles this year on my Kale, I went out about 6.30 yesterday evening to discover they had grown wings like flying ants, but they are tiny in comparison.  Although I did see some queen ants roaming about too, this morning those little flying beetle ants a lot were dead on the ground, so not quite sure what is going on with nature and the bugs at the moment.  Maybe the weather is even too hot for ants! @everydayupsanddowns your agapanthus look great Mike I am wilting myself at the moment, maybe I need a good hose down with the garden hose"
1264,/boards/forums/diabetes-more.55/,Hi Only just realised we have  a gardening section ! Almost everything I have is in pots This intense weather last few years has killed off about 25 percent of my stock which is  sad for the plants and flowers but not on my water bill !
1265,/boards/forums/diabetes-more.55/,"everydayupsanddowns said: Yes I first came across them on holiday on the Isles of Scilly, where they grow like weeds in cracks and crevices of dry stone walls. I know what you mean about ‘flower fatigue’ though Click to expand... A friend who goes to the Scillies every autumn for the migrating bird season brought me back some Agapanthus, apparently they split loads up in the autumn and sell them by the roadside. Alas, they were lovely for a couple of years, then I killed them, we had a really wet autumn followed by a hard winter, and the pot froze. At some point I’m going to have to confess to my friend, and hope she’ll bring me some more back now we seem to be having milder winters."
1266,/boards/forums/diabetes-more.55/,"Robin said: A friend who goes to the Scillies every autumn for the migrating bird season brought me back some Agapanthus, apparently they split loads up in the autumn and sell them by the roadside. Alas, they were lovely for a couple of years, then I killed them, we had a really wet autumn followed by a hard winter, and the pot froze. At some point I’m going to have to confess to my friend, and hope she’ll bring me some more back now we seem to be having milder winters. Click to expand... As in my post above I lose a lot in pots Summer to extreme heat , Winter to wet roots or frost"
1267,/boards/forums/diabetes-more.55/,"A friend bought me an agapanthus for my birthday a few years ago. I loved it but it didn’t last for too many years. It was our sapphire anniversary last year ( 45 years) and I ordered a root ball agapanthus called Sapphire. It arrived in January, we followed all the instructions and kept it in the greenhouse until the end of April. Planted in a smallish pot. I wasn’t expecting flowers this year but…… Disappointed but maybe I’m being impatient."
1268,/boards/forums/diabetes-more.55/,"eggyg said: A friend bought me an agapanthus for my birthday a few years ago. I loved it but it didn’t last for too many years. It was our sapphire anniversary last year ( 45 years) and I ordered a root ball agapanthus called Sapphire. It arrived in January, we followed all the instructions and kept it in the greenhouse until the end of April. Planted in a smallish pot. I wasn’t expecting flowers this year but…… Disappointed but maybe I’m being impatient. Click to expand... Hang in there! Only took ours 2 or 3 years from that point… But, as of this Summer, I now consider it worth the wait"
1269,/boards/forums/diabetes-more.55/,"everydayupsanddowns said: Hang in there! Only took ours 2 or 3 years from that point… But, as of this Summer, I now consider it worth the wait Click to expand... Thanks Mike."
1270,/boards/forums/diabetes-more.55/,"Has anyone grown purple dragon tomatoes before, they seem to be slow to ripen considering all the sunshine and heat we have had.  I am watering daily.  I am not sure if I need to wait for the orange red ones (2nd image) to go even darker since they are supposed to be deep purple red.  What do others think?"
1271,/boards/forums/diabetes-more.55/,"Jodee said: Has anyone grown purple dragon tomatoes Click to expand... Just checked with AI   "" apparently I should give them another 10 days. Expect to harvest Purple Dragon tomatoes from August through October . Planted out in May, these medium-early, purple-and-red striped cherry tomatoes take about 70 days to mature after planting. Wait until the fruit has lost its firm green hue on the bottom and has a slight avocado-like ""give"" when gently pressed. [ 1 , 2 , 3 , 4 , 5 ] creamed from Horticulture.co.uk"
1272,/boards/forums/diabetes-more.55/,Ollie the Cauli is still well and he’s grown. We’re tending to him like a baby. Spent much of today chasing cabbage whites from under the nets! It’s almost a full time job!
1273,/boards/forums/diabetes-more.55/,eggyg said: Ollie the Cauli is still well and he’s grown. We’re tending to him like a baby. Spent much of today chasing cabbage whites from under the nets! It’s almost a full time job! Click to expand... A perfect little gem
1274,/boards/forums/diabetes-more.55/,Ollie the Cauli is now in a curry! We harvested him yesterday. He’d grown into a big lad. Insulin pen for scale.
1275,/boards/forums/diabetes-more.55/,eggyg said: Ollie the Cauli is now in a curry! We harvested him yesterday. He’d grown into a big lad. Insulin pen for scale. Click to expand... Enjoy well worth the wait
1276,/boards/forums/diabetes-more.55/,eggyg said: Ollie the Cauli is now in a curry! We harvested him yesterday. He’d grown into a big lad. Insulin pen for scale. Click to expand... Wow! What a smasher!! You must be so proud! Hope the curry is a good as Ollie looks
1277,/boards/forums/diabetes-more.55/,"Well, I can in no way compete with Ollie the Cauli! I harvested the first French beans tonight, and one small misshapen courgette, which must rank as the most expensive to produce, because I bought daughter a bottle of wine for coming over and watering them while we were away the other week! I’m amazed I’ve got anything, they went in late because we were away at the end of May when I should have been getting them in, and we’ve had no rain for a month."
1278,/boards/forums/diabetes-more.55/,"The one good thing about our garden at the moment is that the oregano is going mad, and has clouds of Gatekeeper butterflies all over it, which I’ve seen out on walks but never in the garden before."
1279,/boards/forums/diabetes-more.55/,"Robin said: Well, I can in no way compete with Ollie the Cauli! I harvested the first French beans tonight, and one small misshapen courgette, which must rank as the most expensive to produce, because I bought daughter a bottle of wine for coming over and watering them while we were away the other week! I’m amazed I’ve got anything, they went in late because we were away at the end of May when I should have been getting them in, and we’ve had no rain for a month. Click to expand... I have plenty French beans now and almost a glut of courgettes, our promised rain today was 3 drops. Cucumbers and tomatoes doing well."
1280,/boards/forums/diabetes-more.55/,"Robin said: Well, I can in no way compete with Ollie the Cauli! I harvested the first French beans tonight, and one small misshapen courgette, which must rank as the most expensive to produce, because I bought daughter a bottle of wine for coming over and watering them while we were away the other week! I’m amazed I’ve got anything, they went in late because we were away at the end of May when I should have been getting them in, and we’ve had no rain for a month. Click to expand... This made me laugh. Just read on a FB greenhouse group this guy has just picked his very first tomato, that’s really late, he said it’s cost him £27! If it makes you feel any better, our courgettes are quite pathetic and most have blossom end rot. We think we’ve overwatered them!"
1281,/boards/forums/diabetes-more.55/,"Leadinglights said: I have plenty French beans now and almost a glut of courgettes, our promised rain today was 3 drops. Cucumbers and tomatoes doing well. Click to expand... Our dwarf French beans have produced loads, my freezer is filling up rapidly!"
1282,/boards/forums/diabetes-more.55/,"eggyg said: Our dwarf French beans have produced loads, my freezer is filling up rapidly! Click to expand... The slugs and snails grazed all our plants to the ground. Again!"
1283,/boards/forums/diabetes-more.55/,"My purple dragon tomatoes are ripening well, had several to east, some grow really large and hold shape when sliced for baking. T think I prefer gardeners delight for salad tomatoes though.  i am unable to take picture with one arm/ hand - typing this slowly one hand. no joy with french beans, runner beans are coming along nicely. the cana lily i grew from seed is chewed must be good slug and snail nosh. Sadly unable to do any gardening but trying to keep seedlings going as unable to pot on or prick out and no help as yet."
1284,/boards/forums/diabetes-more.55/,"After our success with Ollie the Cauli introducing Bob and Bert. We’ve got this far with brocolli before then it goes yellow and goes to seed, we’ve lost two already that barely got to 10p piece size. Anyone managed to grow a proper sized broccoli head? If so, any tips? PS these are about 4/5 ins across."
1285,/boards/forums/diabetes-more.55/,"Finally got round to loading some pix (with reduced file size) Think canna lilies were better in previous year, just letting them spread. Ceanothus is tall, it's already had about 8' taken off the top. Love colour of Cotinus just pity it drops it leaves. Thought the Red Robin was the ""little"" variant but it seems a bit tall. Astilbes' are my current ground cover of choice, need to split or get some more as weeding is getting increasingly difficult. Was going to include Sambucus but just about managed to kill it, may try cutting to ground level or replace,]."
1286,/boards/forums/diabetes-more.55/,I was visiting a friend her bush has nearly  gone over but any idea what it is ?
1287,/boards/forums/diabetes-more.55/,"eggyg said: After our success with Ollie the Cauli introducing Bob and Bert. We’ve got this far with brocolli before then it goes yellow and goes to seed, we’ve lost two already that barely got to 10p piece size. Anyone managed to grow a proper sized broccoli head? If so, any tips? PS these are about 4/5 ins across. Click to expand... Sadly I have no success with brassicas, club root on the allotment but I do keep trying in the vain hope something may grow. But I do feel I am wasting my time."
1288,/boards/forums/diabetes-more.55/,Nayshiftin said: I was visiting a friend her bush has nearly  gone over but any idea what it is ? View attachment 40981 Click to expand... I cant remember the name but is it the one prized for making some sort of remedy. Google lens says its a spirea.
1289,/boards/forums/diabetes-more.55/,"Fagor said: Finally got round to loading some pix (with reduced file size) Think canna lilies were better in previous year, just letting them spread. Ceanothus is tall, it's already had about 8' taken off the top. Love colour of Cotinus just pity it drops it leaves. Thought the Red Robin was the ""little"" variant but it seems a bit tall. Astilbes' are my current ground cover of choice, need to split or get some more as weeding is getting increasingly difficult. Was going to include Sambucus but just about managed to kill it, may try cutting to ground level or replace,]. Click to expand... Fab Fagor, wow I always thought astilbe grew in damp soil, its doing really well considering the heat we have had."
1290,/boards/forums/diabetes-more.55/,We’ve only ever done Purple Sprouting as far as broccoli goes. Bob and Bert look in great shape @eggyg
1291,/boards/forums/diabetes-more.55/,Jodee said: I cant remember the name but is it the one prized for making some sort of remedy. Google lens says its a spirea. Click to expand... Thank you
1292,/boards/forums/diabetes-more.55/,"At last our courgettes are producing healthy fruit. Usually at this time in the  season we are sick to death of eating courgette based meals. We’ve only picked four so far. Cue two weeks time I’ll be whinging we’ve got a glut! Carrots are doing well, they are just a lovely size, except this monster! Yikes!"
1293,/boards/forums/diabetes-more.55/,"My grapes this year, there are a total of four bunches on the vine, not quite enough for a bottle of wine, next year ???"
1294,/boards/forums/diabetes-more.55/,"Alan44 said: My grapes this year, there are a total of four bunches on the vine, not quite enough for a bottle of wine, next year ??? Click to expand... We have a grape vine, we have quite a few grapes this year, we’ve tried making wine, it’s terrible! You can’t eat them they are full of pips. Two or three years ago I made 17 jars of grape jelly, we’re still trying to give it away!"
1295,/boards/forums/diabetes-more.55/,eggyg said: Ollie the Cauli is now in a curry! We harvested him yesterday. He’d grown into a big lad. Insulin pen for scale. Click to expand... Enjoy well worth the wait
1296,/boards/forums/diabetes-more.55/,eggyg said: Ollie the Cauli is now in a curry! We harvested him yesterday. He’d grown into a big lad. Insulin pen for scale. Click to expand... Wow! What a smasher!! You must be so proud! Hope the curry is a good as Ollie looks
1297,/boards/forums/diabetes-more.55/,"Well, I can in no way compete with Ollie the Cauli! I harvested the first French beans tonight, and one small misshapen courgette, which must rank as the most expensive to produce, because I bought daughter a bottle of wine for coming over and watering them while we were away the other week! I’m amazed I’ve got anything, they went in late because we were away at the end of May when I should have been getting them in, and we’ve had no rain for a month."
1298,/boards/forums/diabetes-more.55/,"The one good thing about our garden at the moment is that the oregano is going mad, and has clouds of Gatekeeper butterflies all over it, which I’ve seen out on walks but never in the garden before."
1299,/boards/forums/diabetes-more.55/,"Robin said: Well, I can in no way compete with Ollie the Cauli! I harvested the first French beans tonight, and one small misshapen courgette, which must rank as the most expensive to produce, because I bought daughter a bottle of wine for coming over and watering them while we were away the other week! I’m amazed I’ve got anything, they went in late because we were away at the end of May when I should have been getting them in, and we’ve had no rain for a month. Click to expand... I have plenty French beans now and almost a glut of courgettes, our promised rain today was 3 drops. Cucumbers and tomatoes doing well."
1300,/boards/forums/diabetes-more.55/,"Robin said: Well, I can in no way compete with Ollie the Cauli! I harvested the first French beans tonight, and one small misshapen courgette, which must rank as the most expensive to produce, because I bought daughter a bottle of wine for coming over and watering them while we were away the other week! I’m amazed I’ve got anything, they went in late because we were away at the end of May when I should have been getting them in, and we’ve had no rain for a month. Click to expand... This made me laugh. Just read on a FB greenhouse group this guy has just picked his very first tomato, that’s really late, he said it’s cost him £27! If it makes you feel any better, our courgettes are quite pathetic and most have blossom end rot. We think we’ve overwatered them!"
1301,/boards/forums/diabetes-more.55/,"Leadinglights said: I have plenty French beans now and almost a glut of courgettes, our promised rain today was 3 drops. Cucumbers and tomatoes doing well. Click to expand... Our dwarf French beans have produced loads, my freezer is filling up rapidly!"
1302,/boards/forums/diabetes-more.55/,"eggyg said: Our dwarf French beans have produced loads, my freezer is filling up rapidly! Click to expand... The slugs and snails grazed all our plants to the ground. Again!"
1303,/boards/forums/diabetes-more.55/,"My purple dragon tomatoes are ripening well, had several to east, some grow really large and hold shape when sliced for baking. T think I prefer gardeners delight for salad tomatoes though.  i am unable to take picture with one arm/ hand - typing this slowly one hand. no joy with french beans, runner beans are coming along nicely. the cana lily i grew from seed is chewed must be good slug and snail nosh. Sadly unable to do any gardening but trying to keep seedlings going as unable to pot on or prick out and no help as yet."
1304,/boards/forums/diabetes-more.55/,"After our success with Ollie the Cauli introducing Bob and Bert. We’ve got this far with brocolli before then it goes yellow and goes to seed, we’ve lost two already that barely got to 10p piece size. Anyone managed to grow a proper sized broccoli head? If so, any tips? PS these are about 4/5 ins across."
1305,/boards/forums/diabetes-more.55/,"Finally got round to loading some pix (with reduced file size) Think canna lilies were better in previous year, just letting them spread. Ceanothus is tall, it's already had about 8' taken off the top. Love colour of Cotinus just pity it drops it leaves. Thought the Red Robin was the ""little"" variant but it seems a bit tall. Astilbes' are my current ground cover of choice, need to split or get some more as weeding is getting increasingly difficult. Was going to include Sambucus but just about managed to kill it, may try cutting to ground level or replace,]."
1306,/boards/forums/diabetes-more.55/,I was visiting a friend her bush has nearly  gone over but any idea what it is ?
1307,/boards/forums/diabetes-more.55/,"eggyg said: After our success with Ollie the Cauli introducing Bob and Bert. We’ve got this far with brocolli before then it goes yellow and goes to seed, we’ve lost two already that barely got to 10p piece size. Anyone managed to grow a proper sized broccoli head? If so, any tips? PS these are about 4/5 ins across. Click to expand... Sadly I have no success with brassicas, club root on the allotment but I do keep trying in the vain hope something may grow. But I do feel I am wasting my time."
1308,/boards/forums/diabetes-more.55/,Nayshiftin said: I was visiting a friend her bush has nearly  gone over but any idea what it is ? View attachment 40981 Click to expand... I cant remember the name but is it the one prized for making some sort of remedy. Google lens says its a spirea.
1309,/boards/forums/diabetes-more.55/,"Fagor said: Finally got round to loading some pix (with reduced file size) Think canna lilies were better in previous year, just letting them spread. Ceanothus is tall, it's already had about 8' taken off the top. Love colour of Cotinus just pity it drops it leaves. Thought the Red Robin was the ""little"" variant but it seems a bit tall. Astilbes' are my current ground cover of choice, need to split or get some more as weeding is getting increasingly difficult. Was going to include Sambucus but just about managed to kill it, may try cutting to ground level or replace,]. Click to expand... Fab Fagor, wow I always thought astilbe grew in damp soil, its doing really well considering the heat we have had."
1310,/boards/forums/diabetes-more.55/,We’ve only ever done Purple Sprouting as far as broccoli goes. Bob and Bert look in great shape @eggyg
1311,/boards/forums/diabetes-more.55/,Jodee said: I cant remember the name but is it the one prized for making some sort of remedy. Google lens says its a spirea. Click to expand... Thank you
1312,/boards/forums/diabetes-more.55/,"At last our courgettes are producing healthy fruit. Usually at this time in the  season we are sick to death of eating courgette based meals. We’ve only picked four so far. Cue two weeks time I’ll be whinging we’ve got a glut! Carrots are doing well, they are just a lovely size, except this monster! Yikes!"
1313,/boards/forums/diabetes-more.55/,"My grapes this year, there are a total of four bunches on the vine, not quite enough for a bottle of wine, next year ???"
1314,/boards/forums/diabetes-more.55/,"Alan44 said: My grapes this year, there are a total of four bunches on the vine, not quite enough for a bottle of wine, next year ??? Click to expand... We have a grape vine, we have quite a few grapes this year, we’ve tried making wine, it’s terrible! You can’t eat them they are full of pips. Two or three years ago I made 17 jars of grape jelly, we’re still trying to give it away!"
1315,/boards/forums/diabetes-more.55/,"eggyg said: We have a grape vine, we have quite a few grapes this year, we’ve tried making wine, it’s terrible! You can’t eat them they are full of pips. Two or three years ago I made 17 jars of grape jelly, we’re still trying to give it away! Click to expand... I agree, I tried one and spat it out, as you say, just full of pips, very disappointing"
1316,/boards/forums/diabetes-more.55/,"This is my pumpkin plant which seems determined to take over the world.  You cannot see the left hand extremity, it is trying to encompass the raised bed.  It has engulfed my compost heap and trying to smother the clematis.. The only saving grace is that if you look very carefully, towards the top of the picture, you will see the beginnings of a pumpkin.  There is another hidden deep in the jungle. Only grown a pumpkin once before and that was not as unruly.  Is this normal for pumpkins?"
1317,/boards/forums/diabetes-more.55/,"Docb said: View attachment 41016 This is my pumpkin plant which seems determined to take over the world.  You cannot see the left hand extremity, it is trying to encompass the raised bed.  It has engulfed my compost heap and trying to smother the clematis.. The only saving grace is that if you look very carefully, towards the top of the picture, you will see the beginnings of a pumpkin.  There is another hidden deep in the jungle. Only grown a pumpkin once before and that was not as unruly.  Is this normal for pumpkins? Click to expand... They come from the same family as courgettes I believe, our two courgette plants have taken over the whole garden!"
1318,/boards/forums/diabetes-more.55/,"Docb said: View attachment 41016 Only grown a pumpkin once before and that was not as unruly.  Is this normal for pumpkins? Click to expand... I think it is normal, could take up the entire space of a medium size garden.  Although u can get bush varieties I believe.  Really u need a field"
1319,/boards/forums/diabetes-more.55/,"Docb said: View attachment 41016 This is my pumpkin plant which seems determined to take over the world.  You cannot see the left hand extremity, it is trying to encompass the raised bed.  It has engulfed my compost heap and trying to smother the clematis.. The only saving grace is that if you look very carefully, towards the top of the picture, you will see the beginnings of a pumpkin.  There is another hidden deep in the jungle. Only grown a pumpkin once before and that was not as unruly.  Is this normal for pumpkins? Click to expand... Some grow quite compact, two varieties, Thompson and Morgan Mashed Potato and Baked Potato have little trailing habit but others like Turks Turban and Crown Prince and some others ramble everywhere. They are squashes."
1320,/boards/forums/diabetes-more.55/,This made us laugh. I asked Mr Eggy to pick some carrots. Introducing Carrot Man.  The only embellishment is two peppercorns for his eyes. He’s now in a carrot cake!
1321,/boards/forums/diabetes-more.55/,"eggyg said: We have a grape vine, we have quite a few grapes this year, we’ve tried making wine, it’s terrible! You can’t eat them they are full of pips. Two or three years ago I made 17 jars of grape jelly, we’re still trying to give it away! Click to expand... I agree, I tried one and spat it out, as you say, just full of pips, very disappointing"
1322,/boards/forums/diabetes-more.55/,"This is my pumpkin plant which seems determined to take over the world.  You cannot see the left hand extremity, it is trying to encompass the raised bed.  It has engulfed my compost heap and trying to smother the clematis.. The only saving grace is that if you look very carefully, towards the top of the picture, you will see the beginnings of a pumpkin.  There is another hidden deep in the jungle. Only grown a pumpkin once before and that was not as unruly.  Is this normal for pumpkins?"
1323,/boards/forums/diabetes-more.55/,"Docb said: View attachment 41016 This is my pumpkin plant which seems determined to take over the world.  You cannot see the left hand extremity, it is trying to encompass the raised bed.  It has engulfed my compost heap and trying to smother the clematis.. The only saving grace is that if you look very carefully, towards the top of the picture, you will see the beginnings of a pumpkin.  There is another hidden deep in the jungle. Only grown a pumpkin once before and that was not as unruly.  Is this normal for pumpkins? Click to expand... They come from the same family as courgettes I believe, our two courgette plants have taken over the whole garden!"
1324,/boards/forums/diabetes-more.55/,"Docb said: View attachment 41016 Only grown a pumpkin once before and that was not as unruly.  Is this normal for pumpkins? Click to expand... I think it is normal, could take up the entire space of a medium size garden.  Although u can get bush varieties I believe.  Really u need a field"
1325,/boards/forums/diabetes-more.55/,"Docb said: View attachment 41016 This is my pumpkin plant which seems determined to take over the world.  You cannot see the left hand extremity, it is trying to encompass the raised bed.  It has engulfed my compost heap and trying to smother the clematis.. The only saving grace is that if you look very carefully, towards the top of the picture, you will see the beginnings of a pumpkin.  There is another hidden deep in the jungle. Only grown a pumpkin once before and that was not as unruly.  Is this normal for pumpkins? Click to expand... Some grow quite compact, two varieties, Thompson and Morgan Mashed Potato and Baked Potato have little trailing habit but others like Turks Turban and Crown Prince and some others ramble everywhere. They are squashes."
1326,/boards/forums/diabetes-more.55/,This made us laugh. I asked Mr Eggy to pick some carrots. Introducing Carrot Man.  The only embellishment is two peppercorns for his eyes. He’s now in a carrot cake!
1327,/boards/forums/diabetes-more.55/,"eggyg said: We have a grape vine, we have quite a few grapes this year, we’ve tried making wine, it’s terrible! You can’t eat them they are full of pips. Two or three years ago I made 17 jars of grape jelly, we’re still trying to give it away! Click to expand... I agree, I tried one and spat it out, as you say, just full of pips, very disappointing"
1328,/boards/forums/diabetes-more.55/,"This is my pumpkin plant which seems determined to take over the world.  You cannot see the left hand extremity, it is trying to encompass the raised bed.  It has engulfed my compost heap and trying to smother the clematis.. The only saving grace is that if you look very carefully, towards the top of the picture, you will see the beginnings of a pumpkin.  There is another hidden deep in the jungle. Only grown a pumpkin once before and that was not as unruly.  Is this normal for pumpkins?"
1329,/boards/forums/diabetes-more.55/,"Docb said: View attachment 41016 This is my pumpkin plant which seems determined to take over the world.  You cannot see the left hand extremity, it is trying to encompass the raised bed.  It has engulfed my compost heap and trying to smother the clematis.. The only saving grace is that if you look very carefully, towards the top of the picture, you will see the beginnings of a pumpkin.  There is another hidden deep in the jungle. Only grown a pumpkin once before and that was not as unruly.  Is this normal for pumpkins? Click to expand... They come from the same family as courgettes I believe, our two courgette plants have taken over the whole garden!"
1330,/boards/forums/diabetes-more.55/,"Docb said: View attachment 41016 Only grown a pumpkin once before and that was not as unruly.  Is this normal for pumpkins? Click to expand... I think it is normal, could take up the entire space of a medium size garden.  Although u can get bush varieties I believe.  Really u need a field"
1331,/boards/forums/diabetes-more.55/,"Docb said: View attachment 41016 This is my pumpkin plant which seems determined to take over the world.  You cannot see the left hand extremity, it is trying to encompass the raised bed.  It has engulfed my compost heap and trying to smother the clematis.. The only saving grace is that if you look very carefully, towards the top of the picture, you will see the beginnings of a pumpkin.  There is another hidden deep in the jungle. Only grown a pumpkin once before and that was not as unruly.  Is this normal for pumpkins? Click to expand... Some grow quite compact, two varieties, Thompson and Morgan Mashed Potato and Baked Potato have little trailing habit but others like Turks Turban and Crown Prince and some others ramble everywhere. They are squashes."
1332,/boards/forums/diabetes-more.55/,This made us laugh. I asked Mr Eggy to pick some carrots. Introducing Carrot Man.  The only embellishment is two peppercorns for his eyes. He’s now in a carrot cake!
1333,/boards/forums/diabetes-more.55/,IAt breaking point they called 111 at weekend. Got given run around from crisis team to 11 in end they sent a abundance in end got give a srip for some lorazepam enough for couple of days by out of hours gp can't post anymore sorry will be taking a few days off of forum
1334,/boards/forums/diabetes-more.55/,See you again when you are ready and not till you know you are properly OK.  Most people here care more about you than they do the forum. Love from Jenny.
1335,/boards/forums/diabetes-more.55/,"CAUTION IN READING MAYBE NEEDED Thankyou very much Jenny your kind words mean a lot. Im feeling a bit better. They Lorazepam made a difference. Still hearing voices and bad thoughts in my head. But am 8n better control of it now. Staff have been brilliant,  they went through  my room with a fine thoothcomb and removed certain items 11. Don't wanna go into details why don't wanna trigger people. I was on continuous 15 mins checks. That's been stopped today. Still not allowed knife and fork at mealtimes have to eat with a spoon. Am going to ask the boss tomorrow if this can be stopped, she can say yay or nay. Thankyou all for letting me vent/post. Your support and love means a lot to me Love gail PS if you are struggling there is support out there just ask for help PPS Can stress poor mh affect your BG levels,  reason I ask is levels been sky hi. Been checked over for the obvious things and g8ven the all clear Edit because I wanted to add more, u know me have posting diorear it times"
1336,/boards/forums/diabetes-more.55/,"Glad you’re improving Gail. Don’t worry about your bg levels, focus on getting better. Stress can absolutely raise your bg levels and mental heath difficulties are stressful. You stressing about high bgs won’t help so just don’t look at them if that’s what you need for now, staff monitor the levels at key times anyway I understand. The exception is if you feel physically unwell you should still look at your bg or get someone else to do so."
1337,/boards/forums/diabetes-more.55/,"I'm glad that the medication and the support you have are helping. As Lucyr says - mental health is one of those frustrating things that can change our blood glucose without us having a lot of control over it. But I also 2nd what she says about prioritizing your mental health. Once that stabilises, your blood glucose will probably stabilise too and, if it doesn't, you'll be in a better place to think about it and address it. You've been so kind to so many of us on the forum, me included. Now it's  time to be justcas kind to yourself."
1338,/boards/forums/diabetes-more.55/,"Thanks for your kindness in replying Im a lot better today, a hell of a lot better. Had 4 hours sleep last night voices have subsided a lot, not having bad thoughts its a bugger MH is when it plays up. As u may know I keep a diary,  when im ill instead of keeping it on my tablet I have a big purple book which I write every thing in. It's makes for harrowing reading. Still not let's dwell on that. Can I just say if you are struggling with your MH PLEASE reach out to someone for help, don't be ashamed or embarrassed about it. One in four people have MH issues you know1"
1339,/boards/forums/diabetes-more.55/,I'm glad to hear you are feeling a bit better Gail xx
1340,/boards/forums/diabetes-more.55/,Sending love Gail. I hope today is easier and you mange some sleep.
1341,/boards/forums/diabetes-more.55/,"@gail2 - I've had a busy few days and just caught up with this.  Again, I take my hat off to you for recognising your danger signs and doing something positive about it.  When things are bad, for many it's easier to hide away or go into denial. Take care and do whatever you have to do to find yourself again.  We'll all be heat waiting to cheer you back. Respect Gail. Rubbish that this challenges you so regularly."
1342,/boards/forums/diabetes-more.55/,"So sorry to hear what a rough time you’ve been having over the past few days - well done for reaching out for help, which is not easy to do in the midst of everything. Really pleased that the staff were attentive and supportive. Hope the stress-related BG upheaval settles down for you soon. And thank you for your bravery and openness in sharing your difficulties with MH on the forum - I’m sure it will help others to feel less alone in their own struggles."
1343,/boards/forums/diabetes-more.55/,(((HUGS))). So glad to hear you're recovering @gail2 .
1344,/boards/forums/diabetes-more.55/,Had a bad night but ok now. That's the thing with MH it's swings and roundabouts.  Thanks one and all for your kindness
1345,/boards/forums/diabetes-more.55/,"Can I say thanks for the likes and messages Your continuous support and love helps me so much. I don’t think you know how much it means to me. As im much better and don't need this thread dear Mods can it be locked please,. A final sentence if you are struggling MH wise please reach out to someone.  There are people who care for you and want to help you. Love gail xxxxxxx"
1346,/boards/forums/diabetes-more.55/,I’ve reopened the thread for you @gail2
1347,/boards/forums/diabetes-more.55/,"So sorry, not seen this thread before.  Just want to send hugs and wish you mental peace Gail.  Lots of love."
1348,/boards/forums/diabetes-more.55/,Asked Mike to reopen as things are getting a bit cack no correction they have been cack and things are going towards a wee bit . That's why have been lurking with likes and not posting much. Am in diabetic burn out. My TIR is 49% for last 25 days. SO have come to agreement with my self that will only look at sensor when nurse comes to do insulin and if low alarm goes off. Otherwise it can bugger off. May be not a wise approach but it's my body my diabetes. My mental health is a bit wonky as well at moment am crying a lot and feeling low thankfully not the voices are not bad bad I can handle it at moment. My ED is a bitch and playing up a bit but not last couple of days. Think all 3 are connected it like a brick on my back. Am going to see if I can get a GPs appointment sometime this week Thankyou  for letting me vent Yours down but not out Fighting like a good one
1349,/boards/forums/diabetes-more.55/,"gail2 said: Asked Mike to reopen as things are getting a bit cack no correction they have been cack and things are going towards a wee bit . That's why have been lurking with likes and not posting much. Am in diabetic burn out. My TIR is 49% for last 25 days. SO have come to agreement with my self that will only look at sensor when nurse comes to do insulin and if low alarm goes off. Otherwise it can bugger off. May be not a wise approach but it's my body my diabetes. My mental health is a bit wonky as well at moment am crying a lot and feeling low thankfully not the voices are not bad bad I can handle it at moment. My ED is a bitch and playing up a bit but not last couple of days. Think all 3 are connected it like a brick on my back. Am going to see if I can get a GPs appointment sometime this week Thankyou  for letting me vent Yours down but not out Fighting like a good one Click to expand... Hang on in there, @gail2 .  These times will pass.  You are a very strong person."
1350,/boards/forums/diabetes-more.55/,They put in my thoughts and hope you get the extra support you need
1351,/boards/forums/diabetes-more.55/,"gail2 said: Thankyou for letting me vent Yours down but not out Fighting like a good one Click to expand... Sorry to hear you’ve been having a tough time @gail2 - well done for your attitude, and your resilience. Keep fighting!"
1352,/boards/forums/diabetes-more.55/,Today im hearing voices and seeing thingscaround the edges please not this again have told staff
1353,/boards/forums/diabetes-more.55/,"gail2 said: Today im hearing voices and seeing thingscaround the edges please not this again have told staff Click to expand... Sending you positive vibes, @gail2 .  I hope you feel better very soon."
1354,/boards/forums/diabetes-more.55/,"Stay safe, Gail. Keep yourself busy if you can, music, some reading, writing, whatever you feel like might help, I know you know yourself best"
1355,/boards/forums/diabetes-more.55/,gail2 said: Today im hearing voices and seeing thingscaround the edges please not this again have told staff Click to expand... Probably a daft thing to say but have you ever tried listening to audiobooks? I get right into them and when my heads going 100 mph they sort of slow me down. Hope things get better soon.
1356,/boards/forums/diabetes-more.55/,Bad night spent all night sitting on edge of bed rocking Backwards and forwards beging them to leave me alone and **** off. In the night we get checked every 2 hours and every time they did checks there i was rocking myself.  Got up today and it's the same. Im so tired just want some sleep that's all Im sorry if im triggering anyone if you want me to stop posting on this thread I will im so sorry
1357,/boards/forums/diabetes-more.55/,"gail2 said: Bad night spent all night sitting on edge of bed rocking Backwards and forwards beging them to leave me alone and **** off. In the night we get checked every 2 hours and every time they did checks there i was rocking myself.  Got up today and it's the same. Im so tired just want some sleep that's all Im sorry if im triggering anyone if you want me to stop posting on this thread I will im so sorry Click to expand... Hope things improve soon Gail, you’ve got this you know how to keep yourself safe"
1358,/boards/forums/diabetes-more.55/,"oh gail so sorry you are experiencing this, sending you wellbeing thoughts along with the violet flame to calm and clear the energies around you. Hope you are feelig better soon."
1359,/boards/forums/diabetes-more.55/,"gail2 said: Im sorry if im triggering anyone if you want me to stop posting on this thread I will im so sorry Click to expand... We are all rooting for you @gail2 You have nothing to apologise for. People here want you to be back to yourself, and feeling better. Hope you are able to get some rest and sleep - is that something staff might be able to help you with?"
1360,/boards/forums/diabetes-more.55/,"Still thinking of you @gail2 .   Your cheerleaders here won't go away. Keep pushing forward.  You are a strong, brave woman."
1361,/boards/forums/diabetes-more.55/,"This forum continues to amaze me with the love and support it shows me. You all have no idea what a difference it makes to my mh and life. Im feeling better today still hearing voices and having visions but now I know they are not real and can't hurt me if that makes sense. If you are struggling please reach out for some help, there are so many people who want to help you Love Gail"
1362,/boards/forums/diabetes-more.55/,"gail2 said: This forum continues to amaze me with the love and support it shows me. You all have no idea what a difference it makes to my mh and life. Im feeling better today still hearing voices and having visions but now I know they are not real and can't hurt me if that makes sense. If you are struggling please reach out for some help, there are so many people who want to help you Love Gail Click to expand... I wanted to put a love but it’s really hard to select anything other than like on my phone Can you spend time doing any of your hobbies today? I’ve just got back from the cinema, saw the sheep detectives which was good"
1363,/boards/forums/diabetes-more.55/,"Glad to see you posting, @gail2 I hope things continue to ease for you."
1364,/boards/forums/diabetes-more.55/,"We all think you are amazing @gail2 - despite your own daily struggles, you always take time to offer support to others - you are a very well loved and amazing contributor to the forum - hang on in there and take care"
1365,/boards/forums/diabetes-more.55/,Im blushing now Thanks
1366,/boards/forums/diabetes-more.55/,"mashedupmatt said: We all think you are amazing @gail2 - despite your own daily struggles, you always take time to offer support to others - you are a very well loved and amazing contributor to the forum - hang on in there and take care Click to expand... AndBreathe said: Glad to see you posting, @gail2 I hope things continue to ease for you. Click to expand... Well said! Great to hear you are feeling better. We are all rooting for you @gail2"
1367,/boards/forums/diabetes-more.55/,"Feeling much better today had about 7 hours sleep last night. In fact to be honest I could do with looking at the inside of my eyelids right now lol. Not seeing things but still hearing very low voices which I can nowtell to bugger off Can I once again thank you all for your kind words of support and kindness it means a hell of a lot to me in this emotional journey  of mine. You folks are brilliant,  kind and lovely Gail/"
1368,/boards/forums/diabetes-more.55/,"Hi @gail2 , I am so glad you are getting some sleep at last. I know that not being able to rest is brutal. You are so strong and resilient (by which I mean you can pick yourself up again, and again), and an inspiration to me. When my black dogs occasionally decide to visit, I sometimes think WWGD (What Would Gail Do) and I try to stand up to them and face them off - so thank you. Nick"
1369,/boards/forums/diabetes-more.55/,"Kopiert said: Hi @gail2 , I am so glad you are getting some sleep at last. I know that not being able to rest is brutal. You are so strong and resilient (by which I mean you can pick yourself up again, and again), and an inspiration to me. When my black dogs occasionally decide to visit, I sometimes think WWGD (What Would Gail Do) and I try to stand up to them and face them off - so thank you. Nick Click to expand... Bless you for saying that its very kind of you. I hope when your black dog depends that you fight with all your might and remember your friends and supporters on here Take care"
1370,/boards/forums/diabetes-more.55/,"The black dog is visiting again. The night b4 last it was bad with visions and voices. During last night I had dreams that were so vivid that they felt very real. Today im very very tired. Yesterday and today I have been colouring like crazy,  it helps me focus my mind on something else apart from the black dog whom I hate and am telling to f*** off every minute of the day and night. Im not going to let it in and make me ill NO WAY. Staff and most of other residents know to leave me alone when im like this and to take no notice of wot I may say. Sometimes the black dog makes me say/think bad things. There's a famous verse that ends I will not go into the night and I firmly believe that. I hope people don't mind me reposting on this thread again, but I thought better that than starting a new thread As always thankyou for letting me post of my issues Gail Xxxxx to all"
1371,/boards/forums/diabetes-more.55/,"gail2 said: The black dog is visiting again. The night b4 last it was bad with visions and voices. During last night I had dreams that were so vivid that they felt very real. Today im very very tired. Yesterday and today I have been colouring like crazy,  it helps me focus my mind on something else apart from the black dog whom I hate and am telling to f*** off every minute of the day and night. Im not going to let it in and make me ill NO WAY. Staff and most of other residents know to leave me alone when im like this and to take no notice of wot I may say. Sometimes the black dog makes me say/think bad things. There's a famous verse that ends I will not go into the night and I firmly believe that. I hope people don't mind me reposting on this thread again, but I thought better that than starting a new thread As always thankyou for letting me post of my issues Gail Xxxxx to all Click to expand... Dig deep @gail2 .  I'll be thinking of you."
1372,/boards/forums/diabetes-more.55/,Hi @gail2 just to let you know thinking about you. As @AndBreathe says -dig deep Nick
1373,/boards/forums/diabetes-more.55/,"gail2 said: Today im hearing voices and seeing thingscaround the edges please not this again have told staff Click to expand... Sending you positive vibes, @gail2 .  I hope you feel better very soon."
1374,/boards/forums/diabetes-more.55/,"Stay safe, Gail. Keep yourself busy if you can, music, some reading, writing, whatever you feel like might help, I know you know yourself best"
1375,/boards/forums/diabetes-more.55/,gail2 said: Today im hearing voices and seeing thingscaround the edges please not this again have told staff Click to expand... Probably a daft thing to say but have you ever tried listening to audiobooks? I get right into them and when my heads going 100 mph they sort of slow me down. Hope things get better soon.
1376,/boards/forums/diabetes-more.55/,Bad night spent all night sitting on edge of bed rocking Backwards and forwards beging them to leave me alone and **** off. In the night we get checked every 2 hours and every time they did checks there i was rocking myself.  Got up today and it's the same. Im so tired just want some sleep that's all Im sorry if im triggering anyone if you want me to stop posting on this thread I will im so sorry
1377,/boards/forums/diabetes-more.55/,"gail2 said: Bad night spent all night sitting on edge of bed rocking Backwards and forwards beging them to leave me alone and **** off. In the night we get checked every 2 hours and every time they did checks there i was rocking myself.  Got up today and it's the same. Im so tired just want some sleep that's all Im sorry if im triggering anyone if you want me to stop posting on this thread I will im so sorry Click to expand... Hope things improve soon Gail, you’ve got this you know how to keep yourself safe"
1378,/boards/forums/diabetes-more.55/,"oh gail so sorry you are experiencing this, sending you wellbeing thoughts along with the violet flame to calm and clear the energies around you. Hope you are feelig better soon."
1379,/boards/forums/diabetes-more.55/,"gail2 said: Im sorry if im triggering anyone if you want me to stop posting on this thread I will im so sorry Click to expand... We are all rooting for you @gail2 You have nothing to apologise for. People here want you to be back to yourself, and feeling better. Hope you are able to get some rest and sleep - is that something staff might be able to help you with?"
1380,/boards/forums/diabetes-more.55/,"Still thinking of you @gail2 .   Your cheerleaders here won't go away. Keep pushing forward.  You are a strong, brave woman."
1381,/boards/forums/diabetes-more.55/,"This forum continues to amaze me with the love and support it shows me. You all have no idea what a difference it makes to my mh and life. Im feeling better today still hearing voices and having visions but now I know they are not real and can't hurt me if that makes sense. If you are struggling please reach out for some help, there are so many people who want to help you Love Gail"
1382,/boards/forums/diabetes-more.55/,"gail2 said: This forum continues to amaze me with the love and support it shows me. You all have no idea what a difference it makes to my mh and life. Im feeling better today still hearing voices and having visions but now I know they are not real and can't hurt me if that makes sense. If you are struggling please reach out for some help, there are so many people who want to help you Love Gail Click to expand... I wanted to put a love but it’s really hard to select anything other than like on my phone Can you spend time doing any of your hobbies today? I’ve just got back from the cinema, saw the sheep detectives which was good"
1383,/boards/forums/diabetes-more.55/,"Glad to see you posting, @gail2 I hope things continue to ease for you."
1384,/boards/forums/diabetes-more.55/,"We all think you are amazing @gail2 - despite your own daily struggles, you always take time to offer support to others - you are a very well loved and amazing contributor to the forum - hang on in there and take care"
1385,/boards/forums/diabetes-more.55/,Im blushing now Thanks
1386,/boards/forums/diabetes-more.55/,"mashedupmatt said: We all think you are amazing @gail2 - despite your own daily struggles, you always take time to offer support to others - you are a very well loved and amazing contributor to the forum - hang on in there and take care Click to expand... AndBreathe said: Glad to see you posting, @gail2 I hope things continue to ease for you. Click to expand... Well said! Great to hear you are feeling better. We are all rooting for you @gail2"
1387,/boards/forums/diabetes-more.55/,"Feeling much better today had about 7 hours sleep last night. In fact to be honest I could do with looking at the inside of my eyelids right now lol. Not seeing things but still hearing very low voices which I can nowtell to bugger off Can I once again thank you all for your kind words of support and kindness it means a hell of a lot to me in this emotional journey  of mine. You folks are brilliant,  kind and lovely Gail/"
1388,/boards/forums/diabetes-more.55/,"Hi @gail2 , I am so glad you are getting some sleep at last. I know that not being able to rest is brutal. You are so strong and resilient (by which I mean you can pick yourself up again, and again), and an inspiration to me. When my black dogs occasionally decide to visit, I sometimes think WWGD (What Would Gail Do) and I try to stand up to them and face them off - so thank you. Nick"
1389,/boards/forums/diabetes-more.55/,"Kopiert said: Hi @gail2 , I am so glad you are getting some sleep at last. I know that not being able to rest is brutal. You are so strong and resilient (by which I mean you can pick yourself up again, and again), and an inspiration to me. When my black dogs occasionally decide to visit, I sometimes think WWGD (What Would Gail Do) and I try to stand up to them and face them off - so thank you. Nick Click to expand... Bless you for saying that its very kind of you. I hope when your black dog depends that you fight with all your might and remember your friends and supporters on here Take care"
1390,/boards/forums/diabetes-more.55/,"The black dog is visiting again. The night b4 last it was bad with visions and voices. During last night I had dreams that were so vivid that they felt very real. Today im very very tired. Yesterday and today I have been colouring like crazy,  it helps me focus my mind on something else apart from the black dog whom I hate and am telling to f*** off every minute of the day and night. Im not going to let it in and make me ill NO WAY. Staff and most of other residents know to leave me alone when im like this and to take no notice of wot I may say. Sometimes the black dog makes me say/think bad things. There's a famous verse that ends I will not go into the night and I firmly believe that. I hope people don't mind me reposting on this thread again, but I thought better that than starting a new thread As always thankyou for letting me post of my issues Gail Xxxxx to all"
1391,/boards/forums/diabetes-more.55/,"gail2 said: The black dog is visiting again. The night b4 last it was bad with visions and voices. During last night I had dreams that were so vivid that they felt very real. Today im very very tired. Yesterday and today I have been colouring like crazy,  it helps me focus my mind on something else apart from the black dog whom I hate and am telling to f*** off every minute of the day and night. Im not going to let it in and make me ill NO WAY. Staff and most of other residents know to leave me alone when im like this and to take no notice of wot I may say. Sometimes the black dog makes me say/think bad things. There's a famous verse that ends I will not go into the night and I firmly believe that. I hope people don't mind me reposting on this thread again, but I thought better that than starting a new thread As always thankyou for letting me post of my issues Gail Xxxxx to all Click to expand... Dig deep @gail2 .  I'll be thinking of you."
1392,/boards/forums/diabetes-more.55/,Hi @gail2 just to let you know thinking about you. As @AndBreathe says -dig deep Nick
1393,/boards/forums/diabetes-more.55/,Hi @gail2 I am very new here but in my short time viewing the forum you have shone as someone who cares for others and is always willing to help with advice. I am sure that we are all wishing you well and know that you are strong enough to get through this. Take care and beat this.
1394,/boards/forums/diabetes-more.55/,"Hi Gail In 2017 and 2019 I had two psychotic depression episodes which as you probably know is like having a short period of delusions , hallucinations and fear When life is very stressful and we have very intense periods of mental health difficultiesxwe sometimes simply get overwhelmed and need support of our GPs , specialist doctors and our friends and fellow sufferers Same as getting help for a twisted ankle , very nasty headache , bad back X"
1395,/boards/forums/diabetes-more.55/,Hi @gail2 I am very new here but in my short time viewing the forum you have shone as someone who cares for others and is always willing to help with advice. I am sure that we are all wishing you well and know that you are strong enough to get through this. Take care and beat this.
1396,/boards/forums/diabetes-more.55/,"Hi Gail In 2017 and 2019 I had two psychotic depression episodes which as you probably know is like having a short period of delusions , hallucinations and fear When life is very stressful and we have very intense periods of mental health difficultiesxwe sometimes simply get overwhelmed and need support of our GPs , specialist doctors and our friends and fellow sufferers Same as getting help for a twisted ankle , very nasty headache , bad back X"
1397,/boards/forums/diabetes-more.55/,Hi @gail2 I am very new here but in my short time viewing the forum you have shone as someone who cares for others and is always willing to help with advice. I am sure that we are all wishing you well and know that you are strong enough to get through this. Take care and beat this.
1398,/boards/forums/diabetes-more.55/,"Hi Gail In 2017 and 2019 I had two psychotic depression episodes which as you probably know is like having a short period of delusions , hallucinations and fear When life is very stressful and we have very intense periods of mental health difficultiesxwe sometimes simply get overwhelmed and need support of our GPs , specialist doctors and our friends and fellow sufferers Same as getting help for a twisted ankle , very nasty headache , bad back X"
1399,/boards/forums/diabetes-more.55/,"My appointments tomorrow at 415pm and im bricking it. Have written out a short history of my injury.  Ie the fact of wot happened,  how its affected me and my life, the fact that I have seen Mt *** ***** their top man who said i need a complex operation that's not without it's risks. Tomorrow morning I will ask staff for a copy of the meds im on. I have waited 8 months for this appointment and im not going to waste a second of it. I have an appointment with mr ******** but I expect to see one of his housemen. Poor man or it might even be a lady hes not going to know wots hit him im that prepared. Questions like will you do an operation which kind,  how long is the recovery etc How long is the waiting list for that operation.  I know the subject of my weight will come up however I to date lost 6 stone 11 pounds. Also wanna ask about a decent way of controlling my pain ie oromorth (had it in a&e and it worked) or pain patchs. My diabeties is under good control so that should be no issue. Sorry to be posting about this but so bloody nervous about it and i need to vent Thanks for reading"
1400,/boards/forums/diabetes-more.55/,"gail2 said: My appointments tomorrow at 415pm and im bricking it. Have written out a short history of my injury.  Ie the fact of wot happened,  how its affected me and my life, the fact that I have seen Mt *** ***** their top man who said i need a complex operation that's not without it's risks. Tomorrow morning I will ask staff for a copy of the meds im on. I have waited 8 months for this appointment and im not going to waste a second of it. I have an appointment with mr ******** but I expect to see one of his housemen. Poor man or it might even be a lady hes not going to know wots hit him im that prepared. Questions like will you do an operation which kind,  how long is the recovery etc How long is the waiting list for that operation.  I know the subject of my weight will come up however I to date lost 6 stone 11 pounds. Also wanna ask about a decent way of controlling my pain ie oromorth (had it in a&e and it worked) or pain patchs. My diabeties is under good control so that should be no issue. Sorry to be posting about this but so bloody nervous about it and i need to vent Thanks for reading Click to expand... Sounds to me like you have it all sorted for tomorrow. The list of questions is good.   Don't  let yourself to be derailed. Best of luck."
1401,/boards/forums/diabetes-more.55/,"What they can do now, these Orthopaedic Surgeons is incredible - I recently smashed my wrist up and bone was in 4 fragments - they operated and plated and pinned it all back together - Recovery/Physio is still ongoing - I'm not gonna lie, it was painful afterwards, but in terms of pain relief, I was given codeine tablets which did the trick - was told to combine them with paracetamol and ibuprofen in 2 hour cycles - stopped taking them after a week or so Great set of questions by the way - I wish I'd have been so well prepared as you are Wishing you all very best with it, and I know it's easy to say don't worry about it, but you will be in good hands - wishing you all the very best @gail2"
1402,/boards/forums/diabetes-more.55/,I hope it goes well tomorrow @gail2 .
1403,/boards/forums/diabetes-more.55/,"I hope it goes well @gail2 I know you have previously mentioned you do not need anyone else to come in with you which is fair enough. Like you, I am happy to advocate for myself. However, remembering the answers to all my questions can be a bit of a challenge. If this is the case for you, don't be afraid to ask if you can record the session on your phone to refer back to later. (just don't use the Merlin app !)"
1404,/boards/forums/diabetes-more.55/,"Good luck for tomorrow, don't let yourself be hurried and ask for them to send you what they propose in writing if you can."
1405,/boards/forums/diabetes-more.55/,"@gail2 - a list of questions is fine, but at the end of the appointment ask the Doc to give you a minute to check you have covered all your questions.  In an important meeting it can be challenging to remember all the questions you want answered.  A reassuring check can be good. Don't forget it is YOUR appointment.  They have lots of appointments in a day.  You have the one and you are important."
1406,/boards/forums/diabetes-more.55/,NOT A HAPPY BUNNY they have CANCELLED my appointment C***s Staff got a call saying that it was now on the 25th at a different hospital at 10am. A hospital that only has basic things so **** knows wot they are going to say then
1407,/boards/forums/diabetes-more.55/,So sorry to hear that Gail with the pain and discomfort you are in and the fact we all build up to an important appointment and then it is cancelled it feels awful. So sorry once again.
1408,/boards/forums/diabetes-more.55/,"Oh my gosh Gail, I'm so so sorry! That's absolutely horrible! Were you already there or did they give you a call? I'm lost for words by this point, honestly."
1409,/boards/forums/diabetes-more.55/,Was not there thank goodness. They are sending a letter out. Im so ****ed off that looked at the consultant i was to see Mr ******* and he has some private appointments in September at my local spire hospital after the NEW appointment.  I might consider seeing him like that if im not seeing him on the 25th or im unhappy with the results of it if I see someone different. My mind is working overtime now Ps they didt have the balls to call me they called the house phone and told staff didt even ask to speak to me. I have waited for this appointment since just b4 xmas
1410,/boards/forums/diabetes-more.55/,"@gail2 I would hate to wait three weeks. I have a feeling the person who made the new appointment had not seen your medical file so was unaware you are in pain and the urgency. I hope you can get in touch with the hospital, explain the pain and get an earlier appointment with who you want to see. Virtual hugs."
1411,/boards/forums/diabetes-more.55/,YOU ARE NOT GOING TO BELIEVE THIS Call from hospital the appointment is now on only trouble is the hospital transport has been cancelled.  Staff now on phone trying to rebook but at this late time I very much doubt they will be able tp. Will let you know how it goes GOD IM PIXSED OFF
1412,/boards/forums/diabetes-more.55/,Yes this morning staff were not able to get through to cancel transport SO APPOINTMENTS GOING AHEAD. IM IN TEARS of pain because of knees and tears of joy at the news
1413,/boards/forums/diabetes-more.55/,"gail2 said: NOT A HAPPY BUNNY they have CANCELLED my appointment C***s Staff got a call saying that it was now on the 25th at a different hospital at 10am. A hospital that only has basic things so **** knows wot they are going to say then Click to expand... Oh gail, that's frustrating, but take heart. Where I live, we have a small hospital with outpatient facilities.  Inpatient wards were closed because it was too costly to upgrade a very old building.  However, the hospital does hold outpatient clinics with a wide range of specialisms, meaning (some) patients don't have to trvel the 15 miles to the main hospitals. In reality, if your new Consultant wants MRIs or other up-to-date imaging of your leg, it is unlikely it would be done same day.  In most instances a new date is made. I'm so sorry you have had this terrible disappointment.  I came on to see how things had gone for you, never expecting this. Stay strong."
1414,/boards/forums/diabetes-more.55/,gail2 said: Yes this morning staff were not able to get through to cancel transport SO APPOINTMENTS GOING AHEAD. IM IN TEARS of pain because of knees and tears of joy at the news Click to expand... Well that was a rollercoaster to read let alone experience. Did it go ok in the end?
1415,/boards/forums/diabetes-more.55/,**** up ahead Waited for transport at 350pm they called to say they had broken down. Said they would call the clinic to let them know it was not my fault I have emailed Mr ******* sectuary the clinic itself. And left a message at the clinic so one of them should bear fruit. Will give it 48 hours then chase it up
1416,/boards/forums/diabetes-more.55/,"My appointments tomorrow at 415pm and im bricking it. Have written out a short history of my injury.  Ie the fact of wot happened,  how its affected me and my life, the fact that I have seen Mt *** ***** their top man who said i need a complex operation that's not without it's risks. Tomorrow morning I will ask staff for a copy of the meds im on. I have waited 8 months for this appointment and im not going to waste a second of it. I have an appointment with mr ******** but I expect to see one of his housemen. Poor man or it might even be a lady hes not going to know wots hit him im that prepared. Questions like will you do an operation which kind,  how long is the recovery etc How long is the waiting list for that operation.  I know the subject of my weight will come up however I to date lost 6 stone 11 pounds. Also wanna ask about a decent way of controlling my pain ie oromorth (had it in a&e and it worked) or pain patchs. My diabeties is under good control so that should be no issue. Sorry to be posting about this but so bloody nervous about it and i need to vent Thanks for reading"
1417,/boards/forums/diabetes-more.55/,"gail2 said: My appointments tomorrow at 415pm and im bricking it. Have written out a short history of my injury.  Ie the fact of wot happened,  how its affected me and my life, the fact that I have seen Mt *** ***** their top man who said i need a complex operation that's not without it's risks. Tomorrow morning I will ask staff for a copy of the meds im on. I have waited 8 months for this appointment and im not going to waste a second of it. I have an appointment with mr ******** but I expect to see one of his housemen. Poor man or it might even be a lady hes not going to know wots hit him im that prepared. Questions like will you do an operation which kind,  how long is the recovery etc How long is the waiting list for that operation.  I know the subject of my weight will come up however I to date lost 6 stone 11 pounds. Also wanna ask about a decent way of controlling my pain ie oromorth (had it in a&e and it worked) or pain patchs. My diabeties is under good control so that should be no issue. Sorry to be posting about this but so bloody nervous about it and i need to vent Thanks for reading Click to expand... Sounds to me like you have it all sorted for tomorrow. The list of questions is good.   Don't  let yourself to be derailed. Best of luck."
1418,/boards/forums/diabetes-more.55/,"What they can do now, these Orthopaedic Surgeons is incredible - I recently smashed my wrist up and bone was in 4 fragments - they operated and plated and pinned it all back together - Recovery/Physio is still ongoing - I'm not gonna lie, it was painful afterwards, but in terms of pain relief, I was given codeine tablets which did the trick - was told to combine them with paracetamol and ibuprofen in 2 hour cycles - stopped taking them after a week or so Great set of questions by the way - I wish I'd have been so well prepared as you are Wishing you all very best with it, and I know it's easy to say don't worry about it, but you will be in good hands - wishing you all the very best @gail2"
1419,/boards/forums/diabetes-more.55/,I hope it goes well tomorrow @gail2 .
1420,/boards/forums/diabetes-more.55/,"I hope it goes well @gail2 I know you have previously mentioned you do not need anyone else to come in with you which is fair enough. Like you, I am happy to advocate for myself. However, remembering the answers to all my questions can be a bit of a challenge. If this is the case for you, don't be afraid to ask if you can record the session on your phone to refer back to later. (just don't use the Merlin app !)"
1421,/boards/forums/diabetes-more.55/,"Good luck for tomorrow, don't let yourself be hurried and ask for them to send you what they propose in writing if you can."
1422,/boards/forums/diabetes-more.55/,"@gail2 - a list of questions is fine, but at the end of the appointment ask the Doc to give you a minute to check you have covered all your questions.  In an important meeting it can be challenging to remember all the questions you want answered.  A reassuring check can be good. Don't forget it is YOUR appointment.  They have lots of appointments in a day.  You have the one and you are important."
1423,/boards/forums/diabetes-more.55/,NOT A HAPPY BUNNY they have CANCELLED my appointment C***s Staff got a call saying that it was now on the 25th at a different hospital at 10am. A hospital that only has basic things so **** knows wot they are going to say then
1424,/boards/forums/diabetes-more.55/,So sorry to hear that Gail with the pain and discomfort you are in and the fact we all build up to an important appointment and then it is cancelled it feels awful. So sorry once again.
1425,/boards/forums/diabetes-more.55/,"Oh my gosh Gail, I'm so so sorry! That's absolutely horrible! Were you already there or did they give you a call? I'm lost for words by this point, honestly."
1426,/boards/forums/diabetes-more.55/,Was not there thank goodness. They are sending a letter out. Im so ****ed off that looked at the consultant i was to see Mr ******* and he has some private appointments in September at my local spire hospital after the NEW appointment.  I might consider seeing him like that if im not seeing him on the 25th or im unhappy with the results of it if I see someone different. My mind is working overtime now Ps they didt have the balls to call me they called the house phone and told staff didt even ask to speak to me. I have waited for this appointment since just b4 xmas
1427,/boards/forums/diabetes-more.55/,"@gail2 I would hate to wait three weeks. I have a feeling the person who made the new appointment had not seen your medical file so was unaware you are in pain and the urgency. I hope you can get in touch with the hospital, explain the pain and get an earlier appointment with who you want to see. Virtual hugs."
1428,/boards/forums/diabetes-more.55/,YOU ARE NOT GOING TO BELIEVE THIS Call from hospital the appointment is now on only trouble is the hospital transport has been cancelled.  Staff now on phone trying to rebook but at this late time I very much doubt they will be able tp. Will let you know how it goes GOD IM PIXSED OFF
1429,/boards/forums/diabetes-more.55/,Yes this morning staff were not able to get through to cancel transport SO APPOINTMENTS GOING AHEAD. IM IN TEARS of pain because of knees and tears of joy at the news
1430,/boards/forums/diabetes-more.55/,"gail2 said: NOT A HAPPY BUNNY they have CANCELLED my appointment C***s Staff got a call saying that it was now on the 25th at a different hospital at 10am. A hospital that only has basic things so **** knows wot they are going to say then Click to expand... Oh gail, that's frustrating, but take heart. Where I live, we have a small hospital with outpatient facilities.  Inpatient wards were closed because it was too costly to upgrade a very old building.  However, the hospital does hold outpatient clinics with a wide range of specialisms, meaning (some) patients don't have to trvel the 15 miles to the main hospitals. In reality, if your new Consultant wants MRIs or other up-to-date imaging of your leg, it is unlikely it would be done same day.  In most instances a new date is made. I'm so sorry you have had this terrible disappointment.  I came on to see how things had gone for you, never expecting this. Stay strong."
1431,/boards/forums/diabetes-more.55/,gail2 said: Yes this morning staff were not able to get through to cancel transport SO APPOINTMENTS GOING AHEAD. IM IN TEARS of pain because of knees and tears of joy at the news Click to expand... Well that was a rollercoaster to read let alone experience. Did it go ok in the end?
1432,/boards/forums/diabetes-more.55/,**** up ahead Waited for transport at 350pm they called to say they had broken down. Said they would call the clinic to let them know it was not my fault I have emailed Mr ******* sectuary the clinic itself. And left a message at the clinic so one of them should bear fruit. Will give it 48 hours then chase it up
1433,/boards/forums/diabetes-more.55/,Have found a really good nice hairdresser. Next Friday im after a patch test im having it dyed. Can you guess wot colour? Bear in mind im a wiccan witch I will give you a small hint it's my favourite colour. Im 60 years old and there's a rather famous poem about that colour Will let you all guess there's a gold star for the first correct one Ps have had hair done today and am feeling rather glamorous
1434,/boards/forums/diabetes-more.55/,"My guess would be purple. When I have my hair coloured, I tend to go for the redder tones - orange, red, pink and touching on purple but only in combination with pink and red. I look forward to seeing you in your glory. It is lovely to treat oneself."
1435,/boards/forums/diabetes-more.55/,I'm guessing purple as well. Pictures or it didn't happen!!
1436,/boards/forums/diabetes-more.55/,gail2 said: Have found a really good nice hairdresser. Next Friday im after a patch test im having it dyed. Can you guess wot colour? Bear in mind im a wiccan witch I will give you a small hint it's my favourite colour. Im 60 years old and there's a rather famous poem about that colour Will let you all guess there's a gold star for the first correct one Ps have had hair done today and am feeling rather glamorous Click to expand... Purple
1437,/boards/forums/diabetes-more.55/,C'mon @gail2 - let's see! Let's see!!
1438,/boards/forums/diabetes-more.55/,"gail2 said: Have found a really good nice hairdresser. Next Friday im after a patch test im having it dyed. Can you guess wot colour? Bear in mind im a wiccan witch I will give you a small hint it's my favourite colour. Im 60 years old and there's a rather famous poem about that colour Will let you all guess there's a gold star for the first correct one Ps have had hair done today and am feeling rathe gail2 said: Have found a really good nice hairdresser. Next Friday im after a patch test im having it dyed. Can you guess wot colour? Bear in mind im a wiccan witch I will give you a small hint it's my favourite colour. Im 60 years old and there's a rather famous poem about that colour Will let you all guess there's a gold star for the first correct one Ps have had hair done today and am feeling rather Click to expand... Click to expand... My hair is a complete mess and hasn't  been coloured for months. So I decided when  I can walk to hairdresser on my restored legs, then i will deal with the hair issue. Legs are slowly improving but still a way to go. Meanwhile I resemble Carol Klein (Gardeners World) and  might leave the colouring, but will  now concentrate on legs who are currently behaving"
1439,/boards/forums/diabetes-more.55/,You are all right. Just have to have patch test in week. Then next Friday I go purple
1440,/boards/forums/diabetes-more.55/,"I swapped my shoulder length hair for a buzz cut in 1981 and started shaving it completely around the turn of the millennium so I can't really relate. There are lots of baldies in my family tree so it is no surprise that my hair has mostly disappeared. If I meet a comb-over man I always say ""Come over to the shiny side we are way cooler."""
1441,/boards/forums/diabetes-more.55/,"Chris Hobson said: I swapped my shoulder length hair for a buzz cut in 1981 and started shaving it completely around the turn of the millennium so I can't really relate. There are lots of baldies in my family tree so it is no surprise that my hair has mostly disappeared. If I meet a comb-over man I always say ""Come over to the shiny side we are way cooler."" Click to expand... Nothing wrong with bald men, I find them very sexy, there's something about their this is me attude just a accept it"
1442,/boards/forums/diabetes-more.55/,Just had a patch test behind my right ear. She's coming Friday about 330pm im excited like a child at Xmas and a wee bit nervous
1443,/boards/forums/diabetes-more.55/,"""Nothing wrong with bald men..."" I've never had any kind of hang up about it. Looking back at old photographs, long hair really didn't suit me. The karate gang mostly had short hair so I sort of went along with that for a time. Shaving it is very low maintenance. You see a fair few that have gone over to the shiny side at the gym and not all of them are oldies like me who would be mostly bald anyway."
1444,/boards/forums/diabetes-more.55/,Pics not brill but you get the idea
1445,/boards/forums/diabetes-more.55/,It looks amazing Gail
1446,/boards/forums/diabetes-more.55/,"gail2 said: Pics not brill but you get the idea Click to expand... Now why is it that whatever purple colourant I use my hair is never purple, pink, blue, green but not PURPLE. It looks fab"
1447,/boards/forums/diabetes-more.55/,"Leadinglights said: Now why is it that whatever purple colourant I use my hair is never purple, pink, blue, green but not PURPLE. It looks fab Click to expand... I don't know what your natural hair colour is but it can affect the result of hair dye. Anything in the blue range can turn green which is why I had to have my hair bleached and then dyed when I go for blue or bluer purple. The bleach is not needed when I go for the red tones - red, pink, orange. A good hair dresser should be able to predict how the dye will take with your type of hair and advise."
1448,/boards/forums/diabetes-more.55/,"helli said: I don't know what your natural hair colour is but it can affect the result of hair dye. Anything in the blue range can turn green which is why I had to have my hair bleached and then dyed when I go for blue or bluer purple. The bleach is not needed when I go for the red tones - red, pink, orange. A good hair dresser should be able to predict how the dye will take with your type of hair and advise. Click to expand... Hair colour mostly grey at the roots and brown towards the ends, I have quite long hair. Last time I went to the hairdresser they did lighten it first but it really didn't come out purple more of a dark pink. So at £70 I wasn't all that happy."
1449,/boards/forums/diabetes-more.55/,gail2 said: Pics not brill but you get the idea Click to expand... Fantastic
1450,/boards/forums/diabetes-more.55/,Have found a really good nice hairdresser. Next Friday im after a patch test im having it dyed. Can you guess wot colour? Bear in mind im a wiccan witch I will give you a small hint it's my favourite colour. Im 60 years old and there's a rather famous poem about that colour Will let you all guess there's a gold star for the first correct one Ps have had hair done today and am feeling rather glamorous
1451,/boards/forums/diabetes-more.55/,"My guess would be purple. When I have my hair coloured, I tend to go for the redder tones - orange, red, pink and touching on purple but only in combination with pink and red. I look forward to seeing you in your glory. It is lovely to treat oneself."
1452,/boards/forums/diabetes-more.55/,I'm guessing purple as well. Pictures or it didn't happen!!
1453,/boards/forums/diabetes-more.55/,gail2 said: Have found a really good nice hairdresser. Next Friday im after a patch test im having it dyed. Can you guess wot colour? Bear in mind im a wiccan witch I will give you a small hint it's my favourite colour. Im 60 years old and there's a rather famous poem about that colour Will let you all guess there's a gold star for the first correct one Ps have had hair done today and am feeling rather glamorous Click to expand... Purple
1454,/boards/forums/diabetes-more.55/,C'mon @gail2 - let's see! Let's see!!
1455,/boards/forums/diabetes-more.55/,"gail2 said: Have found a really good nice hairdresser. Next Friday im after a patch test im having it dyed. Can you guess wot colour? Bear in mind im a wiccan witch I will give you a small hint it's my favourite colour. Im 60 years old and there's a rather famous poem about that colour Will let you all guess there's a gold star for the first correct one Ps have had hair done today and am feeling rathe gail2 said: Have found a really good nice hairdresser. Next Friday im after a patch test im having it dyed. Can you guess wot colour? Bear in mind im a wiccan witch I will give you a small hint it's my favourite colour. Im 60 years old and there's a rather famous poem about that colour Will let you all guess there's a gold star for the first correct one Ps have had hair done today and am feeling rather Click to expand... Click to expand... My hair is a complete mess and hasn't  been coloured for months. So I decided when  I can walk to hairdresser on my restored legs, then i will deal with the hair issue. Legs are slowly improving but still a way to go. Meanwhile I resemble Carol Klein (Gardeners World) and  might leave the colouring, but will  now concentrate on legs who are currently behaving"
1456,/boards/forums/diabetes-more.55/,You are all right. Just have to have patch test in week. Then next Friday I go purple
1457,/boards/forums/diabetes-more.55/,"I swapped my shoulder length hair for a buzz cut in 1981 and started shaving it completely around the turn of the millennium so I can't really relate. There are lots of baldies in my family tree so it is no surprise that my hair has mostly disappeared. If I meet a comb-over man I always say ""Come over to the shiny side we are way cooler."""
1458,/boards/forums/diabetes-more.55/,"Chris Hobson said: I swapped my shoulder length hair for a buzz cut in 1981 and started shaving it completely around the turn of the millennium so I can't really relate. There are lots of baldies in my family tree so it is no surprise that my hair has mostly disappeared. If I meet a comb-over man I always say ""Come over to the shiny side we are way cooler."" Click to expand... Nothing wrong with bald men, I find them very sexy, there's something about their this is me attude just a accept it"
1459,/boards/forums/diabetes-more.55/,Just had a patch test behind my right ear. She's coming Friday about 330pm im excited like a child at Xmas and a wee bit nervous
1460,/boards/forums/diabetes-more.55/,"""Nothing wrong with bald men..."" I've never had any kind of hang up about it. Looking back at old photographs, long hair really didn't suit me. The karate gang mostly had short hair so I sort of went along with that for a time. Shaving it is very low maintenance. You see a fair few that have gone over to the shiny side at the gym and not all of them are oldies like me who would be mostly bald anyway."
1461,/boards/forums/diabetes-more.55/,Pics not brill but you get the idea
1462,/boards/forums/diabetes-more.55/,It looks amazing Gail
1463,/boards/forums/diabetes-more.55/,"gail2 said: Pics not brill but you get the idea Click to expand... Now why is it that whatever purple colourant I use my hair is never purple, pink, blue, green but not PURPLE. It looks fab"
1464,/boards/forums/diabetes-more.55/,"Leadinglights said: Now why is it that whatever purple colourant I use my hair is never purple, pink, blue, green but not PURPLE. It looks fab Click to expand... I don't know what your natural hair colour is but it can affect the result of hair dye. Anything in the blue range can turn green which is why I had to have my hair bleached and then dyed when I go for blue or bluer purple. The bleach is not needed when I go for the red tones - red, pink, orange. A good hair dresser should be able to predict how the dye will take with your type of hair and advise."
1465,/boards/forums/diabetes-more.55/,"helli said: I don't know what your natural hair colour is but it can affect the result of hair dye. Anything in the blue range can turn green which is why I had to have my hair bleached and then dyed when I go for blue or bluer purple. The bleach is not needed when I go for the red tones - red, pink, orange. A good hair dresser should be able to predict how the dye will take with your type of hair and advise. Click to expand... Hair colour mostly grey at the roots and brown towards the ends, I have quite long hair. Last time I went to the hairdresser they did lighten it first but it really didn't come out purple more of a dark pink. So at £70 I wasn't all that happy."
1466,/boards/forums/diabetes-more.55/,gail2 said: Pics not brill but you get the idea Click to expand... Fantastic
1467,/boards/forums/diabetes-more.55/,"An Omega Seamaster wristwatch just appeared on Facebook Marketplace for £150. Wifey shows me it on her phone and asks me if I'm interested. I have a good look at the pictures an then say hell yes. Once the seller realises that I am willing to drive about seventy miles tonight with cash in hand he admits that the watch is a fake. I presume that he knew that there was a good chance that I knew enough about watches to know it wasn't a real one and would be ****ed off that I had driven all that way for nothing. I'm left with having to do a little introspection. If the watch had a quartz movement I would have spotted instantly that it was a fake. If it had a generic mechanical movement it wouldn't have been quite so obvious so I might have missed it, I'm really not that much of an expert. At worst £150 was probably what it was worth so nothing would have been lost. My next thought was, had it been the genuine article, how had he acquired it without knowing what it cost? Had he inherited it, been gifted it, or was it stolen? In any case I would still feel bad about having ripped him off, I'm cursed with a conscience I suppose. Actually I don't think it's a curse, I sleep soundly at night. Follow the link on the comment below, it looked exactly like that."
1468,/boards/forums/diabetes-more.55/,"OMEGA Seamaster Diver 300M 42mm Co-Axial Master Chronometer Automatic Men's Watch 210.30.42.20.03.001 | Blue, 42 mm | Beaverbrooks Celebrating 25 years as one of OMEGA’s most iconic collections, this handsome OMEGA Seamaster Diver 300M 42mm Co-Axial Master Chronometer Automatic Men's Watch has been redesigned to achieve new levels of precision.      At A Glance        Fastened with a brushed and polished stainless steel... www.beaverbrooks.co.uk"
1469,/boards/forums/diabetes-more.55/,"An Omega Seamaster wristwatch just appeared on Facebook Marketplace for £150. Wifey shows me it on her phone and asks me if I'm interested. I have a good look at the pictures an then say hell yes. Once the seller realises that I am willing to drive about seventy miles tonight with cash in hand he admits that the watch is a fake. I presume that he knew that there was a good chance that I knew enough about watches to know it wasn't a real one and would be ****ed off that I had driven all that way for nothing. I'm left with having to do a little introspection. If the watch had a quartz movement I would have spotted instantly that it was a fake. If it had a generic mechanical movement it wouldn't have been quite so obvious so I might have missed it, I'm really not that much of an expert. At worst £150 was probably what it was worth so nothing would have been lost. My next thought was, had it been the genuine article, how had he acquired it without knowing what it cost? Had he inherited it, been gifted it, or was it stolen? In any case I would still feel bad about having ripped him off, I'm cursed with a conscience I suppose. Actually I don't think it's a curse, I sleep soundly at night. Follow the link on the comment below, it looked exactly like that."
1470,/boards/forums/diabetes-more.55/,"OMEGA Seamaster Diver 300M 42mm Co-Axial Master Chronometer Automatic Men's Watch 210.30.42.20.03.001 | Blue, 42 mm | Beaverbrooks Celebrating 25 years as one of OMEGA’s most iconic collections, this handsome OMEGA Seamaster Diver 300M 42mm Co-Axial Master Chronometer Automatic Men's Watch has been redesigned to achieve new levels of precision.      At A Glance        Fastened with a brushed and polished stainless steel... www.beaverbrooks.co.uk"
1471,/boards/forums/diabetes-more.55/,"Looks like we’ve lost the original thread so I’ve started a new one. I’m assuming, like me, you fellow bookworms got lots of books from Santa. I had a list which I distributed to the family and got all but one, plus some I didn’t ask for. One of them was the new Strike book. The Running Grave. It is over 900 pages long and weighs a ton! I’ve read most of the other ones I received but wanted to be able to give Strike my full attention, remember the Ink Black Heart! Yesterday, my daughter finished work to go on maternity leave so I’ve no more regular child care for 10 months. I’m hoping it won’t take that long! I’m going in….wish me luck!"
1472,/boards/forums/diabetes-more.55/,"I've just finished 'Ultra Processed People' and have started a Stephen King book (Insomnia), but I have a huge pile of 'to read' books which is mainly a mix of horror and science fiction. I'm also 20,000 words into a novella I'm writing - started off as a short story inspired by Shirley Jackson but something about it made me want to carry it on. I've been experimenting with AI to 'edit' bits of it as well."
1473,/boards/forums/diabetes-more.55/,"Let me know how you get on, @eggyg . Her Strike books get longer and darker. I’ve got to wait til I see my sister to read it, she got a copy from Santa and will pass it on, ditto the latest Richard Osman, of which I've enjoyed the first 3 of the series. Meanwhile I’ve been having an Agatha Christie and Dorothy Sayers revival."
1474,/boards/forums/diabetes-more.55/,"Robin said: Let me know how you get on, @eggyg . Her Strike books get longer and darker. I’ve got to wait til I see my sister to read it, she got a copy from Santa and will pass it on, ditto the latest Richard Osman, of which I've enjoyed the first 3 of the series. Meanwhile I’ve been having an Agatha Christie and Dorothy Sayers revival. Click to expand... I just finished the latest Richard Osman last night. I borrowed it from my grandson. TBF I did buy it for him! I never thought I would like his books as I’m not usually a “cosy crime” reader but I bought the first one on a whim and thought it was pretty good. Grandson liked it too and he bought number two and three and passed them on to me. I think I’d be like Joyce if I ever had to go into a retirement community, ie never shutting up and baking!  They’re light hearted and funny and just the thing to read after Ian McEwan’s Lessons ( that took me over a week, good but wordy) and before The Running Grave. I’ll post progress reports on Strike!"
1475,/boards/forums/diabetes-more.55/,"harbottle said: I've just finished 'Ultra Processed People' and have started a Stephen King book (Insomnia), but I have a huge pile of 'to read' books which is mainly a mix of horror and science fiction. I'm also 20,000 words into a novella I'm writing - started off as a short story inspired by Shirley Jackson but something about it made me want to carry it on. I've been experimenting with AI to 'edit' bits of it as well. Click to expand... Who’s Shirley Jackson? Have you written anything before? @C&E Guy is a published author. Fiction and non fiction. It’s something I’ve thought about over the years but apart from few short stories that no one ever sees, I’ve not even attempted to think of a plot! I’ll leave it to the professionals. Good luck."
1476,/boards/forums/diabetes-more.55/,"I read The Running Grave soon after it came out and it didn’t seem as long as it actually is as I flew through the chapters @eggyg Shirley Jackson is brilliant! I recommend starting with We Have Always Lived in the Castle, if you’re interested. Such a great opening paragraph Here: “My name is Mary Katherine Blackwood. I am eighteen years old, and I live with my sister Constance. I have often thought that with any luck at all I could have been born a werewolf, because the two middle fingers on both my hands are the same length, but I have had to be content with what I had. I dislike washing myself, and dogs, and noise. I like my sister Constance, and Richard Plantagenet, and Amanita phalloides, the death-cup mushroom. Everyone else in my family is dead.” My pile of books to be read grows ever larger! At the moment I’m reading some library books so I can return them. They’re The House of Doors by Tan Twan Eng, author of the Gift of Rain (loved it) and The Garden of Evening Mists. He has a lovely style of writing. I do prefer his earlier two books but am enjoying this one too. Also, Pathenogenesis (non-fiction, about how diseases shaped our history and our world)."
1477,/boards/forums/diabetes-more.55/,"I started a Will Self book, ""Shark"", after watching a video of him talking about his writing process. I find him an entertaining and engaging speaker, saw him at a book launch many years ago in Brighton, but I've struggled with his books...and after a good start I'm struggling with this one too. Stream of consciousness, no paragraphs or breaks of any kind...feels like an assault. I've just finished The Satsuma Complex by Bob Mortimer just to prove I'm not a literary masochist. That was a bit...meh."
1478,/boards/forums/diabetes-more.55/,Just finished Illegal Action by Stella Rimington ( ex Director of MI5. Just started Written in bone by Sue Black (Forensic Anthropologist).
1479,/boards/forums/diabetes-more.55/,"grovesy said: Just finished Illegal Action by Stella Rimington ( ex Director of MI5. Just started Written in bone by Sue Black (Forensic Anthropologist). Click to expand... I’ve just read All that remains, by Professor Dame Sue Black, to give her her full title, My daughter did an MSc in Medical Illustration at Dundee while Prof Black was Head of Department there, and apparently she insisted on full titles at all times for herself and all the academic staff! She then refers to her colleague Chris Rynn , (who was my daughter's tutor) several times in the book, instead of Dr Chris Rynn! ) Fascinating woman, with a tremendous capacity for work, but some of the things she saw in Kosovo whilst investigating war crimes are harrowing."
1480,/boards/forums/diabetes-more.55/,"Robin said: I’ve just read All that remains, by Professor Dame Sue Black, to give her her full title, My daughter did an MSc in Medical Illustration at Dundee while Prof Black was Head of Department there, and apparently she insisted on full titles at all times for herself and all the academic staff! She then refers to her colleague Chris Rynn , (who was my daughter's tutor) several times in the book, instead of Dr Chris Rynn! ) Fascinating woman, with a tremendous capacity for work, but some of the things she saw in Kosovo whilst investigating war crimes are harrowing. Click to expand... I have already read the All that remains book. On the cover of the book she is just called  Sue Black."
1481,/boards/forums/diabetes-more.55/,"grovesy said: I have already read the All that remains book. On the cover of the book she is just called  Sue Black. Click to expand... Yes she is, which I found amusing, presume she was ambushed by the Editor!"
1482,/boards/forums/diabetes-more.55/,"eggyg said: Who’s Shirley Jackson? Have you written anything before? @C&E Guy is a published author. Fiction and non fiction. It’s something I’ve thought about over the years but apart from few short stories that no one ever sees, I’ve not even attempted to think of a plot! I’ll leave it to the professionals. Good luck. Click to expand... She was a US author in the post-war years (She died in 1965). She wrote a story called The Lottery which has been made into films and plays many times (And songs!) and the novel upon which the movie The Haunting was based on. I've written loads before and  had a handful of short horror/sf stories published, but rarely have the time to edit stuff and do anything with it! Tend to prefer short stories these days, though, so the current Novella is unusual. I'm just about getting to the end scenes!"
1483,/boards/forums/diabetes-more.55/,"Robin said: I’ve just read All that remains, by Professor Dame Sue Black, to give her her full title, My daughter did an MSc in Medical Illustration at Dundee while Prof Black was Head of Department there, and apparently she insisted on full titles at all times for herself and all the academic staff! She then refers to her colleague Chris Rynn , (who was my daughter's tutor) several times in the book, instead of Dr Chris Rynn! ) Fascinating woman, with a tremendous capacity for work, but some of the things she saw in Kosovo whilst investigating war crimes are harrowing. Click to expand... She did some of the Christmas Lectures on the BBC 2022, she may have done last year too but didn’t catch any, I thought she was brilliant at explaining it all to the younger element of society ( and me). I really enjoyed watching her. I’m interested in reading some of her work now. ( Adds even more books to my ever growing TBR list!)"
1484,/boards/forums/diabetes-more.55/,"eggyg said: She did some of the Christmas Lectures on the BBC 2022, she may have done last year too but didn’t catch any, I thought she was brilliant at explaining it all to the younger element of society ( and me). I really enjoyed watching her. I’m interested in reading some of her work now. ( Adds even more books to my ever growing TBR list!) Click to expand... Yes, I remember the 2022 ones, they were fascinating."
1485,/boards/forums/diabetes-more.55/,"I am listening to Finding Hildasay by Christian Lewis. I listen on BorrowBox which is a free audiobook and ebook app through my local library. It’s a fantastic book, I have a complete obsession with Scottish islands and when this guy says he was aiming to walk the uk coastline, he was doing it properly, including all the tiny islands."
1486,/boards/forums/diabetes-more.55/,"eggyg said: Looks like we’ve lost the original thread so I’ve started a new one. I’m assuming, like me, you fellow bookworms got lots of books from Santa. I had a list which I distributed to the family and got all but one, plus some I didn’t ask for. One of them was the new Strike book. The Running Grave. It is over 900 pages long and weighs a ton! I’ve read most of the other ones I received but wanted to be able to give Strike my full attention, remember the Ink Black Heart! Yesterday, my daughter finished work to go on maternity leave so I’ve no more regular child care for 10 months. I’m hoping it won’t take that long! I’m going in….wish me luck! Click to expand... Fabulous a sort of book group.  Thank you. I am currently reading Wilkie Collins - Woman in White. Next on list is Frankenstein (sp?). A while ago I realised my pile of books was no longer, I  had read them all. My annual re read book is The Great Gatsby."
1487,/boards/forums/diabetes-more.55/,I’m a third of the way through The Running Grave. Really enjoying it.
1488,/boards/forums/diabetes-more.55/,"@Robin I’ve finished it! I really, really enjoyed it. Best so far I think. It didn’t seem like 945 pages. I went to bed last night at 8.30 so I could get it finished. I can’t concentrate when the telly is on. Got it finished 10.45. Then slept until 6 which is very rare for me. Get it off your sister ASAP."
1489,/boards/forums/diabetes-more.55/,"Just finished Written in Bone. Now started The Legacy by Yara Sigurdardotor, it is a Scandi novel."
1490,/boards/forums/diabetes-more.55/,I’m listening to Becoming Michelle Obama on audiobook from the library
1491,/boards/forums/diabetes-more.55/,"I was saddened this morning to hear that one of my favourite authors, Christopher Priest, has died. Might be reading one of his novels later!"
1492,/boards/forums/diabetes-more.55/,"Was going to answer 3.6 (Hmm I did), then realised you meant books! Tis the reason I stopped helping my son with with maths homework as I was embarrassing myself :-D"
1493,/boards/forums/diabetes-more.55/,"I am getting back into reading. On holiday I finished 'Fourth Wing' a fantasy+romance that's very popular at the moment. It's aimed at a slightly older public than the usual Young Adult Fantasy, so there is a few explicit sex scenes and a whole lot of swearing. A bit much in my opinion, maybe I am just not used to seeing that in books. It is a bit cliché in some areas but I still found it very enjoyable and was obsessed like a teenager for a week An interesting thing is the main character has a disability and she has added difficulties  and has to make her adjustments to get through this dragon military training school. I have to admit, at some points I thought it was not very realistic she would succeed in this training with her physical limitations. Then I told myself... There are f***ING dragons in this book. Realism is not the main thing. And I guess would be a nice read for people with a similar condition. Hmm, should I write a fantasy heroine with diabetes?"
1494,/boards/forums/diabetes-more.55/,"Now I'm reading an essay book that my brother gifted me. I don't normally read non-fiction but this one is interesting, it talks about the origins of books and the libraries of the ancient world. I was looking for the translation of the title to share with you. The original in Spanish is ""The infinite in a reed"", in reference to the papyrus reed, and I guess the infinite possibilities of books? I think is a beautiful title. Was a bit disappointed to see for the English market they just changed the title to ""Papyrus"" (by Irene Vallejo). Oh well, I didn't know the word ""reed"" so at least I learnt something new!"
1495,/boards/forums/diabetes-more.55/,I'm re-reading Lord of the Rings (Currently halfway through the second book) and God Emperor of Dune.
1496,/boards/forums/diabetes-more.55/,"Finished reading Roger Daltrey autobiography last night, read it over 5 days it was so good, don't usually get through books that quick."
1497,/boards/forums/diabetes-more.55/,"I'm reading 'The Prophet and the Idiot' by Jonas Jonasson which is another eccentric, funny book from the author of 'The Accidental Further Adventures of the 100 Year Old Man' which was equally eccentric and full of characters involved in escapades that they get out of using their own form of illogical logic. Crazy people chasing around Europe with mad agendas really. I just finished 'Folk' by Zoe Gilbert which is quite magical although maybe not to everyone's taste. Check out the sample on Amazon."
1498,/boards/forums/diabetes-more.55/,I am reading 'The Invisible Woman'. It's about C. Dickens  and his relationship (or not) with Nelly Ternan. Hmm.
1499,/boards/forums/diabetes-more.55/,"I read an article on ""HR & People"" in a business magazine in the waiting area today.. Very different to the reality I experienced in my last four jobs. The first two started with good Personnel that morphed to HR with the personnel managers being axed. All seemed to treat people like PCs to be used and disregarded. Last but one job they backed a request for me to go to a toilet cubicle for finger prick BG checks despite me doing them under the desk! Last job got made redundant 10;weeks after returning from bypass surgery. As I was then doing a 0.4 week I got 40% of what I expected as they could legally count the full time years as years of service. Meanwhile the owners enjoyed horses, Porsches and skiing holidays. I call HR Human Remains!"
1500,/boards/forums/diabetes-more.55/,"Just as an alternative to the novels and autobiographies others have been reading, I have just started:- ""Making Natural Hoof Care Work for You"" by Pete Ramey. Hopefully it is going to help me improve my hoof trimming skills. Somehow I doubt I will be able to tempt anyone else here to give it a whirl"""
1501,/boards/forums/diabetes-more.55/,"rebrascora said: Just as an alternative to the novels and autobiographies others have been reading, I have just started:- ""Making Natural Hoof Care Work for You"" by Pete Ramey. Hopefully it is going to help me improve my hoof trimming skills. Somehow I doubt I will be able to tempt anyone else here to give it a whirl"" Click to expand... Yeah, it sounds like the intended public for that book is quite specific... There is a few other people with horses in the forum, tho, so you might be surprised!"
1502,/boards/forums/diabetes-more.55/,"rebrascora said: Just as an alternative to the novels and autobiographies others have been reading, I have just started:- ""Making Natural Hoof Care Work for You"" by Pete Ramey. Hopefully it is going to help me improve my hoof trimming skills. Somehow I doubt I will be able to tempt anyone else here to give it a whirl"" Click to expand... Neigh, haven't  read that one... thought I would be first with horse jokes...sorry!"
1503,/boards/forums/diabetes-more.55/,"rebrascora said: Just as an alternative to the novels and autobiographies others have been reading, I have just started:- ""Making Natural Hoof Care Work for You"" by Pete Ramey. Hopefully it is going to help me improve my hoof trimming skills. Somehow I doubt I will be able to tempt anyone else here to give it a whirl"" Click to expand... Not a horsey person at all (I did a hack once with my girlfriend at the time which I quite enjoyed on a horse called Breeze which I thought was an ideal name for him as he seemed a very docile chap) but I did read Monty Roberts' autobiography which I very much enjoyed."
1504,/boards/forums/diabetes-more.55/,I don't think I'll saddle myself with either of those.
1505,/boards/forums/diabetes-more.55/,Just finished Berta Isla by Javier Marías which I really enjoyed. Now starting Don Quichotte by Salman Rushdie
1506,/boards/forums/diabetes-more.55/,"I’ve just finished a dystopian novel, although it wasn’t described as such, Metronome by Tom Watson. I heard about it on Sara Cox’s BBC2 programme Between The Covers a while ago. I found it second hand last week so grabbed it. It was a different read for me and whilst on the whole I enjoyed it, the premise was,  a couple get sent to a remote island for a crime they committed and are ruled by a clock that dispenses pills every 12 hours that keeps them alive, I was left wanting at times. But it’s good to step away from my preferred genre of crime at times. Back to crime with Belinda Bauer’s The Beautiful Dead, this is an older one of her’s, I’ve read a couple of her newer ones, and liked her style. They are all standalones which I like."
1507,/boards/forums/diabetes-more.55/,I’m ploughing through John Carter by Edgar Rice Burroughs and re reading Carrie  as my daughter bought me a special edition for my birthday
1508,/boards/forums/diabetes-more.55/,"eggyg said: I’ve just finished a dystopian novel, although it wasn’t described as such, Metronome by Tom Watson. I heard about it on Sara Cox’s BBC2 programme Under The Covers a while ago. I found it second hand last week so grabbed it. It was a different read for me and whilst on the whole I enjoyed it, the premise was,  a couple get sent to a remote island for a crime they committed and are ruled by a clock that dispenses pills every 12 hours that keeps them alive, I was left wanting at times. But it’s good to step away from my preferred genre of crime at times. Back to crime with Belinda Bauer’s The Beautiful Dead, this is an older one of her’s, I’ve read a couple of her newer ones, and liked her style. They are all standalones which I like. Click to expand... Whilst I like detective novels I hate the increasing trend to create a series with continuous back references. I have no desire to constantly re-read about a detective's previous cases,  dysfunctional family life (alcoholic brother, alcoholic mother, murdered relative, dead child, etc. that add zilch) and one even rambled on about searching for a house and mortgage. I can't ever recall Jack Regan or Morse pooping into the Shabbey National for a chat so will check out Belinda Bauer - any recommendations?"
1509,/boards/forums/diabetes-more.55/,"I've been reading and listening to information of Food for the Brain which covers many health issues including diabetes.  I did there CF test and scored zero risk for Alzheimers so I must be doing something right in the diet, although my orange area did say I need to reduce carbs more.  I admit I am very naughty at times with the carbs. More info here if anyone wants to investigate: Food for the Brain - Nutrition, Cognitive Health and Mental Wellbeing A charity dedicated to generating awareness about the importance of nutrition and lifestyle for mental wellbeing and cognitive health. foodforthebrain.org I watched their webinar last night very informative."
1510,/boards/forums/diabetes-more.55/,"@MikeyBikey Snap and Exit are the ones I’ve read and enjoyed. Both very different. Rubbernecker seems popular on my FB book clubs, I’m looking out for that in the charity shops. I do read serial detective novels but I’m not precious about reading them in order. In my opinion all books should be able to be read as a stand-alone whether they are not."
1511,/boards/forums/diabetes-more.55/,Finished Past Lying a good read. Now reading To die For by Lisa Gray.
1512,/boards/forums/diabetes-more.55/,I'm reading Silver by Andrew Motion.  It's Treasure Island revisited after 40 years have passed with Jim Hawkins' son and Long John Silver's daughter as the protagonists.  Treasure Island was my favourite book as a kid and one that very much introduced me to visualising characters and settings.  So far it's very engaging and very much in the style of RL Stevenson.
1513,/boards/forums/diabetes-more.55/,"Dead Level by Damien Boyd This is one of the DI Nixon of detective novels. Nixon, himself,  is a Type I diabetic. The plot revolves around animal vs human (no humans involved just vats of bacteria) and came to Boyd's mind after a close friend has a major issue with human insulin. I actually put it down for 15 months and only resumed reading a few days ago as parts of the mid-section were overlong and tedious (just skim read). Good twist at the end. 3.5/5"
1514,/boards/forums/diabetes-more.55/,"Just finished the ""Rose Field"" by Philip Pullman. Dreadful ending. Finished the book and turned the page expecting to find another chapter..... Just starting Dr Bot - about the potential for the use of AI to revolutionize health care"
1515,/boards/forums/diabetes-more.55/,"Finished To Die For, an okay read, was not keen on the style of writing. Started Blood Water Falls by T G Reid."
1516,/boards/forums/diabetes-more.55/,"After reading  Dead Level by Damien Boyd I thought I would try another in the series as they generally get 4/5 ☆ reviews This time I am reading :Head in the Sand "" So gar ot it's less plodding. It was a nightmare to buy as since buying the first book I  have installed the Amazon app. Apparently you cannot buy Kindle books via the app and despite going through the website you end up in the app. I finally did manage to buy it but if u get anything else like this the app is going where the son doesn't shine!"
1517,/boards/forums/diabetes-more.55/,After finishing watching the movie Saturday evening with my wife. I've started reading Project Hail Mary. I'd recommend anyone who loves Sci-Fi to watch the movie.
1518,/boards/forums/diabetes-more.55/,"Finished Blood Water Falls, quite a good read. Now started Guard Her With Your Life by Joy Ellis."
1519,/boards/forums/diabetes-more.55/,"I finished Silver and was a bit surprised by the sudden ending.  I wonder if he was planning a sequel? Now started Dawn French's ""According to Yes"" which promises to be an interesting and funny read"
1520,/boards/forums/diabetes-more.55/,"Finished Guard Her With Your Life, found it a compelling read. Now started Dr Kate Hanson Cold Case Mysteries by A J Cross."
1521,/boards/forums/diabetes-more.55/,"MikeyBikey said: After reading  Dead Level by Damien Boyd I thought I would try another in the series as they generally get 4/5 ☆ reviews This time I am reading :Head in the Sand "" So gar ot it's less plodding. It was a nightmare to buy as since buying the first book I  have installed the Amazon app. Apparently you cannot buy Kindle books via the app and despite going through the website you end up in the app. I finally did manage to buy it but if u get anything else like this the app is going where the sun doesn't shine... Click to expand... This book (Head in the Sand)  flowed better than the previous one (Dead Level). Again an unexpected twist at the end. I do not like the way the main character manages his diabetes - too many pub lunches (mainly fish 'n' chips),to many takeaways and to many delayed/skipped meals resulting in hom feeding on fruit pastilles! Both books refer to previous cases so I have moved on to Book 1 in the series; As The Crow Flies."
1522,/boards/forums/diabetes-more.55/,"Inka said: I read The Running Grave soon after it came out and it didn’t seem as long as it actually is as I flew through the chapters @eggyg Shirley Jackson is brilliant! I recommend starting with We Have Always Lived in the Castle, if you’re interested. Such a great opening paragraph Here: “My name is Mary Katherine Blackwood. I am eighteen years old, and I live with my sister Constance. I have often thought that with any luck at all I could have been born a werewolf, because the two middle fingers on both my hands are the same length, but I have had to be content with what I had. I dislike washing myself, and dogs, and noise. I like my sister Constance, and Richard Plantagenet, and Amanita phalloides, the death-cup mushroom. Everyone else in my family is dead.” My pile of books to be read grows ever larger! At the moment I’m reading some library books so I can return them. They’re The House of Doors by Tan Twan Eng, author of the Gift of Rain (loved it) and The Garden of Evening Mists. He has a lovely style of writing. I do prefer his earlier two books but am enjoying this one too. Also, Pathenogenesis (non-fiction, about how diseases shaped our history and our world). Click to expand... I agree I love Shirley Jackson too.  I bought The Sundial by her today"
1523,/boards/forums/diabetes-more.55/,"Finished Dr.Kate Hanson Cold cases, found it a bit of slog, to read. Now started The Scandal by Mari Hannah."
1524,/boards/forums/diabetes-more.55/,"I’m reading the Silo books by Hugh Howey. I’ve read ‘Wool’, halfway through ‘Shift’, then I’ll move on to ‘Dust’. Really enjoying them. Also listening to the new Harry Potter Bboks on Audio. Loving Hugh Laurie as Dumbledore, and the voice actors are a good match for the film actors."
1525,/boards/forums/diabetes-more.55/,"…Just finished listening to Friends of Dorothy. Written and read by Sandi Toksvig. Really joyful listen. …Started Shrink Solves Murder by Phillipa Perry. Not sure about this one. Had high hopes but it is a bit plodding. Last good read was Scattered Minds, Gabor Mate. Quite eye opening in light of post retirement ADD resurfacing. Happiness is an audiobook, a Cockerpoo and a park full of squirrels.  ️"
1526,/boards/forums/diabetes-more.55/,"I finished Dawn French's book According to Yes and followed it up with her book The Tw*t Files both very funny and well written. I'm now reading Invisible by Paul Auster which is both gripping and disturbing but, as usual, excellent.   I'm also reading a physics book called Visualising Relativity by Lewis Carroll Epstein which is mind bendingly good and clarifies some aspects of Einstein's theories in an astonishingly easy way."
1527,/boards/forums/diabetes-more.55/,"Finished  The Scandal , a good read . Now started Black Fell by Mari Hannah."
1528,/boards/forums/diabetes-more.55/,Finished  Black Fell was a good read. Now started now started Panic by L.J.Ross.
1529,/boards/forums/diabetes-more.55/,"Our book club book for this month was Neither Wolf Nor Dog by Kent Norburn.  It is about the First Nation/native Americans/Indians and more of a documentary than a novel. I was late starting it, and it took me a bit of time to get into it.  There are short chapters and I find I want time to think about each one before moving on, so decided not to rush through it.  The discussion last night has convinced me I want continue to take it slowly. There is so much to think about not only about the treatment of the native population by the colonials, but how this has been repeated again and agin around the world. This one will be dipped in and out of over the summer."
1530,/boards/forums/diabetes-more.55/,grovesy said: Finished  Black Fell was a good read. Now started now started Panic by L.J.Ross. Click to expand... I have liked other LJ Ross books so shall look out for this one.
1531,/boards/forums/diabetes-more.55/,SB2015 said: I have liked other LJ Ross books so shall look out for this one. Click to expand... I have yet to be disappointed with her books.
1532,/boards/forums/diabetes-more.55/,"Finished Panic a good read but seemed to ended abrubtly . Now started Guilty Mothers by Angela Marson, another author I yet to be disappointed by."
1533,/boards/forums/diabetes-more.55/,"MikeyBikey said: This book (Head in the Sand)  flowed better than the previous one (Dead Level). Again an unexpected twist at the end. I do not like the way the main character manages his diabetes - too many pub lunches (mainly fish 'n' chips),to many takeaways and to many delayed/skipped meals resulting in hom feeding on fruit pastilles! Both books refer to previous cases so I have moved on to Book 1 in the series; As The Crow Flies. Click to expand... I enjoyed this book. As the cover suggests climbing comes plays a big part in the story. Although I learned a lot about climbing I don't think I will start now! Although they say the books that make up the series (DC Nick Dixon by Damien Boyd) are best read in order as this one introduces the main characters who develop in this and subsequent books. Best book in the series and the final twist totally believable! Onto ""Kickback"" now. 5/5"
1534,/boards/forums/diabetes-more.55/,"I’m reading “Juice” by Tim Winton . I’m about halfway through (it’s quite a big book) and I’m enjoying it so far. I like his writing. He writes good characters and his style is effortless. The story is quite gripping too, and I’m looking forward to finding out more about what’s happening."
1535,/boards/forums/diabetes-more.55/,I've just read Hands Of Time by Rebecca Struthers. She is half of a husband and wife team who have a watch making and repairing business in an old industrial building in Birmingham. It is a history of watch making and an autobiography so the structure of the book is a little bit strange. Still a jolly good read though.
1536,/boards/forums/diabetes-more.55/,"Fascinating read. Without too much dwelling on the awful state of things, the book concentrates on how it is possible to tax the ultra rich/wealthy to bring more equality and equity to a country where the state can provide the support for its people. Well worth a read. Plus only 67 pages, so doesn’t take ages to get through."
1537,/boards/forums/diabetes-more.55/,Finished Guilty Mothers was a good read. Now started The Raging Storm by Ann Cleeves.
1538,/boards/forums/diabetes-more.55/,Finished Raging Strom a good read. Now started The Haven by L J Ross.
1539,/boards/forums/diabetes-more.55/,"Picked this up today, which I’m Really looking forward to starting once I finish my current pirate romp."
1540,/boards/forums/diabetes-more.55/,"Finished Haven, a good read,with a twist at the end. Now started The Unseen Sister by Andy Maslan."
1541,/boards/forums/diabetes-more.55/,"Finshed The Unseen Sister, a good read. Now started Unnatural Death by Patrica Cornwell."
1542,/boards/forums/diabetes-more.55/,"For years I used to read a lot of books - an avid reader, as they say, but for months lately, probably a year to 18 months I don't think I've read anything Instead I've been watching YouTube Videos - no, not porn I assure you! - on all sorts of subjects - military history, furniture restoration, cookery, wood carving, leatherwork, and many others as YT presented them and I followed the links, prompts, and suggestions This wasn't a conscious decision, it just sort of happened But now I've more or less stopped, I think I've watched enough, though I still watch a couple now & again as I want particular information This means I have a box of unread and part read books, and I've started again At the moment I'm reading 'The Body - A guide For occupants' by Bill Bryson It explains the biology & functioning of the human body in his usual amusing and easy style, which disguises a lot of otherwise dry & boring facts & information You probably wouldn't want to read it all in one go, but it's easy enough to dip into particular sections."
1543,/boards/forums/diabetes-more.55/,Finished Unnatural Death a good read. Now started Belshazzar's Daughter  by Barbra Nadel.
1544,/boards/forums/diabetes-more.55/,"Just finished The Two Robert’s by Damian Barr, which I absolutely loved. Largely set in Glasgow and the Art School, it tells of two boys who met at Glasgow Art School in 1933, their relationship at a time where same sex relationships were 30 years away from being legalised. (Robert Colquhoun and Bobby Macbryde.)   The fact that they made it to Art School from their poor working class background was remarkable and they achieved considerable success, despite suffering episodes of alcoholism. Just started Pilgrims on audible, written and read by Colin Mclauchlan. …From a really tough upbringing in Edinburgh to the SAS, to university and now a successful motivational speaker. I am going through a Scottish phase"
1545,/boards/forums/diabetes-more.55/,"Just started “Don’t Talk About Politics” by Sarah Stein Lubrano. Not so much don’t talk, but rather don’t debate, as debate is where people usually try to “prove” there is only one way to do something, which is their way. Rather have open discussions, where people will generally find a lot more commonality between them than they thought. Only on second chapter, so have to see how the rest goes."
1546,/boards/forums/diabetes-more.55/,I'm working my way through all my Anne Tyler's again. I'm hoping to reread all the books I already own before I pop my clogs.
1547,/boards/forums/diabetes-more.55/,"Finished Belshazzar Daughter a good read. Also read Gone to her Grave by Melinda Leigh, a short read. Now started Drown Her Sorrows also by Melinda Leigh."
1548,/boards/forums/diabetes-more.55/,"Finished Drown Her Sorrows, another good read. Now started Right Behind Her by Melinda Liegh."
1549,/boards/forums/diabetes-more.55/,Finished Right Behind her another good read. Now started Poison Garden by L.J. Ross.
1550,/boards/forums/diabetes-more.55/,"Finished Poison Garden , anothr good readby LJ Ross. Now started Her Last Walk Home by Patrica Gibney, another author who i have yet to read a bad book by them."
1551,/boards/forums/diabetes-more.55/,SB2015 said: I have liked other LJ Ross books so shall look out for this one. Click to expand... I have yet to be disappointed with her books.
1552,/boards/forums/diabetes-more.55/,"Finished Panic a good read but seemed to ended abrubtly . Now started Guilty Mothers by Angela Marson, another author I yet to be disappointed by."
1553,/boards/forums/diabetes-more.55/,"MikeyBikey said: This book (Head in the Sand)  flowed better than the previous one (Dead Level). Again an unexpected twist at the end. I do not like the way the main character manages his diabetes - too many pub lunches (mainly fish 'n' chips),to many takeaways and to many delayed/skipped meals resulting in hom feeding on fruit pastilles! Both books refer to previous cases so I have moved on to Book 1 in the series; As The Crow Flies. Click to expand... I enjoyed this book. As the cover suggests climbing comes plays a big part in the story. Although I learned a lot about climbing I don't think I will start now! Although they say the books that make up the series (DC Nick Dixon by Damien Boyd) are best read in order as this one introduces the main characters who develop in this and subsequent books. Best book in the series and the final twist totally believable! Onto ""Kickback"" now. 5/5"
1554,/boards/forums/diabetes-more.55/,"I’m reading “Juice” by Tim Winton . I’m about halfway through (it’s quite a big book) and I’m enjoying it so far. I like his writing. He writes good characters and his style is effortless. The story is quite gripping too, and I’m looking forward to finding out more about what’s happening."
1555,/boards/forums/diabetes-more.55/,I've just read Hands Of Time by Rebecca Struthers. She is half of a husband and wife team who have a watch making and repairing business in an old industrial building in Birmingham. It is a history of watch making and an autobiography so the structure of the book is a little bit strange. Still a jolly good read though.
1556,/boards/forums/diabetes-more.55/,"Fascinating read. Without too much dwelling on the awful state of things, the book concentrates on how it is possible to tax the ultra rich/wealthy to bring more equality and equity to a country where the state can provide the support for its people. Well worth a read. Plus only 67 pages, so doesn’t take ages to get through."
1557,/boards/forums/diabetes-more.55/,Finished Guilty Mothers was a good read. Now started The Raging Storm by Ann Cleeves.
1558,/boards/forums/diabetes-more.55/,Finished Raging Strom a good read. Now started The Haven by L J Ross.
1559,/boards/forums/diabetes-more.55/,"Picked this up today, which I’m Really looking forward to starting once I finish my current pirate romp."
1560,/boards/forums/diabetes-more.55/,"Finished Haven, a good read,with a twist at the end. Now started The Unseen Sister by Andy Maslan."
1561,/boards/forums/diabetes-more.55/,"Finshed The Unseen Sister, a good read. Now started Unnatural Death by Patrica Cornwell."
1562,/boards/forums/diabetes-more.55/,"For years I used to read a lot of books - an avid reader, as they say, but for months lately, probably a year to 18 months I don't think I've read anything Instead I've been watching YouTube Videos - no, not porn I assure you! - on all sorts of subjects - military history, furniture restoration, cookery, wood carving, leatherwork, and many others as YT presented them and I followed the links, prompts, and suggestions This wasn't a conscious decision, it just sort of happened But now I've more or less stopped, I think I've watched enough, though I still watch a couple now & again as I want particular information This means I have a box of unread and part read books, and I've started again At the moment I'm reading 'The Body - A guide For occupants' by Bill Bryson It explains the biology & functioning of the human body in his usual amusing and easy style, which disguises a lot of otherwise dry & boring facts & information You probably wouldn't want to read it all in one go, but it's easy enough to dip into particular sections."
1563,/boards/forums/diabetes-more.55/,Finished Unnatural Death a good read. Now started Belshazzar's Daughter  by Barbra Nadel.
1564,/boards/forums/diabetes-more.55/,"Just finished The Two Robert’s by Damian Barr, which I absolutely loved. Largely set in Glasgow and the Art School, it tells of two boys who met at Glasgow Art School in 1933, their relationship at a time where same sex relationships were 30 years away from being legalised. (Robert Colquhoun and Bobby Macbryde.)   The fact that they made it to Art School from their poor working class background was remarkable and they achieved considerable success, despite suffering episodes of alcoholism. Just started Pilgrims on audible, written and read by Colin Mclauchlan. …From a really tough upbringing in Edinburgh to the SAS, to university and now a successful motivational speaker. I am going through a Scottish phase"
1565,/boards/forums/diabetes-more.55/,"Just started “Don’t Talk About Politics” by Sarah Stein Lubrano. Not so much don’t talk, but rather don’t debate, as debate is where people usually try to “prove” there is only one way to do something, which is their way. Rather have open discussions, where people will generally find a lot more commonality between them than they thought. Only on second chapter, so have to see how the rest goes."
1566,/boards/forums/diabetes-more.55/,I'm working my way through all my Anne Tyler's again. I'm hoping to reread all the books I already own before I pop my clogs.
1567,/boards/forums/diabetes-more.55/,"Finished Belshazzar Daughter a good read. Also read Gone to her Grave by Melinda Leigh, a short read. Now started Drown Her Sorrows also by Melinda Leigh."
1568,/boards/forums/diabetes-more.55/,"Finished Drown Her Sorrows, another good read. Now started Right Behind Her by Melinda Liegh."
1569,/boards/forums/diabetes-more.55/,Finished Right Behind her another good read. Now started Poison Garden by L.J. Ross.
1570,/boards/forums/diabetes-more.55/,"Finished Poison Garden , anothr good readby LJ Ross. Now started Her Last Walk Home by Patrica Gibney, another author who i have yet to read a bad book by them."
1571,/boards/forums/diabetes-more.55/,Just started Hombre & Three Ten to Yuma. Both great films and a great author of Western tales.
1572,/boards/forums/diabetes-more.55/,Have started to read Val McDermid. I didn't  realise how many books she had written.
1573,/boards/forums/diabetes-more.55/,Sharron1 said: Have started to read Val McDermid. I didn't  realise how many books she had written. Click to expand... I enjoy her books.
1574,/boards/forums/diabetes-more.55/,I’ve just bought my first LJ Ross @grovesy The Cove. I’m assuming it’s fairly new as I got it in Tesco. Looking forward to it. I’ve heard good things about this author.
1575,/boards/forums/diabetes-more.55/,eggyg said: I’ve just bought my first LJ Ross @grovesy The Cove. I’m assuming it’s fairly new as I got it in Tesco. Looking forward to it. I’ve heard good things about this author. Click to expand... Her books are mainly set in the North East.
1576,/boards/forums/diabetes-more.55/,"Forgot to say I use a Kindle for my reading, and I follow L.J.Ross and I get notifications of new releases, so I tend to pre order."
1577,/boards/forums/diabetes-more.55/,"Finished Her Last Walk Home, by Patrica Gibney, not as un puttable down as her previous books . Now started THe Last Word by Elly Griffths."
1578,/boards/forums/diabetes-more.55/,"Is It Just Me? By Miranda Hart. Could loosely be described as an autobiography. Quite silly, funny in places, occasionally profound."
1579,/boards/forums/diabetes-more.55/,"Finished The Last Word, found it hard to get into. An okay read. Now started Where The Bodies Lie by Ed James."
1580,/boards/forums/diabetes-more.55/,Just started the Three Body Problem Science Fiction Trilogy by Cixin Liu. It will probably take me the rest of my life to finish it. I am new to SciFi but got the bug after Project Hail Mary by Andy Weir. Amaze Amaze Amaze
1581,/boards/forums/diabetes-more.55/,Am  now reading The Last Remains by Elly Griffiths.   So far so good.
1582,/boards/forums/diabetes-more.55/,"I'm reading ""Harry Potter a l'ecole des sorciers"".  It's the French edition of Harry Potter and the Philosopher's Stone. I blame my teenage nephew.  He is loving French at school."
1583,/boards/forums/diabetes-more.55/,Notes on an Execution - Danya Kukafta
1584,/boards/forums/diabetes-more.55/,"Tezzz said: I'm reading ""Harry Potter a l'ecole des sorciers"".  It's the French edition of Harry Potter and the Philosopher's Stone. I blame my teenage nephew.  He is loving French at school. Click to expand... I havent read any Harry Potter yet, bu5 know there are Spanish editions. I regularly read books in Spanish to improve my Spanish perhaps this would kill 2 birds with one stone."
1585,/boards/forums/diabetes-more.55/,I read on my kindle now am reading Harry Potter the complete set only another 3 to go
1586,/boards/forums/diabetes-more.55/,"Finished Where the Bodies Lie, not a bad read. Now started Every Move You make by C.L. Taylor."
1587,/boards/forums/diabetes-more.55/,"saffron15 said: I havent read any Harry Potter yet, bu5 know there are Spanish editions. I regularly read books in Spanish to improve my Spanish perhaps this would kill 2 birds with one stone. Click to expand... I'm reading French books to improve my French. I use Kindle on an Android tablet. It's great when I get stuck because I can highlight a word or sentence and translate it."
1588,/boards/forums/diabetes-more.55/,Tezzz said: I'm reading French books to improve my French. I use Kindle on an Android tablet. It's great when I get stuck because I can highlight a word or sentence and translate it. Click to expand... I have lots of Spanish books on my kindle as its much cheaper than a paperback. I did French A level in the seventies and read loads of books camus sartre anouilh merimee etc.
